{"type":"FeatureCollection","features":[{"type":"Feature","geometry":{"type":"Polygon","coordinates":[[[-118.249,34.222],[-118.16,34.181],[-118.186,34.137],[-118.155,34.099],[-118.17,34.044],[-118.108,34.027],[-118.03,34.106],[-117.992,34.095],[-118.021,34.155],[-117.942,34.167],[-117.978,34.239],[-117.869,34.241],[-117.829,34.338],[-117.775,34.339],[-117.743,34.299],[-117.751,34.223],[-117.855,34.201],[-117.89,34.147],[-117.812,34.125],[-117.803,34.165],[-117.755,34.165],[-117.728,34.079],[-117.694,34.122],[-117.619,34.105],[-117.616,34.133],[-117.537,34.135],[-117.541,34.165],[-117.488,34.151],[-117.488,34.179],[-117.454,34.171],[-117.411,34.219],[-117.467,34.26],[-117.453,34.293],[-117.482,34.333],[-117.441,34.349],[-117.451,34.369],[-117.625,34.383],[-117.676,34.426],[-117.922,34.426],[-117.976,34.439],[-117.992,34.499],[-118.044,34.499],[-118.111,34.456],[-118.077,34.39],[-118.19,34.381],[-118.188,34.294],[-118.238,34.267],[-118.249,34.222]]]},"properties":{"STATE":"06","GEOID":"0628","NAME":"Congressional District 28"}},{"type":"Feature","geometry":{"type":"Polygon","coordinates":[[[-122.226,37.88],[-122.178,37.816],[-122.045,37.798],[-122.001,37.739],[-121.905,37.702],[-121.833,37.701],[-121.851,37.745],[-121.557,37.816],[-121.534,37.849],[-121.625,37.845],[-121.678,37.884],[-121.678,37.933],[-121.611,37.941],[-121.62,37.977],[-121.573,37.978],[-121.558,38.017],[-121.605,38.1],[-121.673,38.094],[-121.8,37.978],[-121.907,37.984],[-121.933,38.012],[-121.951,37.987],[-122.029,38.031],[-122.07,38],[-122.131,38.019],[-122.13,37.991],[-122.22,37.984],[-122.201,37.963],[-122.226,37.88]]]},"properties":{"STATE":"06","GEOID":"0610","NAME":"Congressional District 10"}},{"type":"Feature","geometry":{"type":"Polygon","coordinates":[[[-124.482,40.44],[-124.428,40.362],[-124.411,40.225],[-124.154,40.064],[-124.133,40],[-123.911,39.8],[-123.835,39.549],[-123.887,39.453],[-123.893,39.337],[-123.762,39.041],[-123.807,38.94],[-123.361,38.51],[-123.165,38.388],[-123.135,38.296],[-123.015,38.149],[-123.083,38.015],[-123.074,37.965],[-122.96,37.941],[-122.889,37.974],[-122.758,37.86],[-122.612,37.815],[-122.419,37.853],[-122.442,37.974],[-122.347,38.073],[-122.503,38.113],[-122.579,38.21],[-122.578,38.252],[-122.655,38.295],[-122.681,38.281],[-122.721,38.328],[-122.747,38.314],[-122.772,38.352],[-122.776,38.445],[-122.726,38.454],[-122.735,38.503],[-122.634,38.487],[-122.631,38.457],[-122.56,38.428],[-122.53,38.466],[-122.544,38.52],[-122.647,38.598],[-122.625,38.674],[-122.821,38.858],[-122.949,38.9],[-122.987,38.997],[-123.028,38.997],[-123.094,39.081],[-123.078,39.174],[-122.995,39.236],[-123.075,39.408],[-123.063,39.504],[-122.89,39.529],[-122.884,39.611],[-122.893,39.709],[-122.938,39.748],[-122.96,39.845],[-122.951,39.907],[-122.91,39.936],[-122.99,40.145],[-122.975,40.233],[-123.061,40.278],[-123.065,40.345],[-122.999,40.418],[-122.901,40.446],[-122.767,40.555],[-122.693,40.575],[-122.752,40.69],[-122.658,40.788],[-122.666,40.826],[-122.6,40.9],[-122.599,40.976],[-122.528,41.014],[-122.54,41.073],[-122.452,41.108],[-122.446,41.159],[-122.523,41.214],[-122.479,41.32],[-122.573,41.368],[-122.589,41.327],[-122.642,41.327],[-122.653,41.29],[-122.802,41.203],[-122.961,41.182],[-122.971,41.09],[-122.897,41.029],[-122.918,40.994],[-123.037,41.004],[-123.109,41.075],[-123.239,41.076],[-123.295,41.141],[-123.381,41.151],[-123.455,41.236],[-123.481,41.372],[-123.661,41.382],[-123.612,41.462],[-123.648,41.535],[-123.694,41.552],[-123.682,41.595],[-123.719,41.595],[-123.66,41.714],[-123.704,41.829],[-123.642,41.89],[-123.559,41.906],[-123.518,42.001],[-124.329,41.998],[-124.289,41.97],[-124.285,41.859],[-124.401,41.886],[-124.439,41.825],[-124.212,41.681],[-124.133,41.432],[-124.14,41.382],[-124.207,41.385],[-124.242,41.343],[-124.22,41.303],[-124.161,41.289],[-124.196,41.185],[-124.252,41.134],[-124.183,41.001],[-124.198,40.951],[-124.482,40.44]]]},"properties":{"STATE":"06","GEOID":"0602","NAME":"Congressional District 2"}},{"type":"Feature","geometry":{"type":"Polygon","coordinates":[[[-117.768,33.45],[-117.436,33.178],[-117.334,32.94],[-117.258,32.938],[-117.247,33.022],[-117.196,33.066],[-117.23,33.131],[-117.19,33.206],[-117.262,33.316],[-117.241,33.449],[-117.364,33.505],[-117.51,33.505],[-117.494,33.561],[-117.559,33.535],[-117.618,33.602],[-117.659,33.534],[-117.673,33.568],[-117.714,33.571],[-117.768,33.45]]]},"properties":{"STATE":"06","GEOID":"0649","NAME":"Congressional District 49"}},{"type":"Feature","geometry":{"type":"Polygon","coordinates":[[[-122.588,37.579],[-122.571,37.484],[-122.51,37.442],[-122.467,37.35],[-122.466,37.182],[-122.36,37.058],[-122.314,37.055],[-122.289,37.113],[-122.318,37.187],[-122.153,37.215],[-122.152,37.286],[-121.966,37.136],[-121.953,37.177],[-121.914,37.16],[-121.936,37.195],[-121.873,37.236],[-121.877,37.276],[-121.803,37.3],[-121.849,37.336],[-121.877,37.302],[-121.947,37.323],[-121.955,37.297],[-122.069,37.279],[-122.091,37.34],[-122.064,37.334],[-122.035,37.426],[-122.06,37.427],[-122.06,37.464],[-122.187,37.477],[-122.264,37.448],[-122.483,37.667],[-122.57,37.665],[-122.588,37.579]]]},"properties":{"STATE":"06","GEOID":"0616","NAME":"Congressional District 16"}},{"type":"Feature","geometry":{"type":"Polygon","coordinates":[[[-122.373,37.884],[-122.219,37.632],[-122.123,37.699],[-122.116,37.75],[-122.224,37.879],[-122.271,37.906],[-122.373,37.884]]]},"properties":{"STATE":"06","GEOID":"0612","NAME":"Congressional District 12"}},{"type":"Feature","geometry":{"type":"Polygon","coordinates":[[[-117.552,33.95],[-117.502,33.945],[-117.5,33.89],[-117.532,33.879],[-117.507,33.868],[-117.331,33.902],[-117.353,33.873],[-117.314,33.873],[-117.331,33.836],[-117.286,33.699],[-117.18,33.743],[-117.136,33.841],[-117.204,33.845],[-117.175,33.893],[-117.088,33.904],[-117.148,33.961],[-117.226,33.967],[-117.226,34.018],[-117.375,34.034],[-117.55,34.033],[-117.552,33.95]]]},"properties":{"STATE":"06","GEOID":"0639","NAME":"Congressional District 39"}},{"type":"Feature","geometry":{"type":"Polygon","coordinates":[[[-121.684,37.918],[-121.625,37.845],[-121.534,37.85],[-121.557,37.704],[-121.506,37.702],[-121.474,37.662],[-121.434,37.659],[-121.435,37.696],[-121.318,37.764],[-121.414,37.803],[-121.319,37.811],[-121.281,37.859],[-121.262,37.804],[-121.293,37.766],[-121.166,37.718],[-120.993,37.761],[-120.922,37.738],[-120.923,37.794],[-120.866,37.79],[-120.888,37.808],[-120.842,37.826],[-120.786,37.817],[-120.794,37.791],[-120.764,37.818],[-120.759,37.79],[-120.653,37.831],[-120.939,38.088],[-121.027,38.3],[-121.344,38.228],[-121.476,38.258],[-121.584,38.12],[-121.573,37.978],[-121.62,37.977],[-121.611,37.941],[-121.684,37.918]]]},"properties":{"STATE":"06","GEOID":"0609","NAME":"Congressional District 9"}},{"type":"Feature","geometry":{"type":"Polygon","coordinates":[[[-117.616,34.133],[-117.6,34.105],[-117.405,34.107],[-117.423,34.049],[-117.375,34.019],[-117.296,34.018],[-117.269,34.064],[-117.13,34.045],[-117.1,34.07],[-117.104,34.106],[-117.244,34.149],[-117.295,34.209],[-117.342,34.182],[-117.425,34.237],[-117.42,34.195],[-117.488,34.179],[-117.488,34.151],[-117.541,34.165],[-117.537,34.135],[-117.616,34.133]]]},"properties":{"STATE":"06","GEOID":"0633","NAME":"Congressional District 33"}},{"type":"Feature","geometry":{"type":"Polygon","coordinates":[[[-122.442,37.972],[-122.374,37.884],[-122.271,37.906],[-122.222,37.88],[-122.22,37.984],[-122.13,37.991],[-122.131,38.019],[-122.07,38],[-122.029,38.031],[-121.951,37.987],[-121.926,38.012],[-121.837,37.976],[-121.759,37.992],[-121.752,38.024],[-121.817,38.022],[-121.885,38.08],[-121.868,38.143],[-121.896,38.228],[-121.843,38.257],[-121.866,38.359],[-121.936,38.358],[-121.943,38.313],[-122.206,38.316],[-122.195,38.155],[-122.407,38.156],[-122.347,38.073],[-122.442,37.972]]]},"properties":{"STATE":"06","GEOID":"0608","NAME":"Congressional District 8"}},{"type":"Feature","geometry":{"type":"Polygon","coordinates":[[[-109.06,38.278],[-109.045,36.999],[-103.086,37],[-103.076,37.643],[-103.404,37.644],[-103.4,38.265],[-103.51,38.265],[-103.509,38.173],[-103.619,38.171],[-103.619,38.113],[-104.047,38.141],[-104.054,38.522],[-104.942,38.52],[-104.94,38.258],[-105.049,38.258],[-105.05,37.915],[-105.078,37.953],[-105.126,37.951],[-105.169,38.019],[-105.281,37.901],[-105.325,37.938],[-105.419,37.89],[-105.583,37.966],[-105.673,38.159],[-106.019,38.454],[-106.059,38.457],[-106.077,38.424],[-106.247,38.423],[-106.338,38.498],[-106.364,38.614],[-106.452,38.699],[-106.417,38.728],[-106.416,38.824],[-106.349,38.855],[-106.326,38.911],[-106.465,38.91],[-106.554,38.999],[-106.599,38.998],[-106.561,39.156],[-106.511,39.164],[-106.494,39.198],[-106.503,39.298],[-106.432,39.316],[-106.426,39.362],[-106.509,39.362],[-106.617,39.458],[-106.728,39.469],[-106.761,39.596],[-106.668,39.573],[-106.668,39.595],[-106.743,39.601],[-106.695,39.619],[-106.736,39.651],[-106.814,39.658],[-106.784,39.639],[-106.804,39.61],[-106.841,39.654],[-106.876,39.653],[-106.885,39.617],[-106.93,39.638],[-106.92,39.581],[-106.973,39.586],[-106.972,39.655],[-107.114,39.625],[-107.114,39.919],[-107.034,39.919],[-107.038,40.225],[-107.439,40.223],[-107.429,40.542],[-107.371,40.542],[-107.371,40.6],[-107.314,40.6],[-107.318,41.003],[-109.05,41.001],[-109.06,38.278]]]},"properties":{"STATE":"08","GEOID":"0803","NAME":"Congressional District 3"}},{"type":"Feature","geometry":{"type":"Polygon","coordinates":[[[-105.136,40.349],[-105.103,40.326],[-105.102,40.261],[-105.055,40.262],[-105.055,40.233],[-105.027,40.233],[-105.046,40.204],[-104.998,40.197],[-105.037,40.16],[-104.999,40.157],[-104.989,40.117],[-105.028,40.127],[-105.042,40.088],[-105.008,40.1],[-104.961,40.044],[-104.988,39.968],[-105.016,39.981],[-104.997,39.943],[-105.053,39.914],[-105.053,39.791],[-104.92,39.784],[-104.884,39.813],[-104.791,39.798],[-104.791,39.842],[-104.731,39.845],[-104.73,39.896],[-104.64,39.907],[-104.641,40.001],[-104.698,40.016],[-104.622,40.09],[-104.641,40.117],[-104.603,40.117],[-104.602,40.276],[-104.528,40.276],[-104.489,40.349],[-104.416,40.326],[-104.414,40.349],[-104.508,40.399],[-104.48,40.494],[-104.735,40.51],[-104.832,40.509],[-104.851,40.479],[-104.816,40.459],[-104.87,40.414],[-104.991,40.406],[-104.982,40.349],[-105.136,40.349]]]},"properties":{"STATE":"08","GEOID":"0808","NAME":"Congressional District 8"}},{"type":"Feature","geometry":{"type":"Polygon","coordinates":[[[-105.157,39.598],[-105.111,39.536],[-105.049,39.566],[-104.68,39.551],[-104.642,39.566],[-104.66,39.653],[-104.723,39.601],[-104.752,39.653],[-104.584,39.667],[-104.584,39.703],[-104.619,39.688],[-104.678,39.74],[-104.471,39.738],[-104.471,39.767],[-104.489,39.825],[-104.762,39.823],[-104.735,39.769],[-104.885,39.747],[-104.866,39.697],[-104.913,39.679],[-104.847,39.657],[-104.885,39.624],[-105.016,39.679],[-105.054,39.61],[-105.157,39.598]]]},"properties":{"STATE":"08","GEOID":"0806","NAME":"Congressional District 6"}},{"type":"Feature","geometry":{"type":"Polygon","coordinates":[[[-105.329,39.13],[-104.552,39.129],[-104.548,39.043],[-104.405,39.041],[-104.368,38.954],[-104.331,38.954],[-104.352,38.867],[-104.278,38.875],[-104.314,38.853],[-104.314,38.781],[-104.277,38.781],[-104.275,38.521],[-104.054,38.522],[-104.047,38.141],[-103.619,38.113],[-103.619,38.171],[-103.509,38.173],[-103.51,38.265],[-103.4,38.265],[-103.404,37.644],[-103.076,37.643],[-103.086,37],[-102.042,36.993],[-102.052,41.002],[-104.943,40.998],[-104.989,40.776],[-105.038,40.765],[-105.039,40.798],[-105.076,40.798],[-105.07,40.662],[-105.001,40.654],[-104.996,40.581],[-104.936,40.588],[-104.949,40.492],[-105.133,40.451],[-105.157,40.389],[-105.097,40.378],[-105.097,40.349],[-104.982,40.349],[-104.991,40.406],[-104.87,40.414],[-104.816,40.459],[-104.851,40.479],[-104.832,40.509],[-104.48,40.494],[-104.508,40.399],[-104.423,40.36],[-104.416,40.326],[-104.489,40.349],[-104.528,40.276],[-104.602,40.276],[-104.603,40.117],[-104.641,40.117],[-104.622,40.09],[-104.698,40.016],[-104.641,40.001],[-104.64,39.907],[-104.6,39.899],[-104.62,39.827],[-104.489,39.825],[-104.471,39.738],[-104.678,39.74],[-104.619,39.688],[-104.584,39.703],[-104.584,39.667],[-104.752,39.653],[-104.723,39.601],[-104.66,39.653],[-104.642,39.566],[-104.68,39.551],[-105.06,39.56],[-105.087,39.493],[-105.135,39.471],[-105.124,39.434],[-105.171,39.408],[-105.217,39.261],[-105.329,39.13]]]},"properties":{"STATE":"08","GEOID":"0804","NAME":"Congressional District 4"}},{"type":"Feature","geometry":{"type":"Polygon","coordinates":[[[-103.002,36.676],[-103.002,36.5],[-100,36.5],[-100,34.56],[-99.923,34.575],[-99.695,34.378],[-99.6,34.375],[-99.57,34.418],[-99.405,34.373],[-99.37,34.459],[-99.32,34.409],[-99.261,34.404],[-99.275,34.385],[-99.231,34.338],[-99.192,34.348],[-99.236,34.403],[-99.222,34.493],[-99.163,34.588],[-99.083,34.59],[-99.103,34.638],[-99.001,34.638],[-99.001,34.594],[-98.826,34.594],[-98.826,34.855],[-98.093,34.855],[-98.096,35.378],[-97.96,35.346],[-97.943,35.377],[-97.901,35.344],[-97.865,35.362],[-97.737,35.324],[-97.671,35.336],[-97.671,35.377],[-97.424,35.377],[-97.459,35.469],[-97.53,35.458],[-97.53,35.493],[-97.601,35.493],[-97.673,35.448],[-97.831,35.464],[-97.834,35.726],[-97.674,35.726],[-97.67,35.866],[-97.521,35.908],[-97.468,35.895],[-97.408,35.931],[-97.417,35.975],[-97.319,36.011],[-97.19,35.941],[-96.62,35.942],[-96.621,35.639],[-96.193,35.639],[-96.192,35.857],[-96.137,35.857],[-96.119,35.959],[-96.262,36.021],[-96.261,36.076],[-96.298,36.076],[-96.298,36.162],[-96.001,36.161],[-96.001,36.999],[-103.002,37],[-103.002,36.676]]]},"properties":{"STATE":"40","GEOID":"4003","NAME":"Congressional District 3"}},{"type":"Feature","geometry":{"type":"Polygon","coordinates":[[[-96.298,36.091],[-96.261,36.076],[-96.262,36.021],[-96.119,35.959],[-96.137,35.857],[-95.65,35.857],[-95.638,35.788],[-95.59,35.765],[-95.402,35.807],[-95.403,35.886],[-95.477,35.905],[-95.495,35.957],[-95.565,35.968],[-95.523,36.044],[-95.579,36.08],[-95.553,36.091],[-95.568,36.13],[-95.619,36.163],[-95.726,36.163],[-95.725,36.209],[-95.758,36.206],[-95.776,36.311],[-95.74,36.322],[-95.812,36.322],[-95.794,36.424],[-96.001,36.424],[-96.001,36.161],[-96.298,36.162],[-96.298,36.091]]]},"properties":{"STATE":"40","GEOID":"4001","NAME":"Congressional District 1"}},{"type":"Feature","geometry":{"type":"Polygon","coordinates":[[[-97.84,35.508],[-97.831,35.464],[-97.76,35.45],[-97.672,35.448],[-97.601,35.493],[-97.53,35.493],[-97.513,35.456],[-97.363,35.493],[-97.336,35.479],[-97.336,35.377],[-97.142,35.377],[-97.136,34.924],[-97.016,34.907],[-96.928,34.965],[-96.885,34.926],[-96.813,34.945],[-96.725,34.857],[-96.687,34.881],[-96.712,34.914],[-96.692,34.933],[-96.637,34.899],[-96.559,34.915],[-96.529,34.87],[-96.491,34.911],[-96.49,35.116],[-96.441,35.116],[-96.441,35.468],[-96.497,35.429],[-96.554,35.454],[-96.536,35.391],[-96.624,35.401],[-96.62,35.942],[-97.186,35.941],[-97.301,36.009],[-97.4,35.988],[-97.434,35.91],[-97.672,35.865],[-97.674,35.726],[-97.834,35.726],[-97.84,35.508]]]},"properties":{"STATE":"40","GEOID":"4005","NAME":"Congressional District 5"}},{"type":"Feature","geometry":{"type":"Polygon","coordinates":[[[-75.789,39.66],[-75.694,38.46],[-74.986,38.452],[-75.016,38.791],[-75.321,39.251],[-75.561,39.456],[-75.512,39.567],[-75.559,39.63],[-75.405,39.796],[-75.527,39.838],[-75.658,39.823],[-75.789,39.722],[-75.789,39.66]]]},"properties":{"STATE":"10","GEOID":"1000","NAME":"Congressional District (at Large)"}},{"type":"Feature","geometry":{"type":"Polygon","coordinates":[[[-70.989,43.792],[-70.951,43.551],[-70.978,43.358],[-70.818,43.238],[-70.827,43.127],[-70.706,43.075],[-70.575,42.917],[-70.529,43.006],[-70.6,43.057],[-70.582,43.095],[-70.54,43.131],[-70.525,43.089],[-70.459,43.071],[-70.404,43.109],[-70.441,43.167],[-70.522,43.155],[-70.521,43.252],[-70.367,43.323],[-70.156,43.524],[-69.855,43.647],[-69.73,43.657],[-69.665,43.712],[-69.551,43.707],[-69.506,43.778],[-69.409,43.811],[-69.388,43.736],[-69.335,43.704],[-69.238,43.75],[-69.262,43.815],[-69.15,43.796],[-69.056,43.859],[-68.926,43.75],[-68.827,43.736],[-68.785,43.804],[-68.669,43.87],[-68.679,43.923],[-68.743,43.943],[-68.721,43.962],[-68.568,43.958],[-68.485,44.028],[-68.549,44.13],[-68.73,44.117],[-68.83,44.21],[-68.896,44.21],[-68.917,44.167],[-69,44.167],[-69.028,44.249],[-69.122,44.256],[-69.269,44.365],[-69.347,44.308],[-69.394,44.343],[-69.506,44.343],[-69.445,44.464],[-69.396,44.457],[-69.372,44.545],[-69.417,44.551],[-69.393,44.64],[-69.461,44.647],[-69.443,44.672],[-69.476,44.677],[-69.484,44.72],[-69.633,44.7],[-69.579,44.627],[-69.591,44.585],[-69.668,44.586],[-69.718,44.513],[-69.677,44.5],[-69.729,44.378],[-69.626,44.362],[-69.665,44.228],[-69.763,44.224],[-69.764,44.153],[-69.855,44.168],[-69.8,44.242],[-69.937,44.268],[-69.968,44.176],[-70.019,44.158],[-70.034,43.976],[-70.081,43.926],[-70.116,43.907],[-70.204,43.948],[-70.315,44.038],[-70.364,43.986],[-70.502,44.043],[-70.544,44.006],[-70.581,44.018],[-70.614,44.062],[-70.587,44.124],[-70.624,44.171],[-70.867,44.08],[-70.715,43.962],[-70.748,43.946],[-70.744,43.886],[-70.801,43.857],[-70.783,43.814],[-70.989,43.792]]]},"properties":{"STATE":"23","GEOID":"2301","NAME":"Congressional District 1"}},{"type":"Feature","geometry":{"type":"Polygon","coordinates":[[[-71.084,45.305],[-70.971,43.785],[-70.783,43.814],[-70.801,43.857],[-70.744,43.886],[-70.748,43.946],[-70.715,43.962],[-70.793,44.04],[-70.848,44.05],[-70.859,44.095],[-70.822,44.077],[-70.624,44.171],[-70.587,44.124],[-70.614,44.062],[-70.581,44.018],[-70.544,44.006],[-70.502,44.043],[-70.364,43.986],[-70.315,44.038],[-70.204,43.948],[-70.116,43.907],[-70.081,43.926],[-70.034,43.976],[-70.019,44.158],[-69.968,44.176],[-69.937,44.268],[-69.8,44.242],[-69.855,44.168],[-69.764,44.153],[-69.763,44.224],[-69.665,44.228],[-69.626,44.362],[-69.73,44.389],[-69.677,44.5],[-69.718,44.513],[-69.669,44.585],[-69.589,44.589],[-69.579,44.627],[-69.633,44.7],[-69.47,44.718],[-69.476,44.677],[-69.443,44.672],[-69.461,44.648],[-69.393,44.64],[-69.417,44.551],[-69.372,44.545],[-69.396,44.457],[-69.445,44.464],[-69.506,44.343],[-69.394,44.343],[-69.347,44.308],[-69.269,44.365],[-69.122,44.256],[-69.028,44.249],[-69,44.167],[-68.917,44.167],[-68.896,44.21],[-68.83,44.21],[-68.73,44.117],[-68.549,44.13],[-68.485,44.028],[-68.203,44.1],[-68.171,44.19],[-68.123,44.226],[-68.128,44.264],[-67.999,44.28],[-67.925,44.341],[-67.824,44.327],[-67.775,44.411],[-67.627,44.383],[-67.513,44.421],[-67.443,44.505],[-67.191,44.58],[-66.885,44.794],[-66.975,44.842],[-66.969,44.91],[-67.159,45.162],[-67.283,45.192],[-67.341,45.125],[-67.429,45.193],[-67.49,45.282],[-67.419,45.377],[-67.504,45.487],[-67.416,45.501],[-67.45,45.602],[-67.646,45.613],[-67.71,45.681],[-67.735,45.689],[-67.727,45.663],[-67.818,45.694],[-67.782,45.731],[-67.806,45.794],[-67.755,45.823],[-67.804,45.883],[-67.751,45.918],[-67.781,45.943],[-67.79,47.067],[-67.883,47.104],[-67.957,47.2],[-68.234,47.355],[-68.363,47.355],[-68.378,47.287],[-68.58,47.287],[-68.618,47.243],[-68.9,47.178],[-69.051,47.256],[-69.043,47.427],[-69.224,47.46],[-69.997,46.696],[-70.057,46.416],[-70.191,46.35],[-70.293,46.191],[-70.236,46.145],[-70.253,46.1],[-70.302,46.082],[-70.278,46.056],[-70.318,46.019],[-70.284,45.995],[-70.316,45.963],[-70.239,45.944],[-70.259,45.891],[-70.417,45.796],[-70.4,45.72],[-70.559,45.666],[-70.723,45.514],[-70.63,45.426],[-70.635,45.383],[-70.798,45.427],[-70.826,45.398],[-70.808,45.312],[-70.858,45.229],[-70.897,45.242],[-70.952,45.339],[-71.011,45.348],[-71.009,45.319],[-71.084,45.305]]]},"properties":{"STATE":"23","GEOID":"2302","NAME":"Congressional District 2"}},{"type":"Feature","geometry":{"type":"Polygon","coordinates":[[[-77.187,39.341],[-76.959,39.134],[-76.84,39.103],[-76.767,39.15],[-76.649,39.067],[-76.67,39.044],[-76.594,38.962],[-76.424,38.88],[-76.353,39.046],[-76.349,39.157],[-76.619,39.237],[-76.701,39.213],[-76.794,39.266],[-76.795,39.314],[-76.992,39.36],[-76.976,39.421],[-77.048,39.444],[-77.075,39.405],[-77.134,39.432],[-77.187,39.341]]]},"properties":{"STATE":"24","GEOID":"2403","NAME":"Congressional District 3"}},{"type":"Feature","geometry":{"type":"Polygon","coordinates":[[[-76.699,39.718],[-76.667,39.693],[-76.659,39.615],[-76.599,39.556],[-76.613,39.506],[-76.538,39.48],[-76.558,39.44],[-76.456,39.407],[-76.462,39.386],[-76.406,39.368],[-76.428,39.344],[-76.362,39.359],[-76.316,39.333],[-76.344,39.283],[-76.288,39.254],[-76.346,39.171],[-76.353,39.046],[-76.464,38.71],[-76.426,38.508],[-76.336,38.388],[-76.201,38.077],[-76.236,37.887],[-76.052,37.954],[-75.944,37.946],[-75.953,37.907],[-75.801,37.912],[-75.705,37.955],[-75.648,37.947],[-75.624,37.994],[-75.166,38.028],[-75.021,38.31],[-74.986,38.452],[-75.694,38.46],[-75.789,39.722],[-76.699,39.718]]]},"properties":{"STATE":"24","GEOID":"2401","NAME":"Congressional District 1"}},{"type":"Feature","geometry":{"type":"Polygon","coordinates":[[[-77.344,39.102],[-77.342,39.063],[-77.246,39.025],[-77.245,38.983],[-77.12,38.934],[-77.041,38.996],[-76.987,38.977],[-76.946,39.055],[-77.009,39.207],[-77.145,39.295],[-77.21,39.217],[-77.174,39.123],[-77.214,39.101],[-77.314,39.147],[-77.344,39.102]]]},"properties":{"STATE":"24","GEOID":"2408","NAME":"Congressional District 8"}},{"type":"Feature","geometry":{"type":"Polygon","coordinates":[[[-77.323,38.433],[-77.265,38.333],[-77.042,38.401],[-77.011,38.374],[-77.028,38.305],[-76.962,38.257],[-76.949,38.208],[-76.839,38.164],[-76.605,38.149],[-76.517,38.027],[-76.236,37.888],[-76.201,38.077],[-76.336,38.388],[-76.426,38.508],[-76.449,38.625],[-76.464,38.71],[-76.424,38.88],[-76.594,38.962],[-76.67,39.044],[-76.649,39.067],[-76.767,39.15],[-76.84,39.103],[-76.836,39.068],[-76.751,39.035],[-76.801,38.997],[-76.77,38.945],[-76.839,38.947],[-76.844,38.869],[-76.906,38.805],[-76.882,38.731],[-76.995,38.685],[-77.043,38.704],[-77.042,38.747],[-77.046,38.714],[-77.132,38.674],[-77.13,38.635],[-77.246,38.593],[-77.323,38.433]]]},"properties":{"STATE":"24","GEOID":"2405","NAME":"Congressional District 5"}},{"type":"Feature","geometry":{"type":"Polygon","coordinates":[[[-79.488,39.28],[-79.473,39.202],[-79.346,39.294],[-79.29,39.299],[-79.256,39.357],[-79.162,39.388],[-79.102,39.476],[-79.047,39.483],[-78.957,39.44],[-78.893,39.524],[-78.816,39.563],[-78.826,39.589],[-78.775,39.646],[-78.778,39.622],[-78.733,39.615],[-78.767,39.588],[-78.69,39.546],[-78.472,39.516],[-78.461,39.551],[-78.417,39.549],[-78.457,39.588],[-78.395,39.585],[-78.43,39.623],[-78.266,39.619],[-78.233,39.674],[-78.172,39.696],[-77.946,39.585],[-77.941,39.619],[-77.834,39.603],[-77.836,39.567],[-77.889,39.555],[-77.861,39.514],[-77.825,39.528],[-77.845,39.498],[-77.766,39.496],[-77.803,39.438],[-77.738,39.399],[-77.758,39.336],[-77.565,39.305],[-77.458,39.225],[-77.518,39.169],[-77.521,39.121],[-77.457,39.073],[-77.342,39.063],[-77.314,39.147],[-77.214,39.101],[-77.172,39.125],[-77.21,39.217],[-77.145,39.295],[-77.187,39.341],[-77.107,39.492],[-77.2,39.578],[-77.307,39.619],[-77.217,39.72],[-79.477,39.721],[-79.488,39.28]]]},"properties":{"STATE":"24","GEOID":"2406","NAME":"Congressional District 6"}},{"type":"Feature","geometry":{"type":"Polygon","coordinates":[[[-77.04,38.71],[-76.995,38.685],[-76.882,38.731],[-76.906,38.805],[-76.844,38.869],[-76.84,38.946],[-76.77,38.945],[-76.801,38.997],[-76.751,39.035],[-76.836,39.068],[-76.828,39.095],[-76.886,39.131],[-76.996,39.14],[-76.946,39.055],[-77.004,38.967],[-76.909,38.893],[-77.04,38.79],[-77.04,38.71]]]},"properties":{"STATE":"24","GEOID":"2404","NAME":"Congressional District 4"}},{"type":"Feature","geometry":{"type":"Polygon","coordinates":[[[-77.312,39.639],[-77.11,39.497],[-77.134,39.432],[-77.075,39.405],[-77.048,39.444],[-76.976,39.421],[-76.992,39.36],[-76.795,39.314],[-76.794,39.266],[-76.74,39.232],[-76.745,39.325],[-76.795,39.355],[-76.745,39.377],[-76.651,39.36],[-76.64,39.33],[-76.61,39.372],[-76.53,39.372],[-76.515,39.309],[-76.443,39.281],[-76.434,39.244],[-76.288,39.254],[-76.344,39.283],[-76.316,39.333],[-76.362,39.359],[-76.428,39.344],[-76.406,39.368],[-76.462,39.386],[-76.456,39.407],[-76.558,39.44],[-76.538,39.48],[-76.613,39.506],[-76.599,39.556],[-76.659,39.615],[-76.698,39.721],[-77.217,39.72],[-77.276,39.632],[-77.312,39.639]]]},"properties":{"STATE":"24","GEOID":"2402","NAME":"Congressional District 2"}},{"type":"Feature","geometry":{"type":"Polygon","coordinates":[[[-76.795,39.356],[-76.746,39.326],[-76.7,39.213],[-76.619,39.237],[-76.349,39.157],[-76.292,39.25],[-76.434,39.244],[-76.443,39.281],[-76.515,39.309],[-76.53,39.372],[-76.61,39.372],[-76.64,39.33],[-76.679,39.372],[-76.795,39.356]]]},"properties":{"STATE":"24","GEOID":"2407","NAME":"Congressional District 7"}},{"type":"Feature","geometry":{"type":"Polygon","coordinates":[[[-123.322,49.002],[-123.008,48.831],[-123.008,48.767],[-123.268,48.694],[-123.219,48.549],[-123.115,48.423],[-123.248,48.285],[-122.863,48.37],[-122.852,48.226],[-122.652,48.121],[-122.626,47.993],[-122.495,47.923],[-122.433,47.842],[-122.438,47.778],[-122.327,47.778],[-122.33,47.802],[-122.262,47.819],[-122.275,47.864],[-122.246,47.865],[-122.242,47.904],[-122.201,47.881],[-122.205,47.922],[-122.171,47.937],[-122.187,47.975],[-122.151,47.993],[-122.215,48.152],[-122.188,48.17],[-122.304,48.298],[-121.002,48.296],[-121.072,48.318],[-121.041,48.348],[-121.066,48.394],[-121.037,48.433],[-121.053,48.482],[-120.845,48.551],[-120.792,48.508],[-120.704,48.526],[-120.689,48.576],[-120.76,48.583],[-120.788,48.625],[-120.656,48.724],[-120.735,48.786],[-120.731,48.854],[-120.77,48.882],[-120.756,48.943],[-120.881,48.967],[-120.852,49],[-123.322,49.002]]]},"properties":{"STATE":"53","GEOID":"5302","NAME":"Congressional District 2"}},{"type":"Feature","geometry":{"type":"Polygon","coordinates":[[[-119.457,46.675],[-119.27,46.52],[-119.269,46.37],[-119.115,46.373],[-119.116,46.285],[-118.988,46.3],[-118.988,46.329],[-118.951,46.283],[-118.777,46.29],[-119.032,46.207],[-118.942,46.074],[-118.941,46.028],[-118.987,46],[-116.916,45.995],[-116.983,46.09],[-116.922,46.169],[-116.965,46.203],[-116.986,46.296],[-117.063,46.354],[-117.035,46.418],[-117.032,48.999],[-118.837,49],[-118.837,48.654],[-118.87,48.654],[-118.87,48.626],[-118.87,48.482],[-118.844,48.482],[-118.846,47.963],[-118.974,47.943],[-118.983,46.911],[-119.144,46.9],[-119.133,46.762],[-119.081,46.738],[-119.369,46.738],[-119.369,46.678],[-119.457,46.675]]]},"properties":{"STATE":"53","GEOID":"5305","NAME":"Congressional District 5"}},{"type":"Feature","geometry":{"type":"Polygon","coordinates":[[[-118.951,33.996],[-118.81,33.947],[-118.563,33.988],[-118.494,34.051],[-118.436,34.05],[-118.455,34.076],[-118.399,34.111],[-118.366,34.097],[-118.356,34.133],[-118.414,34.172],[-118.536,34.187],[-118.536,34.221],[-118.473,34.221],[-118.472,34.257],[-118.624,34.275],[-118.632,34.24],[-118.715,34.216],[-118.668,34.199],[-118.694,34.151],[-118.606,34.129],[-118.711,34.104],[-118.757,34.141],[-118.856,34.127],[-118.941,34.075],[-118.951,33.996]]]},"properties":{"STATE":"06","GEOID":"0632","NAME":"Congressional District 32"}},{"type":"Feature","geometry":{"type":"Polygon","coordinates":[[[-75.28,39.975],[-75.209,39.921],[-75.13,39.915],[-75.166,39.944],[-75.139,40.063],[-75.224,40.093],[-75.264,40.054],[-75.206,40.012],[-75.28,39.975]]]},"properties":{"STATE":"42","GEOID":"4203","NAME":"Congressional District 3"}},{"type":"Feature","geometry":{"type":"Polygon","coordinates":[[[-75.602,39.856],[-75.415,39.802],[-75.342,39.846],[-75.144,39.884],[-75.129,39.912],[-75.209,39.921],[-75.278,39.971],[-75.238,40],[-75.334,40.055],[-75.317,40.125],[-75.345,40.142],[-75.347,40.11],[-75.394,40.117],[-75.415,40.09],[-75.361,40.066],[-75.602,39.856]]]},"properties":{"STATE":"42","GEOID":"4205","NAME":"Congressional District 5"}},{"type":"Feature","geometry":{"type":"Polygon","coordinates":[[[-76.137,39.725],[-75.774,39.722],[-75.706,39.8],[-75.595,39.838],[-75.598,39.874],[-75.361,40.066],[-75.456,40.088],[-75.462,40.125],[-75.526,40.149],[-75.597,40.237],[-75.69,40.236],[-75.831,40.293],[-75.794,40.317],[-75.82,40.362],[-75.992,40.369],[-76.092,40.278],[-75.873,40.137],[-75.943,40.109],[-75.936,40.037],[-75.995,39.952],[-75.988,39.872],[-76.096,39.73],[-76.137,39.725]]]},"properties":{"STATE":"42","GEOID":"4206","NAME":"Congressional District 6"}},{"type":"Feature","geometry":{"type":"Polygon","coordinates":[[[-80.519,40.533],[-80.519,40.477],[-80.361,40.478],[-80.185,40.333],[-80.116,40.313],[-80.117,40.367],[-80.001,40.371],[-80.051,40.402],[-80.035,40.428],[-80.085,40.421],[-80.055,40.444],[-80.095,40.459],[-80.011,40.501],[-79.984,40.466],[-79.885,40.491],[-79.866,40.456],[-79.892,40.428],[-79.843,40.409],[-79.777,40.466],[-79.837,40.53],[-79.768,40.539],[-79.772,40.586],[-79.689,40.648],[-79.693,40.67],[-80.149,40.674],[-80.159,40.855],[-80.519,40.851],[-80.519,40.533]]]},"properties":{"STATE":"42","GEOID":"4217","NAME":"Congressional District 17"}},{"type":"Feature","geometry":{"type":"Polygon","coordinates":[[[-79.916,41.275],[-79.905,41.172],[-79.689,41.169],[-79.693,40.67],[-79.584,40.637],[-79.582,40.603],[-79.55,40.604],[-79.561,40.563],[-79.497,40.525],[-79.45,40.53],[-79.215,40.776],[-79.215,40.838],[-79.101,40.819],[-79.1,40.761],[-78.816,40.726],[-78.132,40.743],[-77.944,40.692],[-77.825,40.744],[-77.711,40.715],[-77.364,40.847],[-77.354,40.702],[-77.11,40.692],[-76.94,40.638],[-76.863,40.708],[-76.85,40.809],[-76.799,40.878],[-76.882,40.969],[-76.856,41.05],[-76.89,41.151],[-76.967,41.201],[-76.894,41.231],[-77.095,41.243],[-77.042,41.251],[-77.055,41.297],[-76.996,41.297],[-76.994,41.349],[-76.829,41.378],[-76.827,41.47],[-76.772,41.472],[-76.814,41.59],[-76.875,41.597],[-76.927,42.002],[-79.611,41.999],[-79.613,41.617],[-79.829,41.622],[-79.893,41.574],[-79.835,41.537],[-79.843,41.484],[-79.73,41.47],[-79.725,41.424],[-79.818,41.392],[-79.772,41.329],[-79.873,41.326],[-79.916,41.275]]]},"properties":{"STATE":"42","GEOID":"4215","NAME":"Congressional District 15"}},{"type":"Feature","geometry":{"type":"Polygon","coordinates":[[[-76.086,40.364],[-76.035,40.326],[-75.992,40.369],[-75.82,40.362],[-75.794,40.317],[-75.831,40.293],[-75.69,40.236],[-75.597,40.237],[-75.526,40.149],[-75.462,40.125],[-75.456,40.088],[-75.347,40.11],[-75.345,40.142],[-75.317,40.125],[-75.338,40.06],[-75.237,39.996],[-75.206,40.012],[-75.264,40.054],[-75.224,40.093],[-75.109,40.046],[-75.015,40.138],[-75.107,40.192],[-75.143,40.17],[-75.206,40.194],[-75.443,40.331],[-75.475,40.315],[-75.461,40.336],[-75.569,40.398],[-75.53,40.447],[-75.767,40.597],[-75.937,40.592],[-75.878,40.538],[-75.947,40.533],[-75.972,40.447],[-76.028,40.433],[-76.086,40.364]]]},"properties":{"STATE":"42","GEOID":"4204","NAME":"Congressional District 4"}},{"type":"Feature","geometry":{"type":"Polygon","coordinates":[[[-77.458,40.175],[-77.406,40.136],[-77.455,40.099],[-77.354,40.003],[-77.186,40.03],[-77.128,40.069],[-77.019,40.014],[-76.966,39.935],[-76.961,39.963],[-76.903,39.954],[-76.931,39.868],[-76.839,39.881],[-76.798,39.922],[-76.748,39.914],[-76.615,39.972],[-76.668,40.031],[-76.645,40.058],[-76.716,40.131],[-76.566,40.196],[-76.678,40.475],[-76.535,40.555],[-76.702,40.658],[-76.919,40.603],[-76.949,40.628],[-76.993,40.564],[-76.949,40.469],[-77.029,40.387],[-76.915,40.328],[-77.323,40.271],[-77.333,40.213],[-77.458,40.175]]]},"properties":{"STATE":"42","GEOID":"4210","NAME":"Congressional District 10"}},{"type":"Feature","geometry":{"type":"Polygon","coordinates":[[[-75.998,40.913],[-75.758,40.735],[-75.891,40.677],[-75.484,40.419],[-75.197,40.609],[-75.197,40.752],[-75.109,40.791],[-75.096,40.847],[-75.051,40.868],[-75.12,40.969],[-75.295,40.862],[-75.334,40.897],[-75.412,40.89],[-75.667,41.134],[-75.767,41.093],[-75.732,41.008],[-75.998,40.913]]]},"properties":{"STATE":"42","GEOID":"4207","NAME":"Congressional District 7"}},{"type":"Feature","geometry":{"type":"Polygon","coordinates":[[[-77,39.822],[-76.999,39.72],[-76.102,39.724],[-75.987,39.874],[-75.995,39.952],[-75.936,40.037],[-75.943,40.109],[-75.873,40.137],[-76.151,40.316],[-76.435,40.238],[-76.716,40.131],[-76.645,40.058],[-76.668,40.031],[-76.615,39.972],[-76.919,39.866],[-76.903,39.954],[-76.961,39.963],[-76.984,39.894],[-76.955,39.857],[-77,39.822]]]},"properties":{"STATE":"42","GEOID":"4211","NAME":"Congressional District 11"}},{"type":"Feature","geometry":{"type":"Polygon","coordinates":[[[-118.272,35.104],[-118.247,35.04],[-118.132,35.077],[-118.063,35.071],[-118.043,35.015],[-117.632,34.991],[-117.632,34.822],[-117.917,34.823],[-117.916,34.719],[-117.881,34.72],[-117.881,34.558],[-117.935,34.432],[-117.676,34.426],[-117.625,34.383],[-117.485,34.383],[-117.438,34.354],[-117.482,34.334],[-117.465,34.257],[-117.342,34.182],[-117.295,34.209],[-117.244,34.149],[-117.104,34.106],[-117.121,34.048],[-117.269,34.064],[-117.296,34.018],[-115.316,34.034],[-115.316,34.078],[-115.114,34.087],[-115.146,34.121],[-115.106,34.243],[-115.166,34.277],[-115.102,34.26],[-115.067,34.412],[-115.088,34.418],[-115.047,34.495],[-115.16,34.544],[-115.118,34.6],[-115.18,34.669],[-115.002,34.691],[-114.989,34.837],[-114.966,34.843],[-115.051,34.83],[-115.064,34.91],[-114.985,34.914],[-114.948,35.255],[-115.648,35.809],[-117.634,35.797],[-117.634,35.439],[-117.774,35.416],[-118.009,35.305],[-118.161,35.148],[-118.272,35.104]]]},"properties":{"STATE":"06","GEOID":"0623","NAME":"Congressional District 23"}},{"type":"Feature","geometry":{"type":"Polygon","coordinates":[[[-118.073,34.072],[-118.054,34.036],[-118.005,34.037],[-118.056,34.011],[-118.005,34.031],[-117.868,33.994],[-117.889,34.043],[-117.756,34.09],[-117.748,34.14],[-117.755,34.165],[-117.803,34.165],[-117.812,34.125],[-117.846,34.13],[-117.892,34.17],[-117.812,34.223],[-117.751,34.223],[-117.743,34.299],[-117.775,34.339],[-117.829,34.338],[-117.869,34.241],[-117.978,34.239],[-117.942,34.167],[-118.021,34.155],[-117.992,34.095],[-118.029,34.107],[-118.073,34.072]]]},"properties":{"STATE":"06","GEOID":"0631","NAME":"Congressional District 31"}},{"type":"Feature","geometry":{"type":"Polygon","coordinates":[[[-118.352,33.667],[-118.222,33.691],[-118.249,33.756],[-118.222,33.804],[-118.201,33.783],[-118.137,33.836],[-118.112,33.81],[-118.17,33.924],[-118.156,33.951],[-118.225,33.966],[-118.229,33.923],[-118.188,33.881],[-118.309,33.866],[-118.301,33.758],[-118.352,33.667]]]},"properties":{"STATE":"06","GEOID":"0644","NAME":"Congressional District 44"}},{"type":"Feature","geometry":{"type":"Polygon","coordinates":[[[-117.342,32.84],[-117.309,32.656],[-117.223,32.621],[-117.205,32.53],[-117.125,32.534],[-117.13,32.666],[-117.173,32.701],[-117.111,32.732],[-117.132,32.772],[-117.21,32.763],[-117.235,32.839],[-117.185,32.858],[-117.224,32.906],[-117.167,32.932],[-117.168,32.966],[-117.066,32.987],[-117.022,33.063],[-116.906,33.091],[-116.964,33.093],[-117.033,33.149],[-117.134,33.124],[-117.109,33.147],[-117.146,33.168],[-117.105,33.167],[-117.085,33.207],[-117.126,33.197],[-117.156,33.253],[-117.202,33.253],[-117.19,33.205],[-117.23,33.114],[-117.196,33.066],[-117.247,33.022],[-117.258,32.938],[-117.334,32.94],[-117.342,32.84]]]},"properties":{"STATE":"06","GEOID":"0650","NAME":"Congressional District 50"}},{"type":"Feature","geometry":{"type":"Polygon","coordinates":[[[-118.894,34.818],[-118.633,34.27],[-118.472,34.257],[-118.508,34.334],[-118.404,34.33],[-118.378,34.431],[-118.324,34.439],[-118.325,34.405],[-118.29,34.395],[-118.273,34.438],[-118.199,34.429],[-118.205,34.38],[-118.142,34.375],[-118.077,34.391],[-118.111,34.456],[-118.059,34.492],[-117.992,34.499],[-117.976,34.439],[-117.935,34.432],[-117.888,34.506],[-117.881,34.72],[-117.916,34.719],[-117.917,34.823],[-118.894,34.818]]]},"properties":{"STATE":"06","GEOID":"0627","NAME":"Congressional District 27"}},{"type":"Feature","geometry":{"type":"Polygon","coordinates":[[[-121.557,37.617],[-121.557,37.543],[-121.498,37.522],[-121.457,37.396],[-121.411,37.386],[-121.406,37.311],[-121.459,37.282],[-121.406,37.158],[-121.281,37.184],[-121.217,37.123],[-121.245,37.089],[-121.209,37.059],[-121.249,37.034],[-121.222,36.91],[-121.189,36.913],[-121.142,36.837],[-120.934,36.752],[-120.597,36.488],[-120.597,36.328],[-120.683,36.294],[-120.68,36.247],[-120.627,36.203],[-120.668,36.138],[-120.435,35.97],[-120.36,35.964],[-120.315,35.907],[-119.959,36.181],[-119.959,36.401],[-119.667,36.419],[-119.573,36.489],[-119.683,36.489],[-119.692,36.547],[-119.773,36.547],[-119.773,36.62],[-119.952,36.648],[-119.908,36.677],[-119.934,36.692],[-119.925,36.735],[-119.97,36.735],[-119.97,36.832],[-119.908,36.847],[-119.894,36.916],[-119.858,36.923],[-119.894,36.961],[-119.845,36.992],[-119.912,37.01],[-119.911,37.071],[-120.019,37.08],[-120.024,37.054],[-120.075,37.054],[-120.075,37.098],[-120.137,37.151],[-120.206,37.127],[-120.241,37.158],[-120.052,37.183],[-120.178,37.262],[-120.388,37.633],[-120.816,37.467],[-120.936,37.574],[-120.902,37.609],[-120.91,37.661],[-120.976,37.624],[-121.095,37.682],[-121.11,37.73],[-121.166,37.718],[-121.216,37.758],[-121.284,37.761],[-121.262,37.804],[-121.281,37.859],[-121.319,37.811],[-121.414,37.803],[-121.318,37.764],[-121.435,37.696],[-121.434,37.659],[-121.557,37.704],[-121.557,37.617]]]},"properties":{"STATE":"06","GEOID":"0613","NAME":"Congressional District 13"}},{"type":"Feature","geometry":{"type":"Polygon","coordinates":[[[-123.719,41.596],[-123.682,41.595],[-123.694,41.552],[-123.648,41.535],[-123.612,41.462],[-123.661,41.382],[-123.488,41.377],[-123.455,41.236],[-123.381,41.151],[-123.295,41.141],[-123.239,41.076],[-123.109,41.075],[-123.037,41.004],[-122.902,41.015],[-122.923,41.072],[-122.971,41.09],[-122.961,41.182],[-122.802,41.203],[-122.653,41.29],[-122.642,41.327],[-122.589,41.327],[-122.573,41.368],[-122.479,41.32],[-122.523,41.214],[-122.446,41.159],[-122.452,41.108],[-122.54,41.073],[-122.528,41.014],[-122.599,40.976],[-122.6,40.9],[-122.666,40.826],[-122.658,40.788],[-122.752,40.69],[-122.693,40.575],[-122.767,40.555],[-122.901,40.446],[-122.999,40.418],[-123.069,40.308],[-123.051,40.268],[-122.975,40.233],[-122.99,40.145],[-122.91,39.936],[-122.951,39.907],[-122.96,39.845],[-122.938,39.748],[-122.893,39.709],[-122.885,39.58],[-122.736,39.581],[-122.739,39.383],[-122.785,39.383],[-122.742,39.36],[-122.775,39.312],[-122.665,39.218],[-122.515,39.209],[-122.475,39.17],[-122.492,39.054],[-122.412,39.019],[-122.417,38.978],[-122.373,38.94],[-121.835,38.924],[-121.792,38.905],[-121.802,38.865],[-121.724,38.852],[-121.674,38.743],[-121.625,38.785],[-121.593,38.764],[-121.603,38.736],[-121.484,38.735],[-121.469,38.926],[-121.414,38.926],[-121.415,38.998],[-121.366,39.032],[-121.28,39.035],[-121.283,39.145],[-121.433,39.145],[-121.452,39.1],[-121.485,39.1],[-121.484,39.19],[-121.594,39.164],[-121.569,39.308],[-121.406,39.341],[-121.334,39.426],[-121.305,39.52],[-121.159,39.52],[-121.077,39.597],[-121.43,39.9],[-121.419,40.016],[-121.367,40.086],[-121.405,40.152],[-121.446,40.156],[-121.444,40.191],[-121.368,40.213],[-121.349,40.273],[-121.377,40.298],[-121.342,40.31],[-121.472,40.352],[-121.498,40.446],[-121.061,40.447],[-121.061,40.256],[-120.929,40.192],[-120.872,40.199],[-120.872,40.242],[-120.764,40.316],[-120.577,40.285],[-120.379,40.13],[-120.21,40.086],[-120.201,40.013],[-120.1,39.91],[-120.111,39.766],[-120.147,39.708],[-120.001,39.722],[-119.999,41.995],[-123.518,42.001],[-123.559,41.906],[-123.642,41.89],[-123.704,41.829],[-123.66,41.714],[-123.719,41.596]]]},"properties":{"STATE":"06","GEOID":"0601","NAME":"Congressional District 1"}},{"type":"Feature","geometry":{"type":"Polygon","coordinates":[[[-118.404,34.253],[-118.343,34.207],[-118.37,34.201],[-118.345,34.142],[-118.391,34.072],[-118.351,34.053],[-118.309,34.084],[-118.224,34.082],[-118.253,34.124],[-118.152,34.157],[-118.249,34.222],[-118.238,34.267],[-118.188,34.294],[-118.199,34.429],[-118.276,34.436],[-118.311,34.323],[-118.268,34.301],[-118.404,34.253]]]},"properties":{"STATE":"06","GEOID":"0630","NAME":"Congressional District 30"}},{"type":"Feature","geometry":{"type":"Polygon","coordinates":[[[-97.922,33.008],[-97.315,32.973],[-96.844,33.011],[-96.84,33.153],[-96.923,33.133],[-96.882,33.163],[-96.88,33.204],[-96.904,33.203],[-96.839,33.219],[-96.834,33.405],[-96.944,33.416],[-96.945,33.949],[-96.994,33.949],[-96.984,33.891],[-97.021,33.846],[-97.088,33.853],[-97.048,33.817],[-97.093,33.804],[-97.086,33.743],[-97.121,33.717],[-97.193,33.76],[-97.205,33.819],[-97.167,33.847],[-97.206,33.914],[-97.271,33.858],[-97.309,33.889],[-97.333,33.855],[-97.332,33.884],[-97.365,33.824],[-97.414,33.818],[-97.459,33.835],[-97.451,33.891],[-97.484,33.916],[-97.487,33.434],[-97.219,33.425],[-97.221,33.326],[-97.141,33.332],[-97.109,33.285],[-97.045,33.269],[-97.02,33.177],[-97.115,33.133],[-97.162,33.219],[-97.389,33.219],[-97.411,33.251],[-97.711,33.23],[-97.746,33.19],[-97.781,33.217],[-97.861,33.115],[-97.92,33.099],[-97.922,33.008]]]},"properties":{"STATE":"48","GEOID":"4826","NAME":"Congressional District 26"}},{"type":"Feature","geometry":{"type":"Polygon","coordinates":[[[-103.065,32.683],[-103.065,32.087],[-99.631,32.081],[-99.63,32.437],[-99.455,32.407],[-99.454,32.457],[-99.397,32.515],[-99.096,32.515],[-99.096,32.957],[-98.951,32.957],[-98.954,33.398],[-101.039,33.397],[-101.041,34.312],[-101.472,34.312],[-101.472,34.747],[-103.043,34.747],[-103.065,32.683]]]},"properties":{"STATE":"48","GEOID":"4819","NAME":"Congressional District 19"}},{"type":"Feature","geometry":{"type":"Polygon","coordinates":[[[-78.046,36.544],[-77.103,36.545],[-77.099,36.572],[-77.072,36.546],[-77.038,36.572],[-77.099,36.607],[-77.047,36.627],[-77.083,36.635],[-77.102,36.699],[-77.067,36.694],[-77.081,36.723],[-77.046,36.774],[-76.965,36.781],[-76.946,36.831],[-77.015,36.859],[-77.01,36.886],[-76.97,36.886],[-77.002,36.921],[-76.698,37.059],[-76.643,37.189],[-76.692,37.211],[-76.75,37.172],[-76.809,37.222],[-76.883,37.223],[-76.874,37.363],[-76.916,37.353],[-76.905,37.405],[-76.943,37.383],[-76.941,37.41],[-77.096,37.44],[-77.231,37.539],[-77.505,37.666],[-77.541,37.633],[-77.51,37.584],[-77.601,37.545],[-77.528,37.525],[-77.622,37.463],[-77.594,37.44],[-77.63,37.424],[-77.577,37.392],[-77.632,37.34],[-77.553,37.325],[-77.557,37.25],[-77.651,37.265],[-77.748,37.193],[-77.9,37.144],[-77.89,36.989],[-77.968,36.987],[-78.004,37.023],[-78.046,36.544]]]},"properties":{"STATE":"51","GEOID":"5104","NAME":"Congressional District 4"}},{"type":"Feature","geometry":{"type":"Polygon","coordinates":[[[-111.914,40.459],[-111.773,40.341],[-111.718,40.182],[-111.748,40.166],[-111.511,40.159],[-111.494,40.194],[-111.542,40.247],[-111.513,40.283],[-111.313,40.287],[-111.225,40.166],[-111.246,40.047],[-111.204,40.049],[-111.119,39.968],[-111.131,39.947],[-111.083,39.943],[-111.083,39.9],[-110.858,39.9],[-110.858,39.813],[-111.247,39.813],[-111.248,39.467],[-111.301,39.467],[-111.306,38.5],[-110.025,38.5],[-110.011,38.449],[-110.044,38.449],[-110.003,38.414],[-110.033,38.386],[-110.013,38.364],[-109.977,38.389],[-109.983,38.351],[-109.941,38.354],[-109.963,38.319],[-109.889,38.23],[-109.92,38.221],[-109.887,38.183],[-110.026,38.097],[-110.078,37.998],[-110.136,38.005],[-110.202,37.947],[-110.209,37.894],[-110.269,37.898],[-110.283,37.866],[-110.303,37.89],[-110.404,37.881],[-110.437,37.807],[-110.477,37.8],[-110.426,37.775],[-110.498,37.652],[-110.603,37.603],[-110.6,37.569],[-110.664,37.518],[-110.64,37.486],[-110.748,37.458],[-110.699,37.432],[-110.753,37.405],[-110.722,37.372],[-110.736,37.346],[-110.805,37.321],[-110.873,37.346],[-110.839,37.3],[-110.873,37.287],[-110.89,37.193],[-110.958,37.125],[-111.176,37.103],[-111.218,37.057],[-111.24,37.068],[-111.24,37.022],[-111.3,37.067],[-111.282,37.042],[-111.306,37.013],[-111.413,37.002],[-109.045,36.999],[-109.05,41.001],[-110.872,40.997],[-110.859,40.94],[-110.967,40.838],[-111.401,40.813],[-111.379,40.738],[-111.434,40.739],[-111.437,40.681],[-111.558,40.677],[-111.606,40.713],[-111.866,40.687],[-111.866,40.622],[-111.906,40.615],[-111.891,40.494],[-111.914,40.459]]]},"properties":{"STATE":"49","GEOID":"4903","NAME":"Congressional District 3"}},{"type":"Feature","geometry":{"type":"Polygon","coordinates":[[[-114.042,41.002],[-112.799,41],[-112.452,41.087],[-112.127,41.089],[-112.044,40.99],[-111.892,41.017],[-111.863,40.904],[-111.816,40.871],[-111.918,40.807],[-111.891,40.75],[-111.83,40.745],[-111.831,40.687],[-111.606,40.713],[-111.558,40.677],[-111.437,40.681],[-111.434,40.739],[-111.379,40.738],[-111.401,40.813],[-110.967,40.838],[-110.852,40.964],[-110.872,40.997],[-111.047,40.998],[-111.047,42.002],[-114.041,41.994],[-114.042,41.002]]]},"properties":{"STATE":"49","GEOID":"4901","NAME":"Congressional District 1"}},{"type":"Feature","geometry":{"type":"Polygon","coordinates":[[[-112.353,39.555],[-112.193,39.54],[-112.189,39.329],[-112.016,39.315],[-112.014,39.046],[-111.299,39.032],[-111.301,39.467],[-111.248,39.467],[-111.247,39.813],[-110.858,39.813],[-110.858,39.9],[-111.083,39.9],[-111.083,39.943],[-111.131,39.947],[-111.119,39.968],[-111.204,40.049],[-111.246,40.047],[-111.225,40.166],[-111.313,40.287],[-111.513,40.283],[-111.542,40.247],[-111.494,40.194],[-111.511,40.159],[-111.748,40.166],[-111.718,40.182],[-111.773,40.341],[-111.913,40.452],[-111.891,40.494],[-111.906,40.615],[-111.866,40.622],[-111.866,40.687],[-112.025,40.682],[-112.035,40.631],[-112.196,40.629],[-112.172,40.47],[-112.214,40.452],[-112.176,40.336],[-112.192,40.264],[-112.144,40.173],[-112.174,40.154],[-112.151,40.107],[-112.18,40.012],[-112.11,39.974],[-112.104,39.929],[-112.054,39.893],[-112.081,39.865],[-112.065,39.83],[-112.115,39.757],[-112.18,39.757],[-112.301,39.646],[-112.353,39.555]]]},"properties":{"STATE":"49","GEOID":"4904","NAME":"Congressional District 4"}},{"type":"Feature","geometry":{"type":"Polygon","coordinates":[[[-114.053,37.553],[-114.05,37],[-111.371,37.002],[-111.305,37.013],[-111.282,37.042],[-111.3,37.067],[-111.242,37.021],[-111.24,37.068],[-111.218,37.057],[-111.178,37.103],[-110.989,37.112],[-110.902,37.173],[-110.873,37.287],[-110.838,37.303],[-110.873,37.346],[-110.805,37.321],[-110.736,37.346],[-110.722,37.372],[-110.753,37.405],[-110.699,37.432],[-110.748,37.458],[-110.64,37.486],[-110.664,37.518],[-110.6,37.569],[-110.603,37.603],[-110.498,37.652],[-110.426,37.775],[-110.477,37.8],[-110.437,37.807],[-110.405,37.88],[-110.308,37.891],[-110.283,37.866],[-110.269,37.898],[-110.209,37.894],[-110.202,37.947],[-110.136,38.005],[-110.078,37.998],[-110.026,38.097],[-109.887,38.183],[-109.92,38.221],[-109.889,38.23],[-109.963,38.319],[-109.941,38.354],[-109.983,38.351],[-109.977,38.389],[-110.013,38.364],[-110.033,38.386],[-110.003,38.414],[-110.044,38.449],[-110.011,38.449],[-110.025,38.5],[-111.306,38.5],[-111.299,39.032],[-112.014,39.046],[-112.016,39.315],[-112.189,39.329],[-112.193,39.54],[-112.354,39.554],[-112.301,39.646],[-112.18,39.757],[-112.115,39.757],[-112.065,39.83],[-112.081,39.865],[-112.054,39.893],[-112.104,39.929],[-112.11,39.974],[-112.18,40.012],[-112.151,40.107],[-112.174,40.154],[-112.144,40.173],[-112.199,40.307],[-112.176,40.336],[-112.214,40.453],[-112.172,40.471],[-112.198,40.626],[-112.035,40.631],[-112.025,40.682],[-111.831,40.687],[-111.83,40.745],[-111.891,40.75],[-111.918,40.807],[-111.816,40.871],[-111.863,40.904],[-111.892,41.017],[-112.034,40.988],[-112.127,41.089],[-112.452,41.087],[-112.799,41],[-114.042,41],[-114.053,37.553]]]},"properties":{"STATE":"49","GEOID":"4902","NAME":"Congressional District 2"}},{"type":"Feature","geometry":{"type":"Polygon","coordinates":[[[-82.312,28.96],[-82.17,28.796],[-82.275,28.656],[-82.212,28.574],[-82.054,28.521],[-82.056,28.248],[-81.974,28.128],[-81.906,28.172],[-81.836,28.154],[-81.794,28.167],[-81.806,28.186],[-81.777,28.165],[-81.681,28.21],[-81.621,28.254],[-81.659,28.254],[-81.674,28.347],[-81.532,28.347],[-81.475,28.41],[-81.477,28.462],[-81.508,28.476],[-81.499,28.618],[-81.459,28.634],[-81.42,28.815],[-81.687,28.788],[-81.692,28.838],[-81.751,28.835],[-81.799,28.881],[-81.953,28.887],[-81.954,28.96],[-82.312,28.96]]]},"properties":{"STATE":"12","GEOID":"1211","NAME":"Congressional District 11"}},{"type":"Feature","geometry":{"type":"Polygon","coordinates":[[[-76.646,37.127],[-76.442,36.939],[-76.4,36.931],[-76.462,36.783],[-76.226,36.745],[-76.206,36.777],[-76.228,36.833],[-76.178,36.852],[-76.198,36.887],[-76.134,37.041],[-76.135,37.118],[-76.445,37.095],[-76.565,37.221],[-76.646,37.127]]]},"properties":{"STATE":"51","GEOID":"5103","NAME":"Congressional District 3"}},{"type":"Feature","geometry":{"type":"Polygon","coordinates":[[[-83.675,36.601],[-81.934,36.594],[-81.923,36.616],[-81.443,36.577],[-79.715,36.542],[-79.594,37.042],[-79.459,37.017],[-79.491,37.061],[-79.443,37.056],[-79.33,37.238],[-79.408,37.278],[-79.39,37.336],[-79.318,37.375],[-79.399,37.459],[-79.295,37.499],[-79.445,37.618],[-79.44,37.564],[-79.559,37.496],[-79.583,37.452],[-79.677,37.484],[-79.814,37.404],[-79.775,37.377],[-79.844,37.318],[-79.843,37.23],[-79.963,37.137],[-80.005,37.158],[-80.001,37.193],[-79.956,37.21],[-79.998,37.252],[-80.094,37.283],[-80.192,37.234],[-80.259,37.309],[-80.25,37.352],[-80.067,37.426],[-79.969,37.544],[-80.033,37.66],[-80.145,37.596],[-80.221,37.628],[-80.329,37.564],[-80.33,37.536],[-80.282,37.534],[-80.3,37.508],[-80.473,37.424],[-80.511,37.482],[-80.77,37.372],[-80.859,37.429],[-80.883,37.384],[-80.849,37.347],[-80.899,37.316],[-81.225,37.235],[-81.365,37.338],[-81.416,37.274],[-81.499,37.258],[-81.561,37.207],[-81.678,37.202],[-81.757,37.276],[-81.854,37.288],[-81.933,37.369],[-81.936,37.438],[-81.992,37.461],[-81.926,37.514],[-81.968,37.538],[-82.349,37.268],[-82.721,37.121],[-82.722,37.045],[-82.867,36.978],[-82.879,36.89],[-83.073,36.854],[-83.135,36.743],[-83.53,36.666],[-83.675,36.601]]]},"properties":{"STATE":"51","GEOID":"5109","NAME":"Congressional District 9"}},{"type":"Feature","geometry":{"type":"Polygon","coordinates":[[[-77.878,37.383],[-77.797,37.334],[-77.807,37.305],[-77.762,37.27],[-77.707,37.3],[-77.573,37.237],[-77.553,37.324],[-77.631,37.337],[-77.575,37.387],[-77.63,37.424],[-77.594,37.44],[-77.622,37.463],[-77.528,37.525],[-77.601,37.545],[-77.51,37.584],[-77.541,37.633],[-77.505,37.666],[-77.231,37.539],[-77.096,37.44],[-76.941,37.41],[-76.943,37.383],[-76.905,37.405],[-76.916,37.353],[-76.874,37.363],[-76.883,37.223],[-76.809,37.222],[-76.744,37.171],[-76.673,37.21],[-76.642,37.154],[-76.565,37.221],[-76.445,37.095],[-76.135,37.118],[-76.141,37.543],[-76.237,37.89],[-76.517,38.027],[-76.605,38.149],[-76.874,38.172],[-76.949,38.208],[-76.998,38.278],[-77.045,38.26],[-77.068,38.145],[-77.116,38.15],[-77.105,38.127],[-77.17,38.08],[-77.07,37.965],[-77.166,37.965],[-77.18,37.892],[-77.241,37.91],[-77.251,37.871],[-77.375,37.776],[-77.402,37.806],[-77.554,37.776],[-77.54,37.792],[-77.574,37.805],[-77.641,37.765],[-77.621,37.726],[-77.652,37.617],[-77.616,37.577],[-77.809,37.426],[-77.875,37.417],[-77.878,37.383]]]},"properties":{"STATE":"51","GEOID":"5101","NAME":"Congressional District 1"}},{"type":"Feature","geometry":{"type":"Polygon","coordinates":[[[-77.239,38.667],[-77.227,38.605],[-77.13,38.635],[-77.123,38.685],[-77.043,38.719],[-77.033,38.855],[-77.15,38.966],[-77.21,38.931],[-77.222,38.82],[-77.219,38.793],[-77.136,38.784],[-77.239,38.667]]]},"properties":{"STATE":"51","GEOID":"5108","NAME":"Congressional District 8"}},{"type":"Feature","geometry":{"type":"Polygon","coordinates":[[[-79.715,36.542],[-78.046,36.544],[-78.004,37.023],[-77.968,36.987],[-77.89,36.989],[-77.9,37.144],[-77.649,37.255],[-77.707,37.3],[-77.764,37.271],[-77.807,37.305],[-77.797,37.334],[-77.877,37.364],[-77.875,37.417],[-77.809,37.426],[-77.616,37.577],[-77.652,37.617],[-77.621,37.726],[-77.641,37.765],[-77.574,37.805],[-77.5,37.772],[-77.413,37.8],[-77.419,37.861],[-77.747,38.024],[-77.745,38.051],[-77.838,38.106],[-78.102,38.153],[-78.209,38.131],[-78.607,38.258],[-78.598,38.236],[-78.725,38.231],[-78.788,38.127],[-78.779,38.083],[-78.874,38.028],[-78.899,37.949],[-79.005,37.882],[-79.062,37.918],[-79.157,37.891],[-79.171,37.8],[-79.265,37.795],[-79.345,37.661],[-79.437,37.617],[-79.295,37.499],[-79.4,37.456],[-79.318,37.375],[-79.39,37.336],[-79.408,37.278],[-79.33,37.238],[-79.443,37.056],[-79.491,37.061],[-79.46,37.016],[-79.594,37.042],[-79.715,36.542]]]},"properties":{"STATE":"51","GEOID":"5105","NAME":"Congressional District 5"}},{"type":"Feature","geometry":{"type":"Polygon","coordinates":[[[-80.296,37.692],[-80.268,37.646],[-80.146,37.596],[-80.021,37.647],[-79.969,37.544],[-80.067,37.426],[-80.25,37.352],[-80.259,37.309],[-80.192,37.234],[-80.094,37.283],[-79.998,37.252],[-79.956,37.21],[-80.001,37.193],[-80.005,37.158],[-79.954,37.14],[-79.843,37.23],[-79.844,37.318],[-79.775,37.377],[-79.814,37.404],[-79.677,37.484],[-79.583,37.452],[-79.559,37.496],[-79.44,37.564],[-79.445,37.618],[-79.345,37.661],[-79.265,37.795],[-79.171,37.8],[-79.157,37.891],[-79.062,37.918],[-79.005,37.882],[-78.899,37.949],[-78.874,38.028],[-78.779,38.083],[-78.745,38.214],[-78.552,38.336],[-78.465,38.447],[-78.443,38.528],[-78.326,38.631],[-78.319,38.738],[-78.2,38.777],[-78.153,38.854],[-78.062,38.892],[-78.062,38.93],[-77.828,39.132],[-78.347,39.466],[-78.367,39.359],[-78.339,39.349],[-78.439,39.198],[-78.404,39.167],[-78.572,39.032],[-78.55,39.018],[-78.602,38.965],[-78.628,38.982],[-78.697,38.914],[-78.719,38.905],[-78.717,38.936],[-78.786,38.887],[-78.869,38.763],[-79,38.846],[-79.085,38.725],[-79.093,38.66],[-79.13,38.655],[-79.211,38.493],[-79.283,38.418],[-79.477,38.457],[-79.537,38.551],[-79.649,38.592],[-79.726,38.364],[-79.81,38.307],[-79.789,38.269],[-79.92,38.183],[-79.945,38.132],[-79.926,38.107],[-79.999,37.995],[-80.162,37.875],[-80.296,37.692]]]},"properties":{"STATE":"51","GEOID":"5106","NAME":"Congressional District 6"}},{"type":"Feature","geometry":{"type":"Polygon","coordinates":[[[-78.338,38.627],[-78.232,38.533],[-78.176,38.521],[-77.909,38.697],[-77.86,38.621],[-77.877,38.585],[-77.755,38.43],[-77.635,38.41],[-77.632,38.47],[-77.531,38.557],[-77.579,38.628],[-77.429,38.634],[-77.441,38.659],[-77.349,38.678],[-77.332,38.718],[-77.359,38.728],[-77.301,38.753],[-77.393,38.841],[-77.398,38.812],[-77.456,38.812],[-77.497,38.887],[-77.328,39.058],[-77.457,39.073],[-77.521,39.121],[-77.518,39.169],[-77.458,39.225],[-77.565,39.305],[-77.72,39.321],[-77.863,39.081],[-78.062,38.93],[-78.062,38.892],[-78.153,38.854],[-78.2,38.777],[-78.319,38.738],[-78.338,38.627]]]},"properties":{"STATE":"51","GEOID":"5110","NAME":"Congressional District 10"}},{"type":"Feature","geometry":{"type":"Polygon","coordinates":[[[-77.107,36.564],[-75.797,36.551],[-75.928,36.938],[-75.89,37.055],[-75.766,37.155],[-75.716,37.276],[-75.644,37.342],[-75.53,37.557],[-75.542,37.606],[-75.461,37.771],[-75.417,37.821],[-75.303,37.838],[-75.166,38.028],[-75.624,37.994],[-75.648,37.947],[-75.705,37.955],[-75.801,37.912],[-75.953,37.907],[-75.944,37.946],[-76.052,37.954],[-76.236,37.887],[-76.141,37.543],[-76.137,37.375],[-76.134,37.041],[-76.193,36.918],[-76.179,36.851],[-76.226,36.84],[-76.22,36.753],[-76.462,36.783],[-76.4,36.931],[-76.625,37.089],[-76.642,37.154],[-76.675,37.139],[-76.699,37.058],[-77.002,36.921],[-76.97,36.886],[-77.016,36.862],[-76.946,36.831],[-76.952,36.804],[-77.046,36.774],[-77.081,36.723],[-77.067,36.694],[-77.102,36.699],[-77.083,36.635],[-77.046,36.618],[-77.1,36.602],[-77.038,36.572],[-77.072,36.546],[-77.107,36.564]]]},"properties":{"STATE":"51","GEOID":"5102","NAME":"Congressional District 2"}},{"type":"Feature","geometry":{"type":"Polygon","coordinates":[[[-78.727,38.231],[-78.598,38.236],[-78.607,38.258],[-78.209,38.131],[-78.102,38.153],[-77.838,38.106],[-77.745,38.051],[-77.747,38.024],[-77.643,37.992],[-77.618,37.95],[-77.576,37.958],[-77.484,37.883],[-77.445,37.895],[-77.423,37.81],[-77.376,37.776],[-77.251,37.871],[-77.241,37.91],[-77.18,37.892],[-77.166,37.965],[-77.07,37.965],[-77.17,38.08],[-77.105,38.127],[-77.116,38.15],[-77.068,38.145],[-77.045,38.26],[-76.998,38.278],[-77.042,38.401],[-77.179,38.342],[-77.284,38.343],[-77.319,38.474],[-77.22,38.646],[-77.334,38.717],[-77.349,38.678],[-77.441,38.659],[-77.429,38.634],[-77.579,38.628],[-77.531,38.557],[-77.632,38.47],[-77.637,38.41],[-77.755,38.43],[-77.877,38.585],[-77.86,38.621],[-77.909,38.697],[-78.176,38.521],[-78.232,38.533],[-78.338,38.627],[-78.443,38.528],[-78.465,38.447],[-78.552,38.336],[-78.727,38.231]]]},"properties":{"STATE":"51","GEOID":"5107","NAME":"Congressional District 7"}},{"type":"Feature","geometry":{"type":"Polygon","coordinates":[[[-77.497,38.887],[-77.456,38.812],[-77.398,38.812],[-77.393,38.841],[-77.36,38.787],[-77.297,38.776],[-77.359,38.724],[-77.239,38.667],[-77.136,38.784],[-77.219,38.793],[-77.217,38.91],[-77.18,38.968],[-77.235,38.976],[-77.247,39.025],[-77.306,39.052],[-77.497,38.887]]]},"properties":{"STATE":"51","GEOID":"5111","NAME":"Congressional District 11"}},{"type":"Feature","geometry":{"type":"Polygon","coordinates":[[[-117.664,33.86],[-117.536,33.758],[-117.534,33.71],[-117.413,33.659],[-117.458,33.602],[-117.42,33.623],[-117.394,33.549],[-117.345,33.554],[-117.317,33.601],[-117.245,33.576],[-117.171,33.612],[-117.171,33.642],[-117.154,33.598],[-117.118,33.598],[-117.13,33.565],[-117.075,33.585],[-117.022,33.561],[-116.989,33.592],[-116.948,33.565],[-116.94,33.514],[-116.859,33.513],[-116.753,33.563],[-116.614,33.541],[-116.57,33.561],[-116.57,33.598],[-116.486,33.566],[-116.408,33.598],[-116.399,33.642],[-116.321,33.642],[-116.321,33.613],[-116.268,33.613],[-116.285,33.584],[-116.225,33.616],[-116.267,33.738],[-116.298,33.733],[-116.302,33.759],[-116.436,33.827],[-116.443,33.774],[-116.482,33.761],[-116.494,33.871],[-116.571,33.932],[-116.58,33.901],[-116.615,33.902],[-116.583,33.875],[-116.633,33.888],[-116.64,33.924],[-116.678,33.923],[-116.667,33.888],[-116.695,33.921],[-116.737,33.906],[-116.72,33.886],[-116.797,33.886],[-116.783,33.837],[-116.81,33.839],[-116.73,33.809],[-116.802,33.732],[-116.922,33.731],[-116.962,33.686],[-117.12,33.693],[-117.068,33.758],[-117.036,33.751],[-117.061,33.837],[-116.963,33.831],[-116.999,33.869],[-116.958,33.904],[-117.071,33.964],[-117.017,33.954],[-117.034,33.968],[-117.007,33.983],[-116.947,33.958],[-116.934,34.005],[-117.233,34.002],[-117.226,33.967],[-117.148,33.961],[-117.088,33.904],[-117.175,33.893],[-117.204,33.845],[-117.136,33.841],[-117.18,33.743],[-117.284,33.699],[-117.331,33.836],[-117.314,33.873],[-117.353,33.873],[-117.331,33.902],[-117.507,33.868],[-117.532,33.879],[-117.5,33.89],[-117.502,33.945],[-117.593,33.961],[-117.63,33.883],[-117.613,33.865],[-117.664,33.86]]]},"properties":{"STATE":"06","GEOID":"0641","NAME":"Congressional District 41"}},{"type":"Feature","geometry":{"type":"Polygon","coordinates":[[[-105.073,38.808],[-104.94,38.797],[-104.942,38.52],[-104.275,38.521],[-104.277,38.781],[-104.314,38.781],[-104.314,38.853],[-104.278,38.875],[-104.352,38.867],[-104.331,38.954],[-104.368,38.954],[-104.405,39.041],[-104.548,39.043],[-104.552,39.129],[-105.033,39.13],[-105.009,38.929],[-105.029,38.869],[-105.066,38.869],[-105.073,38.808]]]},"properties":{"STATE":"08","GEOID":"0805","NAME":"Congressional District 5"}},{"type":"Feature","geometry":{"type":"Polygon","coordinates":[[[-93.06,38.693],[-92.84,38.684],[-92.842,38.597],[-92.625,38.431],[-92.634,38.348],[-92.69,38.348],[-92.696,38.222],[-92.75,38.217],[-92.783,38.175],[-92.776,38.135],[-92.737,38.142],[-92.71,38.098],[-92.605,38.158],[-92.57,38.067],[-92.516,38.023],[-91.966,38.01],[-91.895,38.051],[-91.632,38.051],[-91.631,38.154],[-91.525,38.152],[-91.529,37.789],[-91.308,37.787],[-91.311,37.7],[-91.147,37.697],[-91.147,37.741],[-90.645,37.735],[-90.64,38.077],[-90.538,38.108],[-90.533,38.145],[-90.492,38.139],[-90.519,38.156],[-90.513,38.501],[-90.591,38.502],[-90.614,38.471],[-90.654,38.488],[-90.68,38.446],[-90.732,38.482],[-90.78,38.204],[-91.368,38.204],[-91.369,38.699],[-91.419,38.71],[-91.416,38.845],[-91.016,38.83],[-90.836,38.806],[-90.777,38.77],[-90.772,38.804],[-90.7,38.802],[-90.71,38.773],[-90.674,38.766],[-90.699,38.746],[-90.659,38.726],[-90.69,38.712],[-90.595,38.68],[-90.538,38.689],[-90.45,38.82],[-90.365,38.826],[-90.327,38.89],[-90.188,38.818],[-90.118,38.806],[-90.109,38.844],[-90.25,38.919],[-90.451,38.968],[-90.561,38.869],[-90.663,38.934],[-90.708,38.903],[-90.729,38.931],[-90.793,38.917],[-90.819,38.876],[-90.95,38.895],[-90.959,38.871],[-91.111,38.873],[-91.11,38.932],[-91.189,38.932],[-91.188,38.992],[-91.264,38.993],[-91.26,39.14],[-91.63,39.148],[-91.634,39.059],[-92.132,39.064],[-92.15,38.954],[-92.396,38.956],[-92.564,38.993],[-92.558,38.971],[-92.792,38.972],[-92.91,39.016],[-92.935,39.065],[-93.048,38.972],[-93.06,38.693]]]},"properties":{"STATE":"29","GEOID":"2903","NAME":"Congressional District 3"}},{"type":"Feature","geometry":{"type":"Polygon","coordinates":[[[-90.489,38.685],[-90.422,38.673],[-90.415,38.636],[-90.359,38.653],[-90.377,38.576],[-90.306,38.634],[-90.314,38.579],[-90.258,38.532],[-90.179,38.629],[-90.21,38.726],[-90.118,38.806],[-90.327,38.89],[-90.365,38.826],[-90.438,38.828],[-90.469,38.797],[-90.45,38.693],[-90.489,38.685]]]},"properties":{"STATE":"29","GEOID":"2901","NAME":"Congressional District 1"}},{"type":"Feature","geometry":{"type":"Polygon","coordinates":[[[-94.609,39.116],[-94.608,38.847],[-94.278,38.835],[-94.272,39.021],[-94.304,39.026],[-94.293,39.063],[-94.336,39.062],[-94.282,39.11],[-94.419,39.149],[-94.468,39.125],[-94.492,39.318],[-94.601,39.333],[-94.609,39.116]]]},"properties":{"STATE":"29","GEOID":"2905","NAME":"Congressional District 5"}},{"type":"Feature","geometry":{"type":"Polygon","coordinates":[[[-95.775,40.574],[-95.753,40.525],[-95.709,40.522],[-95.679,40.563],[-95.656,40.547],[-95.7,40.505],[-95.623,40.342],[-95.657,40.311],[-95.562,40.297],[-95.552,40.262],[-95.476,40.241],[-95.479,40.186],[-95.393,40.119],[-95.411,40.036],[-95.315,40.012],[-95.129,39.874],[-95.039,39.865],[-95.015,39.9],[-94.954,39.901],[-94.928,39.886],[-94.94,39.852],[-94.878,39.826],[-94.935,39.776],[-94.867,39.772],[-94.865,39.739],[-94.963,39.741],[-94.971,39.686],[-95.05,39.638],[-95.051,39.588],[-95.114,39.554],[-94.942,39.389],[-94.885,39.39],[-94.901,39.302],[-94.752,39.173],[-94.602,39.16],[-94.601,39.333],[-94.561,39.333],[-94.492,39.318],[-94.467,39.124],[-94.419,39.149],[-94.314,39.137],[-94.282,39.11],[-94.308,39.09],[-94.201,39.065],[-94.2,39.095],[-94.107,39.092],[-94.105,39.144],[-94.048,39.14],[-94.034,39.188],[-93.98,39.206],[-93.969,39.142],[-93.855,39.213],[-93.711,39.206],[-93.653,39.248],[-93.505,39.217],[-93.473,39.293],[-93.405,39.263],[-93.411,39.231],[-93.373,39.231],[-93.329,39.255],[-93.337,39.307],[-93.225,39.329],[-93.177,39.412],[-93.088,39.379],[-93.052,39.321],[-92.96,39.313],[-92.906,39.222],[-92.849,39.226],[-92.79,39.344],[-92.43,39.249],[-92.104,39.24],[-92.11,39.064],[-91.634,39.059],[-91.63,39.148],[-91.26,39.14],[-91.264,38.993],[-91.188,38.992],[-91.189,38.932],[-91.11,38.932],[-91.111,38.873],[-90.959,38.871],[-90.95,38.895],[-90.819,38.876],[-90.793,38.917],[-90.729,38.931],[-90.708,38.903],[-90.663,38.934],[-90.714,39.054],[-90.681,39.101],[-90.73,39.256],[-91.038,39.448],[-91.1,39.539],[-91.154,39.548],[-91.182,39.603],[-91.369,39.731],[-91.362,39.79],[-91.437,39.847],[-91.419,39.928],[-91.495,40.036],[-91.511,40.126],[-91.491,40.283],[-91.419,40.378],[-91.525,40.411],[-91.525,40.458],[-91.575,40.466],[-91.62,40.541],[-91.689,40.557],[-91.729,40.614],[-95.775,40.574]]]},"properties":{"STATE":"29","GEOID":"2906","NAME":"Congressional District 6"}},{"type":"Feature","geometry":{"type":"Polygon","coordinates":[[[-94.618,37.682],[-94.618,37.364],[-94.082,37.349],[-94.084,37.291],[-93.626,37.282],[-93.621,37.427],[-93.073,37.415],[-93.077,37.271],[-92.971,37.268],[-92.972,37.234],[-92.68,37.242],[-92.687,37.482],[-92.252,37.473],[-92.249,37.605],[-92.029,37.603],[-92.021,38.011],[-92.516,38.023],[-92.57,38.067],[-92.605,38.158],[-92.691,38.09],[-92.737,38.142],[-92.776,38.135],[-92.756,38.212],[-92.696,38.222],[-92.69,38.348],[-92.634,38.348],[-92.625,38.431],[-92.842,38.597],[-92.84,38.684],[-93.06,38.693],[-93.048,38.972],[-92.935,39.065],[-92.91,39.016],[-92.792,38.972],[-92.558,38.971],[-92.564,38.993],[-92.396,38.956],[-92.15,38.954],[-92.11,39.064],[-92.104,39.24],[-92.43,39.249],[-92.79,39.344],[-92.849,39.226],[-92.906,39.222],[-92.96,39.313],[-93.052,39.321],[-93.088,39.379],[-93.181,39.412],[-93.221,39.332],[-93.337,39.307],[-93.329,39.255],[-93.375,39.231],[-93.478,39.293],[-93.505,39.217],[-93.653,39.248],[-93.711,39.206],[-93.855,39.213],[-93.969,39.142],[-93.98,39.206],[-94.034,39.188],[-94.048,39.14],[-94.105,39.144],[-94.107,39.092],[-94.2,39.095],[-94.201,39.065],[-94.31,39.092],[-94.336,39.062],[-94.293,39.063],[-94.304,39.026],[-94.272,39.021],[-94.278,38.835],[-94.608,38.847],[-94.618,37.682]]]},"properties":{"STATE":"29","GEOID":"2904","NAME":"Congressional District 4"}},{"type":"Feature","geometry":{"type":"Polygon","coordinates":[[[-91.419,38.71],[-91.369,38.699],[-91.368,38.204],[-90.78,38.204],[-90.732,38.482],[-90.68,38.446],[-90.656,38.487],[-90.614,38.471],[-90.591,38.502],[-90.405,38.501],[-90.411,38.453],[-90.336,38.453],[-90.342,38.387],[-90.291,38.431],[-90.257,38.532],[-90.314,38.579],[-90.306,38.634],[-90.377,38.576],[-90.359,38.653],[-90.415,38.636],[-90.422,38.673],[-90.489,38.683],[-90.45,38.693],[-90.459,38.756],[-90.53,38.732],[-90.551,38.682],[-90.663,38.687],[-90.7,38.802],[-90.772,38.804],[-90.777,38.77],[-90.836,38.806],[-91.016,38.83],[-91.416,38.845],[-91.419,38.71]]]},"properties":{"STATE":"29","GEOID":"2902","NAME":"Congressional District 2"}},{"type":"Feature","geometry":{"type":"Polygon","coordinates":[[[-94.619,36.883],[-94.618,36.499],[-92.772,36.498],[-92.765,36.806],[-92.909,36.809],[-92.903,37.071],[-92.686,37.067],[-92.68,37.242],[-92.972,37.234],[-92.971,37.268],[-93.077,37.271],[-93.073,37.415],[-93.621,37.427],[-93.626,37.282],[-94.084,37.291],[-94.082,37.349],[-94.618,37.364],[-94.619,36.883]]]},"properties":{"STATE":"29","GEOID":"2907","NAME":"Congressional District 7"}},{"type":"Feature","geometry":{"type":"Polygon","coordinates":[[[-80.121,40.36],[-80.116,40.313],[-79.914,40.252],[-79.968,40.235],[-79.955,40.213],[-79.872,40.197],[-79.758,40.251],[-79.742,40.208],[-79.683,40.199],[-79.594,40.268],[-79.615,40.311],[-79.573,40.354],[-79.596,40.399],[-79.571,40.42],[-79.615,40.476],[-79.761,40.551],[-79.837,40.53],[-79.777,40.466],[-79.843,40.409],[-79.892,40.428],[-79.866,40.456],[-79.885,40.491],[-79.984,40.466],[-80.011,40.501],[-80.095,40.457],[-80.055,40.444],[-80.074,40.413],[-80.035,40.428],[-80.051,40.402],[-80.005,40.365],[-80.121,40.36]]]},"properties":{"STATE":"42","GEOID":"4212","NAME":"Congressional District 12"}},{"type":"Feature","geometry":{"type":"Polygon","coordinates":[[[-77.095,41.243],[-76.894,41.231],[-76.967,41.201],[-76.89,41.151],[-76.856,41.05],[-76.882,40.969],[-76.799,40.878],[-76.85,40.809],[-76.861,40.712],[-76.937,40.613],[-76.702,40.658],[-76.535,40.555],[-76.678,40.475],[-76.569,40.196],[-76.151,40.316],[-76.085,40.28],[-76.035,40.326],[-76.079,40.389],[-75.972,40.447],[-75.947,40.533],[-75.878,40.538],[-75.937,40.592],[-75.767,40.597],[-75.891,40.677],[-75.758,40.735],[-75.998,40.913],[-76.108,40.923],[-76.119,40.96],[-76.016,40.982],[-76.015,41.059],[-75.928,41.088],[-75.994,41.167],[-76.054,41.156],[-76.066,41.202],[-76.04,41.212],[-76.077,41.25],[-75.948,41.329],[-76.059,41.342],[-76.063,41.382],[-75.835,41.427],[-75.72,41.642],[-75.462,41.642],[-75.483,41.999],[-76.927,42.002],[-76.875,41.597],[-76.814,41.59],[-76.772,41.472],[-76.827,41.47],[-76.829,41.378],[-76.994,41.349],[-76.996,41.297],[-77.055,41.297],[-77.042,41.251],[-77.095,41.243]]]},"properties":{"STATE":"42","GEOID":"4209","NAME":"Congressional District 9"}},{"type":"Feature","geometry":{"type":"Polygon","coordinates":[[[-76.119,40.96],[-76.108,40.923],[-76.028,40.902],[-75.732,41.008],[-75.767,41.093],[-75.667,41.134],[-75.427,40.897],[-75.334,40.897],[-75.295,40.862],[-74.97,41.086],[-74.982,41.108],[-74.883,41.18],[-74.83,41.287],[-74.69,41.365],[-74.739,41.431],[-74.893,41.439],[-74.913,41.476],[-74.983,41.481],[-75.075,41.607],[-75.044,41.618],[-75.053,41.752],[-75.105,41.774],[-75.073,41.814],[-75.172,41.872],[-75.258,41.862],[-75.279,41.939],[-75.345,41.995],[-75.483,41.999],[-75.462,41.642],[-75.72,41.642],[-75.835,41.427],[-76.063,41.382],[-76.059,41.342],[-75.948,41.329],[-76.077,41.25],[-76.04,41.212],[-76.066,41.202],[-76.054,41.156],[-75.994,41.167],[-75.928,41.088],[-76.029,41.045],[-76.016,40.982],[-76.119,40.96]]]},"properties":{"STATE":"42","GEOID":"4208","NAME":"Congressional District 8"}},{"type":"Feature","geometry":{"type":"Polygon","coordinates":[[[-80.519,39.744],[-80.519,39.721],[-78.808,39.723],[-78.757,39.823],[-78.763,40.057],[-78.658,40.243],[-78.885,40.245],[-78.933,40.285],[-79.01,40.227],[-79.074,40.266],[-78.946,40.442],[-78.803,40.729],[-79.1,40.761],[-79.101,40.819],[-79.215,40.838],[-79.215,40.776],[-79.45,40.53],[-79.495,40.525],[-79.561,40.563],[-79.55,40.604],[-79.582,40.603],[-79.584,40.637],[-79.693,40.67],[-79.769,40.555],[-79.615,40.476],[-79.571,40.42],[-79.596,40.399],[-79.573,40.354],[-79.615,40.311],[-79.594,40.268],[-79.683,40.199],[-79.742,40.208],[-79.758,40.251],[-79.914,40.198],[-79.971,40.229],[-79.914,40.252],[-80.185,40.333],[-80.361,40.478],[-80.519,40.477],[-80.519,39.744]]]},"properties":{"STATE":"42","GEOID":"4214","NAME":"Congressional District 14"}},{"type":"Feature","geometry":{"type":"Polygon","coordinates":[[[-102.052,40],[-102.042,36.993],[-99.541,37],[-99.57,38.175],[-99.132,38.174],[-99.022,38.261],[-98.472,38.261],[-98.465,37.733],[-97.699,37.735],[-97.702,38.174],[-97.372,38.174],[-97.372,38.609],[-96.93,38.609],[-96.927,38.812],[-96.89,38.812],[-96.89,38.87],[-96.927,38.87],[-96.926,38.979],[-96.963,38.965],[-96.962,39.22],[-96.85,39.219],[-96.851,39.088],[-96.405,39.043],[-96.389,39.173],[-96.346,39.154],[-96.308,39.197],[-96.107,39.201],[-96.039,39.127],[-96.036,39.217],[-95.589,39.216],[-95.589,39.058],[-95.419,39.067],[-95.336,39.03],[-95.335,38.943],[-95.258,38.915],[-95.177,38.942],[-95.212,38.963],[-95.186,38.965],[-95.181,39.419],[-95.57,39.419],[-95.57,39.526],[-95.719,39.566],[-96.239,39.566],[-96.239,40.001],[-102.052,40]]]},"properties":{"STATE":"20","GEOID":"2001","NAME":"Congressional District 1"}},{"type":"Feature","geometry":{"type":"Polygon","coordinates":[[[-99.571,37.826],[-99.541,37],[-95.964,36.999],[-95.959,38.171],[-96.357,38.173],[-96.358,38.086],[-96.875,38.086],[-97.153,38.088],[-97.153,38.175],[-97.702,38.174],[-97.699,37.735],[-98.465,37.733],[-98.472,38.261],[-99.022,38.261],[-99.132,38.174],[-99.57,38.175],[-99.571,37.826]]]},"properties":{"STATE":"20","GEOID":"2004","NAME":"Congressional District 4"}},{"type":"Feature","geometry":{"type":"Polygon","coordinates":[[[-97.372,38.385],[-97.372,38.174],[-97.153,38.175],[-97.153,38.088],[-96.358,38.086],[-96.357,38.173],[-95.959,38.171],[-95.964,36.999],[-94.618,36.999],[-94.613,38.389],[-95.066,38.39],[-95.078,38.038],[-95.519,38.038],[-95.501,38.739],[-95.056,38.739],[-95.056,38.982],[-94.912,38.988],[-94.908,39.116],[-94.689,39.103],[-94.632,39.074],[-94.589,39.141],[-94.832,39.216],[-94.831,39.255],[-94.906,39.315],[-94.885,39.39],[-94.942,39.389],[-95.11,39.545],[-95.105,39.577],[-95.051,39.588],[-95.028,39.665],[-94.971,39.687],[-94.964,39.74],[-94.863,39.742],[-94.87,39.773],[-94.935,39.773],[-94.876,39.813],[-94.94,39.852],[-94.94,39.896],[-95.09,39.863],[-95.202,39.904],[-95.205,39.94],[-95.308,40],[-96.239,40.001],[-96.239,39.566],[-95.719,39.566],[-95.57,39.526],[-95.57,39.419],[-95.181,39.419],[-95.186,38.965],[-95.212,38.963],[-95.177,38.942],[-95.258,38.915],[-95.335,38.943],[-95.336,39.03],[-95.419,39.067],[-95.589,39.058],[-95.589,39.216],[-96.036,39.217],[-96.039,39.127],[-96.107,39.201],[-96.308,39.197],[-96.346,39.154],[-96.389,39.173],[-96.405,39.043],[-96.851,39.088],[-96.85,39.219],[-96.962,39.22],[-96.963,38.965],[-96.926,38.979],[-96.927,38.87],[-96.89,38.87],[-96.89,38.812],[-96.927,38.812],[-96.93,38.609],[-97.372,38.609],[-97.372,38.385]]]},"properties":{"STATE":"20","GEOID":"2002","NAME":"Congressional District 2"}},{"type":"Feature","geometry":{"type":"Polygon","coordinates":[[[-95.519,38.039],[-95.078,38.038],[-95.066,38.39],[-94.613,38.389],[-94.607,39.09],[-94.908,39.116],[-94.912,38.988],[-95.056,38.982],[-95.056,38.739],[-95.501,38.739],[-95.519,38.039]]]},"properties":{"STATE":"20","GEOID":"2003","NAME":"Congressional District 3"}},{"type":"Feature","geometry":{"type":"Polygon","coordinates":[[[-121.634,38.69],[-121.55,38.599],[-121.423,38.583],[-121.386,38.543],[-121.242,38.506],[-121.102,38.498],[-121.123,38.519],[-121.104,38.539],[-121.142,38.534],[-121.13,38.57],[-121.214,38.593],[-121.195,38.61],[-121.262,38.679],[-121.243,38.718],[-121.603,38.736],[-121.634,38.69]]]},"properties":{"STATE":"06","GEOID":"0606","NAME":"Congressional District 6"}},{"type":"Feature","geometry":{"type":"Polygon","coordinates":[[[-118.563,33.988],[-118.444,33.839],[-118.484,33.803],[-118.486,33.754],[-118.352,33.667],[-118.298,33.813],[-118.352,33.826],[-118.379,33.931],[-118.447,33.952],[-118.371,33.963],[-118.418,34.012],[-118.397,34.041],[-118.421,34.059],[-118.372,34.062],[-118.391,34.112],[-118.455,34.076],[-118.436,34.05],[-118.494,34.051],[-118.563,33.988]]]},"properties":{"STATE":"06","GEOID":"0636","NAME":"Congressional District 36"}},{"type":"Feature","geometry":{"type":"Polygon","coordinates":[[[-99.238,34.425],[-99.193,34.355],[-99.213,34.309],[-99.19,34.214],[-99.044,34.198],[-98.988,34.221],[-98.757,34.125],[-98.6,34.161],[-98.484,34.062],[-98.414,34.085],[-98.366,34.157],[-98.171,34.114],[-98.109,34.154],[-98.09,34.128],[-98.12,34.072],[-98.088,34.005],[-97.946,33.99],[-97.985,33.901],[-97.968,33.882],[-97.834,33.858],[-97.671,33.992],[-97.59,33.954],[-97.581,33.9],[-97.461,33.905],[-97.463,33.842],[-97.427,33.819],[-97.369,33.821],[-97.332,33.884],[-97.332,33.855],[-97.309,33.889],[-97.256,33.864],[-97.211,33.916],[-97.167,33.847],[-97.205,33.819],[-97.193,33.76],[-97.12,33.717],[-97.086,33.744],[-97.093,33.804],[-97.048,33.817],[-97.088,33.853],[-97.021,33.846],[-96.984,33.891],[-96.994,33.949],[-96.935,33.954],[-96.935,34.013],[-96.97,34.013],[-96.968,34.173],[-96.934,34.173],[-96.933,34.333],[-96.881,34.333],[-96.881,34.506],[-96.512,34.506],[-96.512,34.68],[-96.406,34.68],[-96.406,34.934],[-96.527,34.87],[-96.564,34.917],[-96.637,34.899],[-96.694,34.933],[-96.712,34.914],[-96.687,34.883],[-96.723,34.857],[-96.813,34.945],[-96.885,34.926],[-96.928,34.965],[-97.016,34.907],[-97.142,34.928],[-97.142,35.377],[-97.336,35.377],[-97.336,35.479],[-97.363,35.493],[-97.459,35.469],[-97.424,35.377],[-97.671,35.377],[-97.671,35.336],[-97.707,35.325],[-97.841,35.335],[-97.866,35.362],[-97.9,35.344],[-97.943,35.377],[-97.96,35.346],[-98.096,35.378],[-98.093,34.855],[-98.826,34.855],[-98.826,34.594],[-99.001,34.594],[-99.001,34.638],[-99.103,34.638],[-99.083,34.59],[-99.164,34.588],[-99.238,34.425]]]},"properties":{"STATE":"40","GEOID":"4004","NAME":"Congressional District 4"}},{"type":"Feature","geometry":{"type":"Polygon","coordinates":[[[-96.97,34.057],[-96.866,33.853],[-96.794,33.869],[-96.746,33.826],[-96.698,33.841],[-96.667,33.917],[-96.589,33.895],[-96.629,33.846],[-96.532,33.824],[-96.501,33.773],[-96.424,33.776],[-96.354,33.687],[-96.317,33.699],[-96.294,33.769],[-96.187,33.755],[-96.149,33.837],[-96.017,33.841],[-96.003,33.874],[-95.951,33.857],[-95.925,33.885],[-95.83,33.835],[-95.816,33.86],[-95.758,33.85],[-95.752,33.895],[-95.633,33.905],[-95.594,33.943],[-95.554,33.927],[-95.544,33.881],[-95.289,33.873],[-95.217,33.963],[-95.125,33.935],[-95.121,33.905],[-95.08,33.921],[-95.09,33.881],[-95.067,33.917],[-95.047,33.863],[-94.97,33.862],[-94.868,33.745],[-94.822,33.733],[-94.821,33.769],[-94.803,33.733],[-94.763,33.76],[-94.789,33.736],[-94.733,33.725],[-94.735,33.691],[-94.734,33.716],[-94.702,33.703],[-94.716,33.688],[-94.644,33.702],[-94.669,33.664],[-94.588,33.686],[-94.56,33.667],[-94.59,33.645],[-94.543,33.654],[-94.569,33.627],[-94.488,33.627],[-94.431,35.393],[-94.618,36.499],[-94.618,36.999],[-96.001,36.999],[-96.001,36.424],[-95.794,36.424],[-95.812,36.322],[-95.74,36.322],[-95.776,36.311],[-95.758,36.206],[-95.725,36.209],[-95.726,36.163],[-95.619,36.163],[-95.568,36.13],[-95.553,36.091],[-95.579,36.08],[-95.523,36.044],[-95.565,35.968],[-95.495,35.957],[-95.477,35.905],[-95.403,35.886],[-95.402,35.807],[-95.59,35.765],[-95.638,35.788],[-95.65,35.857],[-96.192,35.857],[-96.193,35.639],[-96.621,35.639],[-96.621,35.398],[-96.536,35.391],[-96.554,35.454],[-96.497,35.429],[-96.441,35.468],[-96.441,35.116],[-96.49,35.116],[-96.491,34.911],[-96.426,34.903],[-96.406,34.934],[-96.406,34.68],[-96.512,34.68],[-96.512,34.506],[-96.881,34.506],[-96.881,34.333],[-96.933,34.333],[-96.934,34.173],[-96.968,34.173],[-96.97,34.057]]]},"properties":{"STATE":"40","GEOID":"4002","NAME":"Congressional District 2"}},{"type":"Feature","geometry":{"type":"Polygon","coordinates":[[[-90.737,31.625],[-90.633,31.611],[-90.633,31.349],[-90.548,31.35],[-90.548,31],[-89.654,31.003],[-89.654,31.434],[-89.399,31.434],[-89.401,31.797],[-89.265,31.805],[-89.265,31.769],[-89.188,31.77],[-89.147,31.711],[-89.142,31.748],[-89.117,31.726],[-89.084,31.77],[-88.943,31.784],[-88.943,31.825],[-88.473,31.894],[-88.304,33.288],[-88.671,33.287],[-88.672,33.565],[-89.036,33.562],[-89.036,33.513],[-88.96,33.498],[-88.967,33.379],[-89.015,33.363],[-88.967,33.344],[-88.966,33.286],[-89.109,33.286],[-89.109,33.198],[-89.213,33.198],[-89.214,33.109],[-89.318,33.109],[-89.318,32.576],[-89.73,32.577],[-89.73,32.634],[-89.786,32.584],[-89.86,32.584],[-89.931,32.512],[-90.05,32.579],[-90.089,32.55],[-90.136,32.553],[-90.136,32.583],[-90.307,32.545],[-90.364,32.603],[-90.446,32.584],[-90.45,32.488],[-90.244,32.488],[-90.244,32.4],[-90.13,32.426],[-90.117,32.385],[-90.187,32.327],[-90.151,32.291],[-90.209,32.236],[-90.182,32.202],[-90.255,32.151],[-90.227,32.094],[-90.248,32.031],[-90.213,32.025],[-90.233,32.008],[-90.132,31.858],[-90.159,31.845],[-90.127,31.826],[-90.151,31.8],[-90.107,31.778],[-90.259,31.704],[-90.379,31.685],[-90.737,31.698],[-90.737,31.625]]]},"properties":{"STATE":"28","GEOID":"2803","NAME":"Congressional District 3"}},{"type":"Feature","geometry":{"type":"Polygon","coordinates":[[[-90.317,34.871],[-90.202,34.86],[-90.2,34.724],[-90.231,34.702],[-90.215,34.658],[-90.244,34.601],[-90.218,34.559],[-89.721,34.554],[-89.721,34.193],[-89.509,34.191],[-89.506,33.46],[-89.381,33.46],[-89.454,33.433],[-89.454,33.286],[-89.316,33.286],[-89.318,33.109],[-89.214,33.109],[-89.213,33.198],[-89.109,33.198],[-89.109,33.286],[-88.966,33.286],[-88.967,33.344],[-89.015,33.363],[-88.967,33.379],[-88.96,33.498],[-89.036,33.513],[-89.036,33.562],[-88.672,33.565],[-88.671,33.287],[-88.304,33.288],[-88.098,34.892],[-88.2,34.996],[-90.308,34.996],[-90.241,34.919],[-90.317,34.871]]]},"properties":{"STATE":"28","GEOID":"2801","NAME":"Congressional District 1"}},{"type":"Feature","geometry":{"type":"Polygon","coordinates":[[[-89.852,30.662],[-89.814,30.638],[-89.804,30.549],[-89.683,30.452],[-89.684,30.406],[-89.63,30.339],[-89.647,30.289],[-89.572,30.181],[-89.535,30.195],[-89.495,30.161],[-89.184,30.212],[-89.096,30.166],[-88.889,30.14],[-88.9,30.17],[-88.821,30.217],[-88.461,30.147],[-88.384,30.159],[-88.473,31.894],[-88.943,31.825],[-88.943,31.784],[-89.084,31.77],[-89.117,31.726],[-89.142,31.748],[-89.147,31.711],[-89.188,31.77],[-89.265,31.769],[-89.265,31.805],[-89.401,31.797],[-89.399,31.434],[-89.654,31.434],[-89.654,31.003],[-89.736,31],[-89.852,30.662]]]},"properties":{"STATE":"28","GEOID":"2804","NAME":"Congressional District 4"}},{"type":"Feature","geometry":{"type":"Polygon","coordinates":[[[-91.655,31.252],[-91.59,31.194],[-91.628,31.121],[-91.56,31.054],[-91.637,30.999],[-90.548,31],[-90.548,31.35],[-90.633,31.349],[-90.633,31.611],[-90.737,31.611],[-90.737,31.698],[-90.379,31.685],[-90.259,31.704],[-90.107,31.778],[-90.151,31.8],[-90.127,31.826],[-90.159,31.845],[-90.132,31.858],[-90.233,32.008],[-90.213,32.025],[-90.248,32.031],[-90.227,32.094],[-90.255,32.151],[-90.182,32.202],[-90.209,32.236],[-90.151,32.291],[-90.187,32.327],[-90.117,32.385],[-90.13,32.426],[-90.244,32.4],[-90.244,32.488],[-90.45,32.488],[-90.451,32.579],[-90.364,32.603],[-90.307,32.545],[-90.136,32.583],[-90.136,32.553],[-90.089,32.55],[-90.05,32.579],[-89.931,32.512],[-89.86,32.584],[-89.786,32.584],[-89.73,32.634],[-89.73,32.577],[-89.318,32.576],[-89.316,33.286],[-89.454,33.286],[-89.454,33.433],[-89.381,33.46],[-89.506,33.46],[-89.509,34.191],[-89.721,34.193],[-89.721,34.554],[-90.218,34.559],[-90.244,34.601],[-90.215,34.658],[-90.231,34.702],[-90.2,34.724],[-90.202,34.86],[-90.439,34.825],[-90.437,34.883],[-90.48,34.882],[-90.448,34.74],[-90.517,34.727],[-90.493,34.772],[-90.544,34.792],[-90.572,34.713],[-90.463,34.684],[-90.534,34.627],[-90.542,34.684],[-90.57,34.693],[-90.592,34.621],[-90.54,34.554],[-90.593,34.491],[-90.586,34.409],[-90.657,34.377],[-90.669,34.313],[-90.693,34.323],[-90.676,34.371],[-90.764,34.364],[-90.738,34.289],[-90.832,34.277],[-90.847,34.206],[-90.936,34.238],[-90.908,34.192],[-90.807,34.164],[-90.845,34.137],[-90.91,34.166],[-90.959,34.135],[-90.871,34.08],[-90.894,34.026],[-90.988,34.019],[-90.966,33.965],[-91.087,34.005],[-91.086,33.958],[-91.01,33.932],[-91.069,33.843],[-90.989,33.783],[-91.133,33.783],[-91.149,33.731],[-91.059,33.715],[-91.034,33.674],[-91.093,33.658],[-91.16,33.707],[-91.229,33.686],[-91.129,33.607],[-91.233,33.563],[-91.182,33.5],[-91.236,33.439],[-91.177,33.444],[-91.17,33.498],[-91.134,33.483],[-91.132,33.43],[-91.209,33.406],[-91.148,33.379],[-91.087,33.451],[-91.058,33.447],[-91.142,33.35],[-91.142,33.3],[-91.101,33.238],[-91.077,33.284],[-91.045,33.267],[-91.1,33.219],[-91.086,33.136],[-91.201,33.126],[-91.12,33.055],[-91.214,32.927],[-91.152,32.902],[-91.136,32.98],[-91.087,32.976],[-91.064,32.901],[-91.145,32.843],[-91.166,32.753],[-91.055,32.719],[-91.152,32.62],[-91.12,32.585],[-91.016,32.642],[-91.008,32.604],[-91.08,32.556],[-90.987,32.496],[-91.038,32.49],[-91.094,32.549],[-91.116,32.483],[-91.051,32.438],[-90.97,32.439],[-90.994,32.354],[-90.912,32.339],[-90.876,32.372],[-90.922,32.299],[-90.979,32.294],[-90.995,32.193],[-91.039,32.242],[-91.164,32.197],[-91.163,32.133],[-91.054,32.124],[-91.058,32.181],[-91.005,32.143],[-91.081,32.048],[-91.159,32.073],[-91.076,32.017],[-91.185,31.966],[-91.182,31.916],[-91.268,31.863],[-91.254,31.814],[-91.283,31.816],[-91.294,31.86],[-91.345,31.844],[-91.366,31.761],[-91.266,31.752],[-91.369,31.747],[-91.401,31.62],[-91.514,31.632],[-91.487,31.587],[-91.404,31.59],[-91.442,31.543],[-91.523,31.522],[-91.473,31.371],[-91.516,31.371],[-91.541,31.431],[-91.565,31.423],[-91.578,31.399],[-91.512,31.284],[-91.655,31.252]]]},"properties":{"STATE":"28","GEOID":"2802","NAME":"Congressional District 2"}},{"type":"Feature","geometry":{"type":"Polygon","coordinates":[[[-71.706,43.538],[-71.613,43.438],[-71.55,43.453],[-71.128,43.2],[-71.213,43.077],[-71.466,43.122],[-71.511,43.07],[-71.641,43.054],[-71.61,42.94],[-71.582,42.943],[-71.556,42.792],[-71.47,42.794],[-71.486,42.863],[-71.453,42.905],[-71.427,42.825],[-71.361,42.799],[-71.35,42.839],[-71.198,42.867],[-71.064,42.806],[-71.031,42.859],[-70.915,42.887],[-70.814,42.872],[-70.737,43],[-70.606,42.972],[-70.706,43.075],[-70.827,43.127],[-70.81,43.226],[-70.986,43.38],[-70.951,43.551],[-70.973,43.571],[-71.01,44.285],[-71.044,44.284],[-71.042,44.238],[-71.098,44.235],[-71.098,44.124],[-71.302,44.137],[-71.336,44.086],[-71.356,44.166],[-71.395,44.215],[-71.427,44.211],[-71.347,44.069],[-71.384,44.023],[-71.156,44.025],[-71.14,43.963],[-71.212,43.922],[-71.36,43.908],[-71.329,43.783],[-71.532,43.765],[-71.44,43.696],[-71.479,43.699],[-71.706,43.538]]]},"properties":{"STATE":"33","GEOID":"3301","NAME":"Congressional District 1"}},{"type":"Feature","geometry":{"type":"Polygon","coordinates":[[[-72.557,42.853],[-72.515,42.766],[-72.458,42.727],[-71.352,42.698],[-71.182,42.737],[-71.186,42.791],[-71.112,42.823],[-71.136,42.861],[-71.198,42.867],[-71.35,42.839],[-71.361,42.799],[-71.427,42.825],[-71.453,42.905],[-71.486,42.863],[-71.47,42.794],[-71.556,42.792],[-71.582,42.943],[-71.61,42.94],[-71.641,43.054],[-71.511,43.07],[-71.466,43.122],[-71.213,43.077],[-71.128,43.2],[-71.55,43.453],[-71.613,43.438],[-71.706,43.538],[-71.479,43.699],[-71.44,43.696],[-71.532,43.765],[-71.329,43.783],[-71.36,43.908],[-71.212,43.922],[-71.14,43.963],[-71.156,44.025],[-71.384,44.023],[-71.347,44.069],[-71.427,44.211],[-71.395,44.215],[-71.356,44.166],[-71.336,44.086],[-71.302,44.137],[-71.098,44.124],[-71.098,44.235],[-71.042,44.238],[-71.044,44.284],[-71.01,44.285],[-71.084,45.305],[-71.148,45.239],[-71.231,45.249],[-71.284,45.302],[-71.384,45.234],[-71.443,45.238],[-71.397,45.204],[-71.428,45.124],[-71.506,45.048],[-71.501,45.013],[-71.465,45.013],[-71.542,44.985],[-71.495,44.904],[-71.632,44.752],[-71.535,44.588],[-71.597,44.559],[-71.577,44.502],[-71.703,44.414],[-71.794,44.399],[-71.815,44.354],[-71.982,44.337],[-72.064,44.279],[-72.032,44.079],[-72.117,43.994],[-72.091,43.966],[-72.185,43.864],[-72.205,43.771],[-72.3,43.706],[-72.328,43.601],[-72.38,43.573],[-72.416,43.377],[-72.395,43.313],[-72.457,43.148],[-72.433,43.119],[-72.468,43.053],[-72.443,43.008],[-72.534,42.953],[-72.557,42.853]]]},"properties":{"STATE":"33","GEOID":"3302","NAME":"Congressional District 2"}},{"type":"Feature","geometry":{"type":"Polygon","coordinates":[[[-117.836,34.054],[-117.734,34.011],[-117.644,33.893],[-117.593,33.961],[-117.549,33.957],[-117.55,34.033],[-117.401,34.034],[-117.423,34.049],[-117.405,34.107],[-117.651,34.122],[-117.694,34.122],[-117.711,34.08],[-117.756,34.11],[-117.836,34.054]]]},"properties":{"STATE":"06","GEOID":"0635","NAME":"Congressional District 35"}},{"type":"Feature","geometry":{"type":"Polygon","coordinates":[[[-121.142,38.712],[-121.119,38.718],[-121.027,38.508],[-121.027,38.3],[-120.939,38.088],[-120.653,37.832],[-120.759,37.79],[-120.764,37.818],[-120.794,37.791],[-120.786,37.817],[-120.842,37.826],[-120.888,37.808],[-120.866,37.79],[-120.923,37.794],[-120.922,37.737],[-120.993,37.761],[-121.111,37.741],[-121.095,37.682],[-121.036,37.668],[-121.049,37.646],[-120.976,37.624],[-120.91,37.661],[-120.902,37.609],[-120.936,37.574],[-120.816,37.467],[-120.388,37.633],[-120.178,37.262],[-120.052,37.183],[-120.241,37.158],[-120.206,37.127],[-120.137,37.151],[-120.075,37.098],[-120.075,37.054],[-120.024,37.054],[-120.019,37.08],[-119.908,37.069],[-119.912,37.01],[-119.845,36.992],[-119.894,36.961],[-119.858,36.923],[-119.894,36.916],[-119.911,36.856],[-119.833,36.805],[-119.73,36.838],[-119.731,36.98],[-119.518,37.1],[-119.468,37.055],[-119.49,37.039],[-119.467,36.965],[-119.414,36.993],[-119.302,36.957],[-119.268,36.992],[-119.122,36.903],[-119.134,36.871],[-119.059,36.837],[-119.02,36.78],[-119.021,36.745],[-119.06,36.752],[-119.011,36.707],[-119.048,36.689],[-119.014,36.657],[-118.985,36.657],[-118.982,36.742],[-118.361,36.745],[-118.394,36.83],[-118.362,36.844],[-118.361,36.888],[-118.437,37.06],[-118.667,37.155],[-118.686,37.228],[-118.665,37.262],[-118.716,37.328],[-118.787,37.343],[-118.763,37.457],[-118.797,37.489],[-118.856,37.478],[-118.917,37.55],[-119.02,37.583],[-119.065,37.685],[-119.124,37.734],[-119.26,37.727],[-119.203,37.796],[-119.2,37.886],[-119.313,37.953],[-119.328,38.066],[-119.43,38.116],[-119.462,38.097],[-119.496,38.157],[-119.547,38.143],[-119.633,38.199],[-119.605,38.239],[-119.652,38.286],[-119.639,38.327],[-119.7,38.365],[-119.705,38.416],[-119.885,38.356],[-120.073,38.447],[-120.078,38.709],[-120.275,38.559],[-120.567,38.507],[-120.613,38.581],[-120.664,38.604],[-120.603,38.608],[-120.677,38.648],[-120.662,38.683],[-120.761,38.698],[-120.717,38.719],[-120.749,38.733],[-120.742,38.777],[-120.849,38.77],[-120.887,38.828],[-120.915,38.801],[-121.061,38.846],[-121.142,38.712]]]},"properties":{"STATE":"06","GEOID":"0605","NAME":"Congressional District 5"}},{"type":"Feature","geometry":{"type":"MultiPolygon","coordinates":[[[[-120.984,35.461],[-120.984,35.408],[-120.928,35.387],[-120.961,35.256],[-120.944,35.214],[-120.8,35.117],[-120.69,35.099],[-120.734,34.901],[-120.673,34.839],[-120.702,34.748],[-120.665,34.696],[-120.708,34.555],[-120.656,34.509],[-120.559,34.488],[-120.501,34.403],[-120.135,34.422],[-119.716,34.336],[-119.617,34.369],[-119.328,34.234],[-119.239,34.237],[-119.265,34.262],[-119.199,34.237],[-119.193,34.268],[-119.146,34.276],[-119.18,34.369],[-119.236,34.32],[-119.294,34.316],[-119.289,34.369],[-119.255,34.378],[-119.221,34.446],[-119.255,34.478],[-119.377,34.392],[-119.451,34.398],[-119.444,34.901],[-119.472,34.901],[-119.473,35.077],[-119.562,35.088],[-119.554,35.18],[-119.667,35.175],[-119.667,35.263],[-119.809,35.264],[-119.809,35.351],[-119.88,35.351],[-119.88,35.439],[-119.993,35.439],[-120.051,35.513],[-120.151,35.44],[-120.201,35.499],[-120.271,35.467],[-120.446,35.49],[-120.43,35.475],[-120.472,35.453],[-120.705,35.44],[-120.861,35.523],[-120.912,35.505],[-120.907,35.453],[-120.984,35.461]]],[[[-119.117,33.506],[-119.072,33.414],[-118.989,33.423],[-118.964,33.467],[-119.001,33.536],[-119.117,33.506]]],[[[-119.636,33.281],[-119.605,33.207],[-119.512,33.168],[-119.395,33.181],[-119.361,33.221],[-119.38,33.268],[-119.519,33.334],[-119.599,33.323],[-119.636,33.281]]],[[[-120.582,34.108],[-120.488,33.984],[-120.299,33.968],[-120.221,33.884],[-120.117,33.842],[-119.939,33.899],[-119.905,33.94],[-119.834,33.901],[-119.707,33.91],[-119.492,33.983],[-119.377,33.954],[-119.312,33.98],[-119.293,34.02],[-119.342,34.069],[-119.468,34.063],[-119.557,34.109],[-119.655,34.071],[-119.751,34.113],[-119.929,34.13],[-119.992,34.065],[-120.045,34.091],[-120.253,34.058],[-120.355,34.145],[-120.419,34.161],[-120.472,34.134],[-120.538,34.15],[-120.582,34.108]]]]},"properties":{"STATE":"06","GEOID":"0624","NAME":"Congressional District 24"}},{"type":"Feature","geometry":{"type":"Polygon","coordinates":[[[-118.109,33.887],[-118.099,33.846],[-118.059,33.846],[-118.089,33.778],[-118.042,33.781],[-118.043,33.75],[-117.981,33.73],[-117.98,33.687],[-117.94,33.687],[-117.914,33.729],[-117.942,33.752],[-117.894,33.774],[-117.941,33.803],[-117.999,33.775],[-118.017,33.824],[-117.98,33.84],[-117.985,33.876],[-117.816,33.872],[-117.88,33.925],[-117.868,33.946],[-117.92,33.948],[-117.93,33.911],[-118.011,33.873],[-118.109,33.887]]]},"properties":{"STATE":"06","GEOID":"0645","NAME":"Congressional District 45"}},{"type":"Feature","geometry":{"type":"Polygon","coordinates":[[[-118.327,34.048],[-118.127,34.009],[-118.17,34.044],[-118.155,34.099],[-118.184,34.149],[-118.253,34.124],[-118.231,34.076],[-118.309,34.084],[-118.327,34.048]]]},"properties":{"STATE":"06","GEOID":"0634","NAME":"Congressional District 34"}},{"type":"Feature","geometry":{"type":"Polygon","coordinates":[[[-118.144,34.033],[-118.138,33.966],[-118.098,33.944],[-118.108,33.887],[-118.029,33.873],[-117.93,33.911],[-117.92,33.948],[-117.783,33.946],[-117.803,33.976],[-117.767,34.011],[-117.825,34.034],[-117.826,34.062],[-117.889,34.043],[-117.87,33.993],[-118.005,34.031],[-118.056,34.011],[-118.005,34.037],[-118.07,34.057],[-118.144,34.033]]]},"properties":{"STATE":"06","GEOID":"0638","NAME":"Congressional District 38"}},{"type":"Feature","geometry":{"type":"Polygon","coordinates":[[[-121.941,37.323],[-121.877,37.302],[-121.79,37.352],[-121.75,37.297],[-121.704,37.292],[-121.747,37.229],[-121.722,37.209],[-121.586,37.195],[-121.67,37.173],[-121.698,37.124],[-121.652,37.119],[-121.621,37.069],[-121.661,37.055],[-121.605,37.035],[-121.81,36.944],[-121.748,36.895],[-121.749,36.846],[-121.645,36.837],[-121.603,36.776],[-121.657,36.735],[-121.767,36.772],[-121.718,36.714],[-121.746,36.678],[-121.703,36.646],[-121.612,36.645],[-121.584,36.611],[-121.644,36.607],[-121.521,36.521],[-121.565,36.498],[-121.516,36.437],[-121.605,36.417],[-121.58,36.399],[-121.581,36.203],[-121.547,36.178],[-121.562,36.128],[-121.469,36.016],[-121.324,35.967],[-121.258,35.889],[-121.172,35.845],[-121.157,35.816],[-121.185,35.794],[-120.214,35.789],[-120.276,35.906],[-120.323,35.908],[-120.36,35.964],[-120.434,35.969],[-120.599,36.101],[-120.649,36.108],[-120.672,36.164],[-120.627,36.203],[-120.68,36.247],[-120.683,36.294],[-120.597,36.328],[-120.597,36.488],[-120.934,36.752],[-121.142,36.837],[-121.189,36.913],[-121.222,36.91],[-121.249,37.034],[-121.209,37.059],[-121.245,37.089],[-121.217,37.123],[-121.281,37.184],[-121.406,37.158],[-121.459,37.282],[-121.406,37.311],[-121.409,37.381],[-121.457,37.396],[-121.473,37.482],[-121.856,37.485],[-121.784,37.392],[-121.901,37.367],[-121.931,37.342],[-121.911,37.324],[-121.941,37.323]]]},"properties":{"STATE":"06","GEOID":"0618","NAME":"Congressional District 18"}},{"type":"Feature","geometry":{"type":"Polygon","coordinates":[[[-117.51,33.534],[-117.51,33.505],[-117.364,33.505],[-117.225,33.432],[-117.262,33.358],[-117.245,33.267],[-117.156,33.253],[-117.126,33.197],[-117.085,33.207],[-117.105,33.167],[-117.146,33.168],[-117.109,33.147],[-117.134,33.124],[-117.033,33.149],[-116.964,33.093],[-116.906,33.091],[-117.022,33.063],[-117.084,32.965],[-117.067,32.928],[-116.981,32.942],[-117.005,32.837],[-117.038,32.831],[-116.896,32.806],[-116.957,32.768],[-117,32.778],[-117.006,32.753],[-116.941,32.733],[-117.016,32.675],[-116.928,32.684],[-116.924,32.582],[-116.853,32.557],[-116.106,32.618],[-116.085,33.426],[-116.623,33.427],[-116.631,33.497],[-116.736,33.499],[-116.725,33.47],[-116.78,33.488],[-116.789,33.467],[-116.821,33.494],[-116.788,33.501],[-116.788,33.54],[-116.94,33.514],[-116.948,33.565],[-116.989,33.592],[-117.022,33.561],[-117.075,33.585],[-117.13,33.565],[-117.118,33.598],[-117.154,33.598],[-117.166,33.642],[-117.245,33.576],[-117.343,33.591],[-117.356,33.547],[-117.396,33.55],[-117.42,33.623],[-117.51,33.534]]]},"properties":{"STATE":"06","GEOID":"0648","NAME":"Congressional District 48"}},{"type":"Feature","geometry":{"type":"Polygon","coordinates":[[[-117.12,33.713],[-116.962,33.686],[-116.922,33.731],[-116.802,33.732],[-116.73,33.809],[-116.81,33.839],[-116.783,33.837],[-116.797,33.886],[-116.72,33.886],[-116.737,33.906],[-116.695,33.921],[-116.667,33.888],[-116.678,33.923],[-116.64,33.924],[-116.633,33.888],[-116.583,33.875],[-116.615,33.902],[-116.58,33.901],[-116.577,33.932],[-116.494,33.871],[-116.476,33.756],[-116.423,33.826],[-116.298,33.733],[-116.267,33.738],[-116.225,33.62],[-116.25,33.584],[-116.285,33.584],[-116.268,33.613],[-116.321,33.613],[-116.321,33.642],[-116.399,33.642],[-116.429,33.585],[-116.511,33.568],[-116.518,33.598],[-116.57,33.598],[-116.57,33.561],[-116.618,33.54],[-116.753,33.563],[-116.821,33.494],[-116.789,33.467],[-116.78,33.488],[-116.725,33.47],[-116.736,33.499],[-116.631,33.497],[-116.623,33.427],[-116.085,33.426],[-116.106,32.618],[-114.582,32.735],[-114.527,32.757],[-114.53,32.795],[-114.469,32.845],[-114.468,32.971],[-114.52,33.03],[-114.665,33.034],[-114.706,33.088],[-114.672,33.258],[-114.731,33.302],[-114.698,33.352],[-114.725,33.405],[-114.643,33.417],[-114.524,33.553],[-114.532,33.675],[-114.494,33.708],[-114.529,33.948],[-114.441,34.019],[-114.42,34.103],[-114.23,34.187],[-114.131,34.26],[-114.138,34.303],[-114.335,34.45],[-114.387,34.458],[-114.381,34.53],[-114.437,34.596],[-114.47,34.711],[-114.634,34.873],[-114.633,35.002],[-114.948,35.255],[-114.985,34.914],[-115.064,34.91],[-115.051,34.83],[-114.966,34.843],[-114.989,34.837],[-115.002,34.691],[-115.18,34.669],[-115.118,34.6],[-115.16,34.544],[-115.047,34.495],[-115.088,34.418],[-115.067,34.412],[-115.102,34.26],[-115.166,34.277],[-115.106,34.243],[-115.146,34.121],[-115.114,34.087],[-115.316,34.078],[-115.316,34.034],[-116.93,34.034],[-116.938,33.962],[-117.071,33.964],[-116.958,33.904],[-116.999,33.869],[-116.963,33.831],[-117.059,33.838],[-117.036,33.751],[-117.12,33.713]]]},"properties":{"STATE":"06","GEOID":"0625","NAME":"Congressional District 25"}},{"type":"Feature","geometry":{"type":"MultiPolygon","coordinates":[[[[-118.668,33.486],[-118.487,33.277],[-118.328,33.248],[-118.249,33.284],[-118.258,33.364],[-118.359,33.465],[-118.529,33.531],[-118.626,33.529],[-118.668,33.486]]],[[[-118.256,33.983],[-118.254,33.943],[-118.225,33.966],[-118.156,33.951],[-118.17,33.924],[-118.125,33.869],[-118.112,33.81],[-118.137,33.836],[-118.201,33.783],[-118.222,33.804],[-118.249,33.756],[-118.222,33.691],[-118.148,33.694],[-118.059,33.846],[-118.108,33.858],[-118.098,33.944],[-118.138,33.966],[-118.127,34.008],[-118.24,34.015],[-118.256,33.983]]],[[[-118.678,33.04],[-118.553,32.829],[-118.465,32.76],[-118.408,32.752],[-118.296,32.798],[-118.297,32.845],[-118.542,33.074],[-118.633,33.085],[-118.678,33.04]]]]},"properties":{"STATE":"06","GEOID":"0642","NAME":"Congressional District 42"}},{"type":"Feature","geometry":{"type":"MultiPolygon","coordinates":[[[[-87.531,34.408],[-87.53,34.305],[-86.582,34.305],[-86.55,34.546],[-86.502,34.483],[-86.425,34.479],[-86.391,34.52],[-86.33,34.513],[-86.307,34.561],[-86.332,34.573],[-86.3,34.58],[-86.327,34.6],[-86.148,34.599],[-86.148,34.521],[-86.095,34.52],[-86.088,34.467],[-85.962,34.5],[-85.66,34.755],[-85.583,34.86],[-85.605,34.985],[-87.433,35.001],[-87.429,34.925],[-87.496,34.872],[-87.495,34.819],[-87.427,34.8],[-87.416,34.763],[-87.446,34.651],[-87.483,34.648],[-87.53,34.567],[-87.531,34.408]]],[[[-86.154,34.53],[-86.15,34.53],[-86.15,34.534],[-86.154,34.53]]]]},"properties":{"STATE":"01","GEOID":"0105","NAME":"Congressional District 5"}},{"type":"Feature","geometry":{"type":"Polygon","coordinates":[[[-87.422,33.003],[-87.421,32.875],[-87.319,32.875],[-87.319,32.832],[-87.019,32.837],[-87.018,32.663],[-86.918,32.664],[-86.907,32.537],[-86.867,32.438],[-86.824,32.425],[-86.846,32.41],[-86.811,32.308],[-86.773,32.341],[-86.778,32.395],[-86.721,32.405],[-86.684,32.353],[-86.62,32.406],[-86.595,32.361],[-86.494,32.345],[-86.459,32.406],[-86.35,32.433],[-86.311,32.412],[-86.313,32.489],[-86.289,32.473],[-86.262,32.502],[-86.19,32.432],[-86.048,32.406],[-85.992,32.452],[-85.89,32.448],[-85.853,32.476],[-85.89,32.5],[-85.888,32.648],[-85.912,32.678],[-85.88,32.755],[-86.007,32.755],[-86.009,33.105],[-86.279,33.104],[-86.333,33.141],[-86.311,33.159],[-86.503,33.174],[-86.43,33.248],[-86.434,33.283],[-86.358,33.296],[-86.368,33.342],[-86.341,33.353],[-86.379,33.388],[-86.378,33.502],[-86.482,33.503],[-86.482,33.546],[-86.552,33.561],[-86.525,33.649],[-86.543,33.765],[-86.648,33.766],[-86.759,33.841],[-86.884,33.843],[-87.006,33.787],[-87.041,33.729],[-87.04,33.687],[-86.947,33.709],[-86.95,33.669],[-86.872,33.656],[-86.875,33.63],[-86.81,33.621],[-86.719,33.66],[-86.661,33.62],[-86.649,33.594],[-86.701,33.551],[-86.68,33.547],[-86.793,33.489],[-86.842,33.416],[-86.816,33.378],[-86.831,33.332],[-86.883,33.333],[-86.983,33.246],[-87.152,33.232],[-87.199,33.197],[-87.199,33.131],[-87.282,33.133],[-87.312,33.094],[-87.319,33.006],[-87.422,33.003]]]},"properties":{"STATE":"01","GEOID":"0106","NAME":"Congressional District 6"}},{"type":"Feature","geometry":{"type":"Polygon","coordinates":[[[-88.473,31.894],[-88.464,31.698],[-88.088,31.699],[-88.079,31.601],[-87.973,31.531],[-87.903,31.528],[-87.904,31.503],[-87.88,31.546],[-87.833,31.523],[-87.819,31.593],[-87.774,31.573],[-87.721,31.596],[-87.704,31.646],[-87.566,31.658],[-87.567,31.736],[-87.53,31.749],[-87.552,31.828],[-86.907,31.831],[-86.909,31.962],[-86.405,31.964],[-86.409,32.244],[-86.485,32.276],[-86.479,32.34],[-86.595,32.361],[-86.62,32.406],[-86.684,32.353],[-86.721,32.405],[-86.778,32.395],[-86.773,32.341],[-86.816,32.31],[-86.807,32.354],[-86.846,32.41],[-86.824,32.425],[-86.867,32.438],[-86.907,32.537],[-86.918,32.664],[-87.018,32.663],[-87.019,32.837],[-87.319,32.832],[-87.319,32.875],[-87.421,32.875],[-87.422,33.003],[-87.319,33.006],[-87.282,33.133],[-87.199,33.131],[-87.199,33.197],[-87.152,33.232],[-86.983,33.246],[-86.883,33.333],[-86.831,33.332],[-86.816,33.378],[-86.843,33.413],[-86.806,33.474],[-86.731,33.503],[-86.649,33.594],[-86.683,33.651],[-86.875,33.63],[-86.872,33.656],[-86.95,33.668],[-86.965,33.711],[-87.057,33.685],[-87.093,33.628],[-87.179,33.614],[-87.205,33.577],[-87.187,33.552],[-87.25,33.514],[-87.271,33.53],[-87.263,33.499],[-87.329,33.493],[-87.384,33.431],[-87.416,33.351],[-87.393,33.289],[-87.461,33.253],[-87.461,33.215],[-87.618,33.193],[-87.544,33.116],[-87.63,33.06],[-87.636,33.01],[-87.655,33.031],[-87.832,33.017],[-87.841,33.525],[-88.274,33.534],[-88.473,31.894]]]},"properties":{"STATE":"01","GEOID":"0107","NAME":"Congressional District 7"}},{"type":"Feature","geometry":{"type":"Polygon","coordinates":[[[-70.814,42.877],[-70.735,42.875],[-70.694,42.957],[-70.655,42.922],[-70.575,42.917],[-70.606,42.972],[-70.737,43],[-70.814,42.877]]]},"properties":{"STATE":"33","GEOID":"33ZZ","NAME":"Congressional Districts not defined"}},{"type":"Feature","geometry":{"type":"Polygon","coordinates":[[[-122.575,37.707],[-122.57,37.665],[-122.482,37.666],[-122.264,37.448],[-122.081,37.478],[-122.282,37.708],[-122.395,37.708],[-122.406,37.735],[-122.575,37.707]]]},"properties":{"STATE":"06","GEOID":"0615","NAME":"Congressional District 15"}},{"type":"Feature","geometry":{"type":"Polygon","coordinates":[[[-123.094,39.089],[-123.028,38.997],[-122.987,38.997],[-122.949,38.9],[-122.821,38.858],[-122.695,38.713],[-122.637,38.694],[-122.647,38.598],[-122.544,38.52],[-122.53,38.466],[-122.56,38.428],[-122.631,38.457],[-122.634,38.487],[-122.735,38.503],[-122.726,38.454],[-122.776,38.445],[-122.772,38.352],[-122.747,38.314],[-122.721,38.328],[-122.681,38.281],[-122.655,38.295],[-122.578,38.252],[-122.579,38.21],[-122.501,38.112],[-122.347,38.073],[-122.407,38.156],[-122.195,38.155],[-122.206,38.316],[-121.943,38.313],[-121.936,38.358],[-121.866,38.359],[-121.843,38.257],[-121.896,38.228],[-121.868,38.143],[-121.885,38.08],[-121.8,38.06],[-121.711,38.086],[-121.656,38.183],[-121.668,38.231],[-121.609,38.288],[-121.631,38.292],[-121.522,38.362],[-121.533,38.43],[-121.583,38.447],[-121.565,38.642],[-121.634,38.686],[-121.603,38.778],[-121.674,38.743],[-121.724,38.852],[-121.802,38.865],[-121.792,38.905],[-121.835,38.924],[-122.338,38.924],[-122.402,38.956],[-122.41,39.018],[-122.492,39.054],[-122.477,39.174],[-122.515,39.209],[-122.665,39.218],[-122.775,39.312],[-122.742,39.36],[-122.785,39.383],[-122.739,39.383],[-122.736,39.581],[-122.885,39.58],[-122.89,39.529],[-123.063,39.504],[-123.075,39.408],[-122.995,39.236],[-123.078,39.174],[-123.094,39.089]]]},"properties":{"STATE":"06","GEOID":"0604","NAME":"Congressional District 4"}},{"type":"Feature","geometry":{"type":"Polygon","coordinates":[[[-103.043,34.749],[-101.472,34.747],[-101.472,34.312],[-101.041,34.312],[-101.039,33.397],[-98.421,33.396],[-98.421,33.467],[-97.979,33.467],[-97.979,33.434],[-97.918,33.434],[-97.92,33.099],[-97.861,33.115],[-97.781,33.217],[-97.746,33.19],[-97.713,33.229],[-97.588,33.245],[-97.162,33.219],[-97.115,33.133],[-97.02,33.177],[-97.045,33.269],[-97.109,33.285],[-97.141,33.332],[-97.221,33.326],[-97.219,33.425],[-97.487,33.434],[-97.487,33.917],[-97.581,33.9],[-97.59,33.954],[-97.671,33.992],[-97.877,33.85],[-97.984,33.898],[-97.946,33.991],[-98.088,34.005],[-98.12,34.072],[-98.09,34.128],[-98.109,34.154],[-98.171,34.114],[-98.366,34.157],[-98.414,34.085],[-98.486,34.063],[-98.6,34.161],[-98.757,34.125],[-98.988,34.221],[-99.044,34.198],[-99.19,34.214],[-99.207,34.338],[-99.359,34.456],[-99.395,34.442],[-99.405,34.373],[-99.57,34.418],[-99.6,34.375],[-99.695,34.378],[-99.923,34.575],[-100,34.56],[-100,36.5],[-103.042,36.5],[-103.043,34.749]]]},"properties":{"STATE":"48","GEOID":"4813","NAME":"Congressional District 13"}},{"type":"Feature","geometry":{"type":"Polygon","coordinates":[[[-98.788,29.501],[-98.713,29.485],[-98.758,29.461],[-98.732,29.379],[-98.66,29.394],[-98.664,29.443],[-98.634,29.455],[-98.649,29.397],[-98.55,29.387],[-98.575,29.355],[-98.637,29.371],[-98.646,29.323],[-98.501,29.32],[-98.49,29.395],[-98.539,29.402],[-98.539,29.457],[-98.464,29.517],[-98.548,29.502],[-98.608,29.62],[-98.667,29.554],[-98.629,29.52],[-98.747,29.537],[-98.788,29.501]]]},"properties":{"STATE":"48","GEOID":"4820","NAME":"Congressional District 20"}},{"type":"Feature","geometry":{"type":"Polygon","coordinates":[[[-95.595,32.687],[-95.594,32.48],[-95.449,32.359],[-95.447,32.296],[-95.489,32.232],[-95.462,32.202],[-95.478,32.146],[-94.985,32.138],[-94.985,31.846],[-94.434,31.825],[-94.395,31.639],[-94.305,31.571],[-94.327,31.225],[-94.13,31.099],[-93.911,31.158],[-93.6,31.176],[-93.62,31.271],[-93.688,31.307],[-93.639,31.372],[-93.671,31.366],[-93.704,31.455],[-93.749,31.469],[-93.711,31.512],[-93.798,31.534],[-93.838,31.595],[-93.795,31.702],[-93.837,31.75],[-93.823,31.774],[-93.873,31.815],[-93.901,31.897],[-93.931,31.891],[-94.042,31.994],[-94.043,33.552],[-94.073,33.555],[-94.072,33.584],[-94.127,33.551],[-94.162,33.589],[-94.215,33.583],[-94.19,33.562],[-94.216,33.555],[-94.216,33.497],[-94.177,33.438],[-94.297,33.378],[-94.416,33.404],[-94.409,33.474],[-94.382,33.479],[-94.468,33.472],[-95.046,33.628],[-95.115,33.613],[-95.265,33.673],[-95.311,33.663],[-95.309,32.963],[-95.173,32.962],[-95.152,33.013],[-95.152,32.903],[-94.72,32.905],[-94.672,32.835],[-94.702,32.821],[-94.702,32.652],[-94.826,32.685],[-94.908,32.774],[-94.906,32.863],[-95.035,32.862],[-95.026,32.74],[-95.153,32.661],[-95.166,32.544],[-95.346,32.609],[-95.475,32.606],[-95.595,32.687]]]},"properties":{"STATE":"48","GEOID":"4801","NAME":"Congressional District 1"}},{"type":"Feature","geometry":{"type":"Polygon","coordinates":[[[-95.961,30.163],[-95.83,29.8],[-95.752,29.817],[-95.752,29.785],[-95.645,29.785],[-95.645,29.852],[-95.62,29.853],[-95.654,29.908],[-95.62,29.915],[-95.701,29.972],[-95.711,29.944],[-95.77,29.949],[-95.782,30.067],[-95.597,30.134],[-95.568,30.216],[-95.459,30.237],[-95.458,30.279],[-95.399,30.306],[-95.303,30.23],[-95.319,30.332],[-95.226,30.319],[-94.849,30.494],[-94.538,30.491],[-94.658,31.012],[-94.561,31.062],[-94.843,31.147],[-95.2,30.825],[-95.247,30.904],[-95.313,30.898],[-95.339,30.738],[-95.513,30.706],[-95.516,30.668],[-95.578,30.718],[-95.834,30.658],[-95.803,30.09],[-95.839,30.083],[-95.961,30.163]]]},"properties":{"STATE":"48","GEOID":"4808","NAME":"Congressional District 8"}},{"type":"Feature","geometry":{"type":"Polygon","coordinates":[[[-118.536,34.221],[-118.536,34.187],[-118.345,34.142],[-118.37,34.201],[-118.343,34.207],[-118.406,34.251],[-118.268,34.301],[-118.311,34.323],[-118.29,34.396],[-118.325,34.405],[-118.324,34.439],[-118.398,34.424],[-118.404,34.33],[-118.508,34.334],[-118.468,34.291],[-118.473,34.221],[-118.536,34.221]]]},"properties":{"STATE":"06","GEOID":"0629","NAME":"Congressional District 29"}},{"type":"Feature","geometry":{"type":"Polygon","coordinates":[[[-117.88,33.927],[-117.816,33.872],[-117.875,33.856],[-117.83,33.845],[-117.853,33.816],[-117.843,33.706],[-117.808,33.695],[-117.752,33.774],[-117.701,33.74],[-117.738,33.712],[-117.678,33.685],[-117.756,33.61],[-117.737,33.548],[-117.673,33.568],[-117.659,33.534],[-117.618,33.602],[-117.541,33.536],[-117.413,33.659],[-117.534,33.71],[-117.536,33.758],[-117.664,33.86],[-117.613,33.864],[-117.612,33.892],[-117.715,33.959],[-117.746,34.02],[-117.803,33.976],[-117.783,33.946],[-117.88,33.927]]]},"properties":{"STATE":"06","GEOID":"0640","NAME":"Congressional District 40"}},{"type":"Feature","geometry":{"type":"Polygon","coordinates":[[[-120.315,35.907],[-120.249,35.884],[-120.259,35.845],[-120.194,35.789],[-120.194,35.614],[-120.086,35.614],[-120.087,35.526],[-119.993,35.439],[-119.88,35.439],[-119.88,35.351],[-119.727,35.317],[-119.474,35.363],[-119.283,35.345],[-119.252,35.35],[-119.252,35.442],[-119.029,35.46],[-119.019,35.368],[-119.06,35.361],[-119.092,35.267],[-119.015,35.238],[-118.956,35.019],[-118.847,35.045],[-118.851,35.151],[-118.823,35.151],[-118.806,35.209],[-118.753,35.209],[-118.753,35.292],[-118.843,35.338],[-118.844,35.374],[-118.95,35.383],[-118.87,35.464],[-118.904,35.509],[-118.879,35.614],[-118.92,35.618],[-118.899,36.047],[-119.009,36.085],[-119.001,36.167],[-119.066,36.226],[-119.119,36.224],[-119.117,36.167],[-119.233,36.167],[-119.233,36.211],[-119.349,36.208],[-119.385,36.298],[-119.475,36.269],[-119.475,36.328],[-119.604,36.328],[-119.639,36.372],[-119.641,36.343],[-119.727,36.332],[-119.727,36.24],[-119.959,36.255],[-119.959,36.181],[-120.315,35.907]]]},"properties":{"STATE":"06","GEOID":"0622","NAME":"Congressional District 22"}},{"type":"Feature","geometry":{"type":"Polygon","coordinates":[[[-119.97,36.832],[-119.97,36.735],[-119.925,36.735],[-119.934,36.692],[-119.908,36.677],[-119.952,36.648],[-119.773,36.62],[-119.773,36.547],[-119.692,36.547],[-119.683,36.489],[-119.527,36.489],[-119.529,36.401],[-119.475,36.401],[-119.448,36.328],[-119.225,36.327],[-119.233,36.269],[-119.145,36.268],[-119.066,36.297],[-119.063,36.325],[-118.992,36.317],[-118.991,36.364],[-119.06,36.457],[-119.099,36.428],[-119.126,36.45],[-119.14,36.414],[-119.162,36.493],[-119.246,36.512],[-119.175,36.659],[-119.332,36.661],[-119.437,36.718],[-119.512,36.699],[-119.529,36.736],[-119.583,36.736],[-119.592,36.678],[-119.664,36.678],[-119.664,36.75],[-119.7,36.75],[-119.692,36.783],[-119.748,36.787],[-119.766,36.823],[-119.832,36.804],[-119.906,36.85],[-119.97,36.832]]]},"properties":{"STATE":"06","GEOID":"0621","NAME":"Congressional District 21"}},{"type":"Feature","geometry":{"type":"MultiPolygon","coordinates":[[[[-122.612,37.815],[-122.575,37.707],[-122.406,37.735],[-122.395,37.708],[-122.282,37.708],[-122.374,37.884],[-122.432,37.93],[-122.419,37.853],[-122.612,37.815]]],[[[-123.174,37.776],[-123.041,37.65],[-122.987,37.642],[-122.941,37.677],[-122.95,37.732],[-123.07,37.814],[-123.132,37.82],[-123.174,37.776]]]]},"properties":{"STATE":"06","GEOID":"0611","NAME":"Congressional District 11"}},{"type":"Feature","geometry":{"type":"Polygon","coordinates":[[[-118.446,33.952],[-118.379,33.931],[-118.352,33.826],[-118.309,33.817],[-118.283,33.885],[-118.227,33.863],[-118.18,33.893],[-118.234,33.953],[-118.313,33.938],[-118.335,33.982],[-118.446,33.952]]]},"properties":{"STATE":"06","GEOID":"0643","NAME":"Congressional District 43"}},{"type":"Feature","geometry":{"type":"Polygon","coordinates":[[[-122.318,37.187],[-122.289,37.113],[-122.314,37.055],[-122.261,36.993],[-122.076,36.91],[-122.001,36.648],[-122.044,36.578],[-121.959,36.287],[-121.728,36.129],[-121.632,35.979],[-121.561,35.944],[-121.501,35.843],[-121.393,35.763],[-121.324,35.625],[-121.202,35.584],[-121.01,35.41],[-120.984,35.408],[-120.984,35.473],[-120.907,35.453],[-120.893,35.522],[-120.629,35.433],[-120.472,35.453],[-120.43,35.475],[-120.446,35.49],[-120.271,35.467],[-120.201,35.499],[-120.177,35.44],[-120.18,35.477],[-120.151,35.44],[-120.057,35.485],[-120.086,35.614],[-120.194,35.614],[-120.194,35.789],[-121.185,35.794],[-121.157,35.816],[-121.172,35.845],[-121.258,35.889],[-121.324,35.967],[-121.469,36.016],[-121.562,36.128],[-121.547,36.178],[-121.581,36.203],[-121.58,36.399],[-121.605,36.417],[-121.516,36.437],[-121.565,36.498],[-121.521,36.521],[-121.644,36.607],[-121.584,36.611],[-121.612,36.645],[-121.703,36.646],[-121.746,36.678],[-121.718,36.714],[-121.767,36.772],[-121.657,36.735],[-121.603,36.776],[-121.645,36.837],[-121.749,36.846],[-121.748,36.895],[-121.81,36.944],[-121.605,37.035],[-121.661,37.055],[-121.621,37.069],[-121.652,37.119],[-121.698,37.124],[-121.67,37.173],[-121.586,37.195],[-121.747,37.229],[-121.718,37.237],[-121.708,37.297],[-121.817,37.342],[-121.803,37.3],[-121.877,37.276],[-121.873,37.236],[-121.936,37.195],[-121.914,37.16],[-121.953,37.177],[-121.966,37.136],[-122.152,37.286],[-122.153,37.215],[-122.318,37.187]]]},"properties":{"STATE":"06","GEOID":"0619","NAME":"Congressional District 19"}},{"type":"Feature","geometry":{"type":"Polygon","coordinates":[[[-118.421,34.059],[-118.393,33.98],[-118.335,33.982],[-118.313,33.938],[-118.238,33.989],[-118.26,34.049],[-118.421,34.059]]]},"properties":{"STATE":"06","GEOID":"0637","NAME":"Congressional District 37"}},{"type":"Feature","geometry":{"type":"Polygon","coordinates":[[[-117.173,32.702],[-117.13,32.666],[-117.125,32.534],[-116.853,32.557],[-116.936,32.594],[-116.928,32.684],[-117.016,32.674],[-117.07,32.758],[-117.126,32.755],[-117.118,32.717],[-117.173,32.702]]]},"properties":{"STATE":"06","GEOID":"0652","NAME":"Congressional District 52"}},{"type":"Feature","geometry":{"type":"MultiPolygon","coordinates":[[[[-67.323,18.364],[-67.214,18.211],[-67.267,17.983],[-67.229,17.896],[-66.921,17.875],[-66.788,17.916],[-66.574,17.913],[-66.583,17.862],[-66.538,17.832],[-66.424,17.882],[-66.22,17.863],[-65.853,17.941],[-65.716,18.106],[-65.618,18.154],[-65.625,18.077],[-65.55,18.028],[-65.25,18.084],[-65.216,18.144],[-65.272,18.196],[-65.464,18.222],[-65.555,18.185],[-65.465,18.244],[-65.462,18.293],[-65.287,18.226],[-65.201,18.248],[-65.169,18.313],[-65.221,18.395],[-65.303,18.388],[-65.377,18.421],[-65.464,18.393],[-65.625,18.451],[-65.679,18.419],[-65.754,18.472],[-65.899,18.505],[-66.4,18.544],[-66.908,18.533],[-67.088,18.568],[-67.195,18.528],[-67.222,18.494],[-67.208,18.442],[-67.323,18.364]]],[[[-67.543,18.386],[-67.489,18.327],[-67.418,18.373],[-67.473,18.438],[-67.543,18.386]]],[[[-67.999,18.171],[-67.993,18.062],[-67.946,18.018],[-67.871,18],[-67.797,18.059],[-67.795,18.116],[-67.834,18.164],[-67.895,18.167],[-67.945,18.21],[-67.999,18.171]]]]},"properties":{"STATE":"72","GEOID":"7298","NAME":"Resident Commissioner District (at Large)"}},{"type":"Feature","geometry":{"type":"Polygon","coordinates":[[[-83.104,40.065],[-83.059,39.978],[-82.99,39.98],[-83.008,39.954],[-82.965,39.903],[-82.871,39.915],[-82.782,39.94],[-82.762,40.126],[-83.064,40.138],[-83.055,40.104],[-83.091,40.102],[-83.104,40.065]]]},"properties":{"STATE":"39","GEOID":"3903","NAME":"Congressional District 3"}},{"type":"Feature","geometry":{"type":"Polygon","coordinates":[[[-84.322,34.989],[-83.109,35.001],[-82.783,35.086],[-82.757,35.067],[-82.682,35.128],[-82.44,35.166],[-82.394,35.215],[-82.373,35.181],[-82.323,35.185],[-82.312,35.221],[-82.206,35.288],[-82.075,35.289],[-82.128,35.396],[-82.27,35.4],[-82.28,35.445],[-82.233,35.519],[-81.842,35.542],[-81.824,35.575],[-81.869,35.72],[-81.987,35.807],[-81.907,35.883],[-81.943,35.96],[-81.9,36],[-81.807,35.962],[-81.736,36.068],[-81.903,36.207],[-81.893,36.265],[-81.918,36.287],[-82.034,36.12],[-82.129,36.104],[-82.149,36.15],[-82.213,36.159],[-82.353,36.116],[-82.558,35.954],[-82.611,35.967],[-82.591,36.036],[-82.633,36.066],[-82.671,36.053],[-82.776,36.001],[-82.805,35.927],[-82.874,35.953],[-82.92,35.929],[-82.896,35.879],[-82.992,35.774],[-83.074,35.79],[-83.16,35.765],[-83.252,35.72],[-83.298,35.657],[-83.351,35.661],[-83.499,35.563],[-83.755,35.565],[-83.88,35.519],[-84.023,35.412],[-84.021,35.301],[-84.053,35.27],[-84.184,35.24],[-84.224,35.269],[-84.29,35.225],[-84.322,34.989]]]},"properties":{"STATE":"37","GEOID":"3711","NAME":"Congressional District 11"}},{"type":"Feature","geometry":{"type":"Polygon","coordinates":[[[-78.614,36.313],[-78.557,36.262],[-78.509,36.266],[-78.508,36.183],[-78.458,36.164],[-78.412,36.17],[-78.378,36.235],[-78.307,36.266],[-78.007,36.203],[-78.257,35.813],[-78.233,35.751],[-78.161,35.713],[-78.126,35.603],[-78.065,35.585],[-78.155,35.418],[-78.153,35.351],[-78.307,35.288],[-78.163,35.19],[-78.021,35.194],[-77.892,35.146],[-77.834,35.178],[-77.769,35.146],[-77.731,35.008],[-77.601,35.071],[-77.507,35.173],[-77.527,35.243],[-77.433,35.25],[-77.449,35.302],[-77.391,35.34],[-77.448,35.372],[-77.503,35.518],[-77.701,35.652],[-77.472,35.801],[-77.39,35.833],[-76.986,35.659],[-76.847,35.72],[-76.269,35.691],[-76.298,35.609],[-76.214,35.598],[-76.17,35.699],[-76.032,35.663],[-76.018,35.865],[-75.973,35.977],[-75.768,36.055],[-75.813,36.224],[-75.709,36.245],[-75.797,36.551],[-78.457,36.543],[-78.504,36.495],[-78.51,36.376],[-78.591,36.362],[-78.614,36.313]]]},"properties":{"STATE":"37","GEOID":"3701","NAME":"Congressional District 1"}},{"type":"Feature","geometry":{"type":"Polygon","coordinates":[[[-80.987,35.302],[-80.957,35.274],[-80.958,35.19],[-80.921,35.164],[-80.954,35.171],[-80.962,35.138],[-80.893,35.123],[-80.877,35.06],[-80.821,35.064],[-80.812,35.087],[-80.854,35.09],[-80.808,35.133],[-80.755,35.128],[-80.779,35.1],[-80.71,35.123],[-80.718,35.162],[-80.672,35.175],[-80.705,35.193],[-80.6,35.234],[-80.666,35.268],[-80.693,35.346],[-80.764,35.4],[-80.987,35.302]]]},"properties":{"STATE":"37","GEOID":"3712","NAME":"Congressional District 12"}},{"type":"Feature","geometry":{"type":"Polygon","coordinates":[[[-78.872,35.821],[-78.777,35.729],[-78.566,35.645],[-78.55,35.688],[-78.521,35.676],[-78.527,35.699],[-78.352,35.764],[-78.288,35.823],[-78.475,35.88],[-78.459,35.976],[-78.561,35.976],[-78.604,35.903],[-78.645,35.897],[-78.642,35.954],[-78.685,36.021],[-78.759,35.918],[-78.805,35.928],[-78.828,35.871],[-78.802,35.844],[-78.872,35.821]]]},"properties":{"STATE":"37","GEOID":"3702","NAME":"Congressional District 2"}},{"type":"Feature","geometry":{"type":"Polygon","coordinates":[[[-79.532,36.25],[-78.802,36.236],[-78.808,36.087],[-78.751,36.071],[-78.74,36.024],[-78.665,36.011],[-78.652,35.901],[-78.611,35.897],[-78.561,35.976],[-78.459,35.976],[-78.475,35.88],[-78.288,35.823],[-78.352,35.764],[-78.527,35.699],[-78.521,35.676],[-78.55,35.688],[-78.566,35.645],[-78.752,35.719],[-78.778,35.663],[-78.824,35.655],[-78.776,35.54],[-78.916,35.584],[-78.97,35.522],[-79.119,35.628],[-79.2,35.559],[-79.324,35.544],[-79.36,35.47],[-79.273,35.352],[-79.184,35.307],[-79.223,35.268],[-79.151,35.214],[-79.096,35.192],[-78.794,35.266],[-78.617,35.246],[-78.538,35.316],[-78.492,35.263],[-78.412,35.255],[-78.153,35.351],[-78.155,35.418],[-78.065,35.585],[-78.126,35.603],[-78.161,35.713],[-78.233,35.751],[-78.257,35.813],[-78.007,36.203],[-78.307,36.266],[-78.378,36.235],[-78.422,36.164],[-78.502,36.178],[-78.509,36.266],[-78.557,36.262],[-78.614,36.313],[-78.591,36.362],[-78.51,36.376],[-78.498,36.515],[-78.454,36.54],[-79.514,36.541],[-79.532,36.25]]]},"properties":{"STATE":"37","GEOID":"3713","NAME":"Congressional District 13"}},{"type":"Feature","geometry":{"type":"Polygon","coordinates":[[[-78.641,34.989],[-78.391,34.75],[-78.254,34.554],[-78.114,34.722],[-78.013,34.733],[-77.68,34.721],[-77.576,34.476],[-77.485,34.4],[-77.123,34.584],[-76.905,34.632],[-76.693,34.643],[-76.615,34.618],[-76.584,34.553],[-76.524,34.532],[-76.316,34.776],[-76.024,35.005],[-75.75,35.136],[-75.485,35.188],[-75.426,35.39],[-75.411,35.66],[-75.709,36.245],[-75.813,36.224],[-75.765,36.06],[-75.973,35.977],[-76.018,35.865],[-76.033,35.662],[-76.17,35.699],[-76.216,35.598],[-76.298,35.609],[-76.269,35.691],[-76.847,35.72],[-76.986,35.659],[-77.39,35.833],[-77.701,35.652],[-77.503,35.518],[-77.448,35.372],[-77.391,35.342],[-77.449,35.302],[-77.433,35.25],[-77.527,35.243],[-77.507,35.173],[-77.601,35.071],[-77.731,35.008],[-77.769,35.146],[-77.834,35.178],[-77.892,35.146],[-78.021,35.194],[-78.163,35.19],[-78.307,35.288],[-78.45,35.259],[-78.496,35.208],[-78.539,35.235],[-78.432,35.133],[-78.453,35.055],[-78.554,35.048],[-78.548,35.017],[-78.607,35.013],[-78.574,34.996],[-78.59,34.981],[-78.641,34.989]]]},"properties":{"STATE":"37","GEOID":"3703","NAME":"Congressional District 3"}},{"type":"Feature","geometry":{"type":"Polygon","coordinates":[[[-82.314,35.191],[-81.034,35.149],[-81.041,35.045],[-80.935,35.107],[-80.84,35.002],[-80.791,35.087],[-80.877,35.06],[-80.893,35.123],[-80.958,35.133],[-80.954,35.171],[-80.921,35.164],[-80.958,35.19],[-80.957,35.274],[-80.987,35.301],[-80.752,35.414],[-80.784,35.506],[-80.907,35.515],[-80.947,35.488],[-80.955,35.4],[-81.456,35.42],[-81.538,35.564],[-81.364,35.768],[-81.556,35.778],[-81.778,35.947],[-81.9,36],[-81.943,35.96],[-81.918,35.852],[-81.987,35.807],[-81.869,35.72],[-81.824,35.575],[-81.842,35.542],[-82.233,35.519],[-82.28,35.445],[-82.27,35.4],[-82.128,35.396],[-82.075,35.289],[-82.206,35.288],[-82.312,35.221],[-82.314,35.191]]]},"properties":{"STATE":"37","GEOID":"3714","NAME":"Congressional District 14"}},{"type":"Feature","geometry":{"type":"Polygon","coordinates":[[[-79.37,35.781],[-79.252,35.738],[-79.252,35.654],[-79.116,35.661],[-79.078,35.684],[-79.107,35.731],[-79.028,35.738],[-79.022,35.789],[-78.964,35.79],[-78.965,35.819],[-78.923,35.816],[-78.909,35.848],[-78.995,35.61],[-78.776,35.54],[-78.824,35.655],[-78.778,35.663],[-78.75,35.724],[-78.872,35.821],[-78.802,35.844],[-78.828,35.871],[-78.805,35.928],[-78.759,35.918],[-78.699,36.011],[-78.808,36.087],[-78.802,36.236],[-79.258,36.243],[-79.268,35.911],[-79.237,35.844],[-79.35,35.844],[-79.37,35.781]]]},"properties":{"STATE":"37","GEOID":"3704","NAME":"Congressional District 4"}},{"type":"Feature","geometry":{"type":"Polygon","coordinates":[[[-81.918,36.287],[-81.903,36.207],[-81.736,36.068],[-81.809,35.958],[-81.556,35.778],[-81.446,35.785],[-81.379,35.757],[-81.343,35.796],[-81.15,35.829],[-81.11,35.777],[-81.006,35.958],[-81.029,36.046],[-80.882,36.056],[-80.873,36.236],[-80.738,36.28],[-80.668,36.251],[-80.629,36.288],[-80.548,36.285],[-80.453,36.242],[-80.035,36.257],[-80.033,36.104],[-79.975,36.136],[-79.931,36.081],[-79.831,36.083],[-79.815,36.069],[-79.866,36.015],[-79.739,35.989],[-79.691,36.04],[-79.722,36.06],[-79.697,36.087],[-79.731,36.075],[-79.7,36.177],[-79.868,36.173],[-79.867,36.252],[-79.532,36.241],[-79.514,36.541],[-81.677,36.588],[-81.708,36.536],[-81.695,36.467],[-81.742,36.411],[-81.707,36.335],[-81.793,36.362],[-81.918,36.287]]]},"properties":{"STATE":"37","GEOID":"3705","NAME":"Congressional District 5"}},{"type":"Feature","geometry":{"type":"Polygon","coordinates":[[[-83.354,34.699],[-83.233,34.612],[-83.16,34.603],[-83.035,34.484],[-82.887,34.481],[-82.747,34.267],[-82.717,34.151],[-82.642,34.093],[-82.557,33.945],[-82.324,33.82],[-82.247,33.753],[-82.196,33.63],[-82.012,33.532],[-81.571,33.877],[-81.466,34.087],[-81.39,34.075],[-81.437,34.13],[-81.412,34.167],[-81.317,34.239],[-81.424,34.495],[-81.541,34.445],[-81.678,34.558],[-81.89,34.59],[-82.165,34.797],[-82.238,34.749],[-82.199,34.733],[-82.227,34.694],[-82.455,34.751],[-82.488,34.886],[-82.548,34.979],[-82.538,35.015],[-82.596,35.01],[-82.572,35.075],[-82.739,35.047],[-82.783,35.086],[-83.109,35.001],[-83.112,34.935],[-83.243,34.878],[-83.324,34.789],[-83.354,34.699]]]},"properties":{"STATE":"45","GEOID":"4503","NAME":"Congressional District 3"}},{"type":"Feature","geometry":{"type":"Polygon","coordinates":[[[-81.019,32.376],[-80.992,32.27],[-81.013,32.219],[-80.949,32.169],[-80.961,32.126],[-80.909,32.135],[-80.906,32.077],[-80.746,32.079],[-80.566,32.172],[-80.497,32.25],[-80.399,32.275],[-80.375,32.342],[-80.243,32.472],[-80.121,32.499],[-80.089,32.549],[-79.968,32.564],[-79.798,32.676],[-79.76,32.738],[-79.535,32.87],[-79.496,32.932],[-79.327,32.954],[-79.273,33.047],[-79.222,33.063],[-79.273,33.14],[-79.351,33.154],[-79.479,33.246],[-79.756,33.33],[-79.965,33.499],[-80.126,33.502],[-80.152,33.485],[-80.139,33.454],[-80.222,33.448],[-80.254,33.299],[-80.359,33.272],[-80.296,33.179],[-80.336,33.145],[-80.236,33.079],[-80.358,33.067],[-80.345,33.046],[-80.407,33.001],[-80.229,32.925],[-80.201,32.958],[-80.166,32.948],[-80.131,32.9],[-80.097,32.943],[-80.141,32.98],[-80.111,32.985],[-80.176,33.01],[-80.056,32.999],[-80.012,32.9],[-79.948,32.908],[-79.964,32.875],[-79.912,32.811],[-79.917,32.763],[-80.107,32.786],[-80.286,32.622],[-80.372,32.658],[-80.428,32.625],[-80.391,32.654],[-80.498,32.657],[-80.552,32.742],[-80.695,32.752],[-80.684,32.705],[-80.636,32.682],[-80.657,32.662],[-80.827,32.704],[-80.87,32.661],[-80.818,32.481],[-80.841,32.385],[-80.929,32.331],[-80.948,32.363],[-81.019,32.376]]]},"properties":{"STATE":"45","GEOID":"4501","NAME":"Congressional District 1"}},{"type":"Feature","geometry":{"type":"Polygon","coordinates":[[[-82.127,35.163],[-82.046,35.05],[-81.943,35.027],[-81.928,34.984],[-81.87,35.01],[-81.792,34.969],[-81.776,34.99],[-81.755,34.93],[-81.714,34.913],[-81.783,34.837],[-81.852,34.595],[-81.678,34.558],[-81.541,34.445],[-81.424,34.495],[-81.342,34.267],[-81.251,34.203],[-81.178,34.175],[-81.181,34.22],[-80.826,34.269],[-80.87,34.182],[-80.719,34.069],[-80.616,34.1],[-80.637,34.082],[-80.602,34.025],[-80.647,33.998],[-80.616,33.965],[-80.634,33.853],[-80.596,33.786],[-80.63,33.737],[-80.546,33.649],[-80.449,33.738],[-80.392,33.716],[-80.407,33.77],[-80.352,33.875],[-80.361,33.938],[-80.282,33.916],[-80.237,33.933],[-80.228,33.995],[-80.188,34.005],[-80.18,33.952],[-80.027,34.009],[-80.001,34.048],[-80.147,34.144],[-80.112,34.229],[-80.177,34.366],[-80.244,34.324],[-80.284,34.357],[-80.33,34.51],[-80.515,34.767],[-80.562,34.817],[-80.797,34.82],[-80.782,34.936],[-80.935,35.107],[-81.041,35.045],[-81.034,35.149],[-82.106,35.191],[-82.127,35.163]]]},"properties":{"STATE":"45","GEOID":"4505","NAME":"Congressional District 5"}},{"type":"Feature","geometry":{"type":"Polygon","coordinates":[[[-81.614,33.096],[-81.491,33.008],[-81.502,32.935],[-81.461,32.846],[-81.421,32.833],[-81.432,32.769],[-81.405,32.746],[-81.428,32.702],[-81.393,32.652],[-81.412,32.618],[-81.281,32.556],[-81.187,32.464],[-81.205,32.423],[-81.16,32.34],[-81.129,32.338],[-81.12,32.287],[-81.157,32.243],[-81.114,32.196],[-81.116,32.116],[-81.038,32.084],[-81.004,32.102],[-80.925,32.042],[-80.823,32.034],[-80.783,31.996],[-80.746,32.079],[-80.908,32.078],[-80.896,32.108],[-80.928,32.121],[-80.908,32.133],[-80.961,32.126],[-80.949,32.169],[-80.994,32.188],[-81.016,32.242],[-80.992,32.27],[-81.018,32.384],[-80.929,32.331],[-80.878,32.346],[-80.829,32.411],[-80.85,32.416],[-80.818,32.466],[-80.848,32.53],[-80.832,32.593],[-80.87,32.661],[-80.827,32.704],[-80.659,32.661],[-80.636,32.682],[-80.684,32.705],[-80.695,32.752],[-80.595,32.762],[-80.498,32.657],[-80.391,32.654],[-80.428,32.625],[-80.372,32.658],[-80.286,32.622],[-80.107,32.786],[-79.917,32.763],[-79.912,32.811],[-79.964,32.875],[-79.948,32.908],[-80.012,32.9],[-80.056,32.999],[-80.176,33.01],[-80.111,32.985],[-80.141,32.98],[-80.097,32.943],[-80.131,32.9],[-80.166,32.948],[-80.201,32.958],[-80.229,32.925],[-80.407,33],[-80.345,33.046],[-80.358,33.067],[-80.236,33.079],[-80.336,33.145],[-80.296,33.179],[-80.358,33.274],[-80.254,33.299],[-80.222,33.448],[-80.15,33.448],[-80.152,33.486],[-80.079,33.507],[-79.965,33.499],[-79.756,33.33],[-79.677,33.305],[-79.59,33.444],[-79.436,33.573],[-79.411,33.687],[-79.32,33.791],[-79.383,33.819],[-79.496,33.775],[-79.635,33.808],[-79.578,33.859],[-79.693,33.953],[-79.715,33.938],[-79.696,33.915],[-79.739,33.923],[-79.748,33.894],[-79.944,33.885],[-79.975,33.947],[-79.893,33.989],[-80,34.048],[-80.027,34.009],[-80.18,33.952],[-80.188,34.005],[-80.228,33.995],[-80.237,33.933],[-80.282,33.916],[-80.361,33.938],[-80.352,33.875],[-80.407,33.77],[-80.392,33.716],[-80.449,33.738],[-80.534,33.644],[-80.63,33.737],[-80.596,33.787],[-80.634,33.853],[-80.616,33.965],[-80.647,33.998],[-80.602,34.025],[-80.606,34.058],[-80.704,34.05],[-80.706,34.008],[-80.974,33.96],[-80.995,34.025],[-80.914,34.14],[-80.969,34.18],[-81.002,34.145],[-81.042,34.153],[-81.028,34.122],[-81.067,34.081],[-81.139,34.068],[-81.052,33.998],[-81.009,33.904],[-81.059,33.747],[-81.014,33.781],[-80.925,33.757],[-81.043,33.707],[-80.965,33.625],[-80.944,33.644],[-80.94,33.609],[-80.885,33.618],[-80.868,33.582],[-80.884,33.523],[-80.889,33.55],[-80.92,33.508],[-80.947,33.526],[-80.976,33.479],[-80.86,33.441],[-80.887,33.263],[-81.223,33.44],[-81.228,33.161],[-81.193,33.119],[-81.365,33.108],[-81.542,33.158],[-81.614,33.096]]]},"properties":{"STATE":"45","GEOID":"4506","NAME":"Congressional District 6"}},{"type":"Feature","geometry":{"type":"Polygon","coordinates":[[[-82.764,35.068],[-82.739,35.047],[-82.571,35.075],[-82.596,35.01],[-82.538,35.015],[-82.487,34.818],[-82.419,34.731],[-82.227,34.694],[-82.199,34.733],[-82.238,34.749],[-82.165,34.797],[-82.084,34.745],[-82.069,34.702],[-81.863,34.58],[-81.783,34.837],[-81.714,34.913],[-81.755,34.93],[-81.776,34.99],[-81.792,34.969],[-81.87,35.01],[-81.928,34.984],[-81.943,35.027],[-82.046,35.05],[-82.128,35.163],[-82.106,35.191],[-82.371,35.181],[-82.394,35.215],[-82.44,35.166],[-82.682,35.128],[-82.764,35.068]]]},"properties":{"STATE":"45","GEOID":"4504","NAME":"Congressional District 4"}},{"type":"Feature","geometry":{"type":"Polygon","coordinates":[[[-82.012,33.532],[-81.914,33.441],[-81.911,33.409],[-81.945,33.407],[-81.94,33.345],[-81.848,33.307],[-81.863,33.289],[-81.828,33.263],[-81.852,33.247],[-81.769,33.217],[-81.763,33.159],[-81.705,33.116],[-81.614,33.095],[-81.542,33.158],[-81.365,33.108],[-81.193,33.119],[-81.228,33.161],[-81.223,33.44],[-80.89,33.261],[-80.858,33.415],[-80.869,33.455],[-80.903,33.439],[-80.976,33.479],[-80.947,33.526],[-80.92,33.508],[-80.889,33.55],[-80.884,33.523],[-80.868,33.582],[-80.885,33.618],[-80.94,33.609],[-80.944,33.644],[-80.965,33.625],[-81.043,33.707],[-80.925,33.757],[-81.014,33.781],[-81.059,33.747],[-81.009,33.904],[-81.052,33.998],[-81.139,34.068],[-81.067,34.081],[-81.028,34.122],[-81.042,34.153],[-80.942,34.18],[-80.915,34.12],[-80.996,34],[-80.944,33.951],[-80.922,33.983],[-80.706,34.009],[-80.704,34.05],[-80.614,34.057],[-80.637,34.082],[-80.616,34.1],[-80.719,34.069],[-80.87,34.182],[-80.826,34.269],[-81.181,34.22],[-81.178,34.175],[-81.317,34.239],[-81.412,34.167],[-81.437,34.13],[-81.39,34.075],[-81.466,34.087],[-81.571,33.877],[-82.012,33.532]]]},"properties":{"STATE":"45","GEOID":"4502","NAME":"Congressional District 2"}},{"type":"Feature","geometry":{"type":"Polygon","coordinates":[[[-80.564,34.815],[-80.33,34.51],[-80.284,34.357],[-80.244,34.324],[-80.177,34.366],[-80.112,34.229],[-80.147,34.144],[-79.893,33.989],[-79.975,33.947],[-79.946,33.886],[-79.748,33.894],[-79.739,33.923],[-79.696,33.915],[-79.715,33.938],[-79.693,33.953],[-79.578,33.859],[-79.635,33.808],[-79.496,33.775],[-79.383,33.819],[-79.324,33.799],[-79.411,33.687],[-79.436,33.573],[-79.545,33.491],[-79.681,33.319],[-79.274,33.141],[-79.222,33.063],[-79.082,33.171],[-79.12,33.247],[-79.088,33.369],[-78.911,33.589],[-78.696,33.753],[-78.499,33.813],[-79.676,34.805],[-80.564,34.815]]]},"properties":{"STATE":"45","GEOID":"4507","NAME":"Congressional District 7"}},{"type":"Feature","geometry":{"type":"Polygon","coordinates":[[[-76.74,42.783],[-76.667,42.623],[-76.266,42.624],[-76.261,42.55],[-76.065,42.543],[-76.072,42.647],[-75.884,42.656],[-75.89,42.724],[-75.283,42.751],[-75.251,42.785],[-75.248,42.872],[-75.201,42.881],[-75.219,43.052],[-75.161,43.115],[-75.255,43.113],[-75.341,43.179],[-75.544,43.169],[-75.514,43.133],[-75.653,43.108],[-75.776,43.173],[-75.868,43.147],[-76.004,43.177],[-76.203,43.272],[-76.194,43.217],[-76.218,43.205],[-76.273,43.24],[-76.281,43.201],[-76.308,43.231],[-76.479,43.228],[-76.493,43.015],[-76.57,43.012],[-76.593,42.895],[-76.733,42.894],[-76.74,42.783]]]},"properties":{"STATE":"36","GEOID":"3622","NAME":"Congressional District 22"}},{"type":"Feature","geometry":{"type":"Polygon","coordinates":[[[-74.017,40.747],[-73.963,40.723],[-73.934,40.778],[-73.971,40.816],[-74.017,40.747]]]},"properties":{"STATE":"36","GEOID":"3612","NAME":"Congressional District 12"}},{"type":"Feature","geometry":{"type":"Polygon","coordinates":[[[-73.94,40.768],[-73.851,40.75],[-73.748,40.872],[-73.823,40.891],[-73.819,40.862],[-73.932,40.808],[-73.91,40.791],[-73.94,40.768]]]},"properties":{"STATE":"36","GEOID":"3614","NAME":"Congressional District 14"}},{"type":"Feature","geometry":{"type":"Polygon","coordinates":[[[-74.035,40.589],[-74.036,40.551],[-73.879,40.575],[-73.833,40.628],[-73.861,40.674],[-73.938,40.699],[-73.977,40.685],[-73.917,40.673],[-73.92,40.626],[-73.988,40.58],[-74.035,40.589]]]},"properties":{"STATE":"36","GEOID":"3608","NAME":"Congressional District 8"}},{"type":"Feature","geometry":{"type":"Polygon","coordinates":[[[-74.038,40.538],[-74.042,40.508],[-73.89,40.487],[-73.769,40.534],[-73.73,40.722],[-73.857,40.708],[-73.85,40.589],[-74.038,40.538]]]},"properties":{"STATE":"36","GEOID":"3605","NAME":"Congressional District 5"}},{"type":"Feature","geometry":{"type":"Polygon","coordinates":[[[-73.991,40.693],[-73.846,40.689],[-73.94,40.768],[-73.991,40.693]]]},"properties":{"STATE":"36","GEOID":"3607","NAME":"Congressional District 7"}},{"type":"Feature","geometry":{"type":"Polygon","coordinates":[[[-122.117,37.507],[-122.035,37.426],[-122.064,37.334],[-122.091,37.34],[-122.069,37.279],[-121.955,37.297],[-121.901,37.367],[-121.784,37.392],[-121.895,37.527],[-121.961,37.542],[-121.979,37.517],[-122.038,37.564],[-122.117,37.507]]]},"properties":{"STATE":"06","GEOID":"0617","NAME":"Congressional District 17"}},{"type":"Feature","geometry":{"type":"Polygon","coordinates":[[[-79.762,42.516],[-79.762,41.999],[-76.106,41.999],[-76.116,42.186],[-76.081,42.211],[-76.13,42.41],[-76.293,42.407],[-76.299,42.382],[-76.239,42.357],[-76.25,42.297],[-76.415,42.318],[-76.416,42.263],[-76.474,42.264],[-76.691,42.284],[-76.687,42.39],[-77.105,42.389],[-77.115,42.508],[-77.169,42.459],[-77.26,42.485],[-77.302,42.386],[-77.432,42.363],[-77.471,42.364],[-77.471,42.396],[-77.515,42.398],[-77.514,42.428],[-77.565,42.455],[-77.726,42.404],[-77.723,42.471],[-77.84,42.475],[-77.841,42.518],[-78.465,42.519],[-78.463,42.78],[-78.488,42.78],[-78.464,43.089],[-78.616,43.074],[-78.625,43.152],[-78.724,43.144],[-78.746,43.167],[-78.755,43.133],[-78.838,43.122],[-78.836,43.077],[-78.814,43.052],[-78.697,43.086],[-78.697,42.811],[-78.957,42.833],[-79.762,42.516]]]},"properties":{"STATE":"36","GEOID":"3623","NAME":"Congressional District 23"}},{"type":"Feature","geometry":{"type":"Polygon","coordinates":[[[-82.645,38.166],[-82.519,38.001],[-82.465,37.984],[-82.502,37.933],[-82.42,37.885],[-82.401,37.81],[-82.312,37.765],[-82.334,37.743],[-82.304,37.676],[-82.214,37.625],[-82.175,37.648],[-82.133,37.553],[-82.046,37.528],[-81.97,37.547],[-81.926,37.515],[-81.996,37.47],[-81.936,37.438],[-81.928,37.36],[-81.85,37.285],[-81.757,37.276],[-81.678,37.202],[-81.561,37.207],[-81.499,37.258],[-81.416,37.274],[-81.363,37.338],[-81.225,37.235],[-80.899,37.316],[-80.849,37.347],[-80.883,37.384],[-80.859,37.429],[-80.77,37.372],[-80.552,37.474],[-80.511,37.482],[-80.475,37.423],[-80.3,37.508],[-80.282,37.534],[-80.33,37.536],[-80.329,37.564],[-80.221,37.628],[-80.296,37.693],[-80.162,37.875],[-79.999,37.995],[-79.926,38.107],[-79.945,38.132],[-79.92,38.183],[-79.789,38.269],[-79.81,38.307],[-79.726,38.364],[-79.649,38.591],[-79.537,38.551],[-79.477,38.457],[-79.283,38.418],[-79.211,38.493],[-79.13,38.655],[-79.093,38.66],[-79.057,38.761],[-79.35,38.958],[-79.375,38.921],[-79.455,38.93],[-79.444,38.899],[-79.52,38.892],[-79.539,38.841],[-79.509,38.784],[-79.596,38.663],[-79.739,38.68],[-79.731,38.712],[-79.777,38.74],[-79.863,38.551],[-80.028,38.459],[-80.117,38.474],[-80.246,38.388],[-80.184,38.525],[-80.28,38.695],[-80.453,38.733],[-80.474,38.833],[-80.586,38.861],[-80.717,39.008],[-80.728,39.096],[-80.813,39.109],[-81.007,39.009],[-81.13,39.045],[-81.249,39.034],[-81.263,39.107],[-81.329,39.15],[-81.298,39.186],[-81.581,39.026],[-81.747,39.095],[-81.811,39.083],[-81.764,39.015],[-81.782,38.962],[-81.756,38.934],[-81.827,38.946],[-81.889,38.874],[-81.928,38.893],[-81.898,38.93],[-81.933,38.988],[-82.038,39.024],[-82.143,38.898],[-82.145,38.84],[-82.222,38.787],[-82.177,38.604],[-82.291,38.579],[-82.33,38.444],[-82.541,38.404],[-82.593,38.422],[-82.575,38.264],[-82.612,38.236],[-82.612,38.171],[-82.645,38.166]]]},"properties":{"STATE":"54","GEOID":"5401","NAME":"Congressional District 1"}},{"type":"Feature","geometry":{"type":"Polygon","coordinates":[[[-81.756,39.178],[-81.747,39.095],[-81.581,39.026],[-81.298,39.186],[-81.329,39.15],[-81.263,39.107],[-81.249,39.034],[-81.13,39.045],[-81.007,39.009],[-80.813,39.109],[-80.728,39.096],[-80.717,39.008],[-80.586,38.861],[-80.474,38.833],[-80.453,38.733],[-80.28,38.695],[-80.184,38.525],[-80.246,38.388],[-80.117,38.474],[-80.028,38.459],[-79.863,38.551],[-79.777,38.74],[-79.731,38.712],[-79.739,38.68],[-79.596,38.663],[-79.509,38.784],[-79.539,38.841],[-79.52,38.892],[-79.444,38.899],[-79.455,38.93],[-79.375,38.921],[-79.35,38.958],[-79.057,38.761],[-78.994,38.85],[-78.869,38.763],[-78.786,38.887],[-78.717,38.936],[-78.719,38.905],[-78.697,38.914],[-78.628,38.982],[-78.602,38.965],[-78.55,39.018],[-78.572,39.032],[-78.404,39.167],[-78.439,39.198],[-78.339,39.349],[-78.367,39.359],[-78.347,39.466],[-77.828,39.132],[-77.72,39.321],[-77.761,39.34],[-77.736,39.389],[-77.753,39.423],[-77.803,39.437],[-77.766,39.496],[-77.845,39.498],[-77.825,39.528],[-77.861,39.514],[-77.889,39.555],[-77.836,39.567],[-77.834,39.603],[-77.941,39.619],[-77.946,39.585],[-78.177,39.696],[-78.266,39.619],[-78.43,39.623],[-78.395,39.585],[-78.457,39.588],[-78.417,39.549],[-78.461,39.551],[-78.472,39.516],[-78.69,39.546],[-78.767,39.588],[-78.733,39.615],[-78.778,39.622],[-78.775,39.646],[-78.826,39.589],[-78.816,39.563],[-78.893,39.524],[-78.957,39.44],[-79.047,39.483],[-79.102,39.476],[-79.162,39.388],[-79.487,39.206],[-79.477,39.721],[-80.519,39.721],[-80.519,40.639],[-80.668,40.584],[-80.595,40.475],[-80.633,40.391],[-80.6,40.318],[-80.738,40.079],[-80.756,39.913],[-80.807,39.916],[-80.791,39.867],[-80.869,39.766],[-80.83,39.712],[-80.88,39.621],[-80.973,39.588],[-81.219,39.387],[-81.376,39.342],[-81.421,39.4],[-81.468,39.404],[-81.558,39.339],[-81.57,39.268],[-81.678,39.274],[-81.756,39.178]]]},"properties":{"STATE":"54","GEOID":"5402","NAME":"Congressional District 2"}},{"type":"Feature","geometry":{"type":"Polygon","coordinates":[[[-98.464,31.684],[-98.271,31.416],[-98.18,31.464],[-97.907,31.069],[-97.698,31.141],[-97.654,31.124],[-97.685,31.077],[-97.631,31.042],[-97.646,30.996],[-97.704,30.978],[-97.73,30.888],[-97.828,30.904],[-97.912,31.035],[-98.44,31.03],[-98.453,30.964],[-98.415,30.94],[-98.457,30.879],[-98.422,30.835],[-98.377,30.834],[-98.432,30.79],[-98.43,30.757],[-98.371,30.742],[-98.414,30.704],[-98.403,30.677],[-98.442,30.666],[-98.405,30.566],[-98.352,30.558],[-98.351,30.486],[-98.125,30.426],[-98.05,30.624],[-97.917,30.605],[-97.927,30.568],[-97.868,30.546],[-97.847,30.473],[-97.812,30.504],[-97.687,30.513],[-97.693,30.558],[-97.665,30.567],[-97.638,30.508],[-97.598,30.504],[-97.614,30.532],[-97.583,30.537],[-97.561,30.507],[-97.483,30.554],[-97.49,30.518],[-97.47,30.537],[-97.417,30.514],[-97.375,30.575],[-97.219,30.61],[-97.27,30.735],[-97.315,30.755],[-97.259,30.89],[-97.07,30.986],[-97.278,31.28],[-97.343,31.244],[-97.605,31.588],[-97.277,31.745],[-97.327,31.788],[-97.28,31.841],[-97.383,31.871],[-97.359,31.89],[-97.439,31.93],[-97.379,31.983],[-97.426,32.029],[-97.486,32.018],[-97.47,32.092],[-97.497,32.134],[-97.46,32.171],[-97.522,32.135],[-97.631,32.207],[-98.208,31.918],[-98.157,31.842],[-98.464,31.684]]]},"properties":{"STATE":"48","GEOID":"4831","NAME":"Congressional District 31"}},{"type":"Feature","geometry":{"type":"MultiPolygon","coordinates":[[[[-65.154,18.281],[-65.101,18.233],[-65.05,18.269],[-64.946,18.257],[-64.842,18.181],[-64.773,18.261],[-64.664,18.261],[-64.64,18.364],[-64.8,18.408],[-64.865,18.396],[-64.9,18.464],[-65.008,18.441],[-65.061,18.46],[-65.107,18.429],[-65.154,18.281]]],[[[-64.957,17.679],[-64.916,17.625],[-64.756,17.631],[-64.549,17.703],[-64.513,17.76],[-64.612,17.843],[-64.698,17.809],[-64.747,17.835],[-64.883,17.82],[-64.934,17.785],[-64.957,17.679]]]]},"properties":{"STATE":"78","GEOID":"7898","NAME":"Delegate District (at Large)"}},{"type":"Feature","geometry":{"type":"Polygon","coordinates":[[[-98.09,28.663],[-97.809,28.183],[-97.904,28.114],[-97.895,28.061],[-97.789,28.014],[-97.934,27.885],[-97.942,27.636],[-97.889,27.62],[-97.841,27.558],[-97.165,27.568],[-96.844,28],[-96.619,28.17],[-96.395,28.28],[-96.323,28.643],[-96.309,28.963],[-96.658,29.264],[-96.561,29.335],[-96.793,29.577],[-96.833,29.577],[-96.865,29.633],[-97.143,29.628],[-97.318,29.785],[-97.194,29.897],[-97.165,30.033],[-97.291,30.104],[-97.288,30.068],[-97.346,30.076],[-97.32,30.104],[-97.373,30.146],[-97.348,30.168],[-97.399,30.187],[-97.444,30.143],[-97.424,30.188],[-97.472,30.183],[-97.491,30.212],[-97.899,29.858],[-97.847,29.842],[-97.83,29.78],[-97.736,29.691],[-97.631,29.653],[-97.859,29.353],[-97.613,29.11],[-97.755,29.007],[-97.575,28.813],[-97.779,28.668],[-97.915,28.72],[-98.09,28.663]]]},"properties":{"STATE":"48","GEOID":"4827","NAME":"Congressional District 27"}},{"type":"Feature","geometry":{"type":"Polygon","coordinates":[[[-84.402,33.427],[-84.395,33.36],[-84.354,33.353],[-84.354,33.436],[-84.207,33.45],[-84.217,33.482],[-84.144,33.491],[-84.097,33.56],[-84.055,33.526],[-83.989,33.548],[-83.852,33.528],[-83.804,33.611],[-83.849,33.654],[-83.925,33.633],[-83.915,33.744],[-83.982,33.786],[-83.843,33.895],[-84.007,33.973],[-84.079,33.962],[-84.101,33.917],[-84.208,33.878],[-84.024,33.753],[-84.116,33.615],[-84.244,33.68],[-84.317,33.656],[-84.294,33.592],[-84.333,33.553],[-84.386,33.558],[-84.402,33.427]]]},"properties":{"STATE":"13","GEOID":"1313","NAME":"Congressional District 13"}},{"type":"Feature","geometry":{"type":"Polygon","coordinates":[[[-73.165,41.155],[-73.095,41.147],[-73.088,41.188],[-72.984,41.219],[-72.921,41.27],[-72.938,41.282],[-72.906,41.283],[-72.905,41.239],[-72.671,41.248],[-72.632,41.309],[-72.675,41.349],[-72.679,41.434],[-72.609,41.443],[-72.634,41.5],[-72.555,41.511],[-72.554,41.551],[-72.749,41.544],[-72.745,41.498],[-72.85,41.516],[-72.887,41.448],[-72.952,41.465],[-72.949,41.523],[-73.08,41.535],[-73.105,41.491],[-73.077,41.465],[-73.084,41.404],[-73.148,41.368],[-73.123,41.339],[-73.154,41.313],[-73.165,41.155]]]},"properties":{"STATE":"09","GEOID":"0903","NAME":"Congressional District 3"}},{"type":"Feature","geometry":{"type":"Polygon","coordinates":[[[-73.202,41.79],[-72.949,41.806],[-72.941,41.895],[-72.906,41.922],[-72.768,41.918],[-72.8,41.792],[-72.75,41.65],[-72.883,41.649],[-72.898,41.723],[-72.999,41.712],[-72.983,41.64],[-72.939,41.644],[-72.946,41.557],[-72.844,41.545],[-72.849,41.567],[-72.752,41.579],[-72.749,41.544],[-72.561,41.554],[-72.531,41.621],[-72.631,41.633],[-72.628,41.666],[-72.54,41.691],[-72.614,41.728],[-72.464,41.746],[-72.476,41.813],[-72.508,41.81],[-72.513,41.945],[-72.716,41.95],[-72.709,41.974],[-72.817,41.998],[-72.814,42.037],[-73.127,42.042],[-73.202,41.79]]]},"properties":{"STATE":"09","GEOID":"0901","NAME":"Congressional District 1"}},{"type":"Feature","geometry":{"type":"Polygon","coordinates":[[[-73.543,41.379],[-73.506,41.377],[-73.47,41.326],[-73.347,41.35],[-73.333,41.318],[-73.202,41.372],[-73.185,41.406],[-73.208,41.421],[-73.158,41.489],[-73.104,41.489],[-73.043,41.548],[-72.949,41.523],[-72.952,41.465],[-72.887,41.448],[-72.85,41.516],[-72.745,41.498],[-72.752,41.579],[-72.849,41.567],[-72.844,41.545],[-72.946,41.557],[-72.939,41.644],[-72.983,41.64],[-72.999,41.712],[-72.898,41.723],[-72.883,41.649],[-72.75,41.65],[-72.8,41.792],[-72.759,41.908],[-72.906,41.922],[-72.941,41.895],[-72.949,41.806],[-73.202,41.79],[-73.127,42.042],[-73.487,42.05],[-73.543,41.379]]]},"properties":{"STATE":"09","GEOID":"0905","NAME":"Congressional District 5"}},{"type":"Feature","geometry":{"type":"Polygon","coordinates":[[[-73.728,41.101],[-73.613,40.951],[-73.456,40.984],[-73.456,41.02],[-73.39,41.021],[-73.361,41.075],[-73.296,41.08],[-73.298,41.124],[-73.166,41.154],[-73.154,41.313],[-73.123,41.339],[-73.148,41.368],[-73.084,41.404],[-73.077,41.465],[-73.158,41.489],[-73.208,41.421],[-73.185,41.406],[-73.202,41.372],[-73.333,41.318],[-73.347,41.35],[-73.47,41.326],[-73.506,41.377],[-73.543,41.377],[-73.551,41.295],[-73.483,41.213],[-73.728,41.101]]]},"properties":{"STATE":"09","GEOID":"0904","NAME":"Congressional District 4"}},{"type":"Feature","geometry":{"type":"MultiPolygon","coordinates":[[[[-72.776,41.997],[-72.708,41.973],[-72.716,41.95],[-72.513,41.945],[-72.508,41.81],[-72.476,41.813],[-72.464,41.746],[-72.614,41.728],[-72.54,41.688],[-72.625,41.668],[-72.631,41.633],[-72.544,41.643],[-72.529,41.617],[-72.555,41.511],[-72.634,41.5],[-72.609,41.443],[-72.679,41.434],[-72.675,41.349],[-72.632,41.309],[-72.655,41.266],[-72.502,41.248],[-72.05,41.277],[-71.829,41.342],[-71.844,41.405],[-71.798,41.417],[-71.788,41.621],[-71.801,42.024],[-72.756,42.036],[-72.776,41.997]]],[[[-72.603,41.267],[-72.601,41.266],[-72.602,41.267],[-72.603,41.267]]]]},"properties":{"STATE":"09","GEOID":"0902","NAME":"Congressional District 2"}},{"type":"Feature","geometry":{"type":"Polygon","coordinates":[[[-73.456,40.991],[-72.05,41.277],[-72.502,41.248],[-72.666,41.271],[-72.679,41.245],[-72.905,41.239],[-72.906,41.283],[-72.938,41.282],[-72.921,41.27],[-72.984,41.219],[-73.088,41.188],[-73.095,41.147],[-73.298,41.124],[-73.296,41.08],[-73.361,41.075],[-73.39,41.021],[-73.456,41.02],[-73.456,40.991]],[[-72.603,41.266],[-72.602,41.267],[-72.601,41.266],[-72.603,41.266]]]},"properties":{"STATE":"09","GEOID":"09ZZ","NAME":"Congressional Districts not defined"}},{"type":"Feature","geometry":{"type":"Polygon","coordinates":[[[-85.112,34.462],[-85.104,34.404],[-85.006,34.392],[-85.047,34.083],[-84.637,34.078],[-84.613,34.013],[-84.649,33.953],[-84.588,33.93],[-84.594,33.902],[-84.544,33.922],[-84.447,33.9],[-84.383,33.963],[-84.419,34.055],[-84.418,34.109],[-84.388,34.118],[-84.427,34.125],[-84.416,34.169],[-84.446,34.195],[-84.397,34.212],[-84.431,34.277],[-84.393,34.302],[-84.414,34.378],[-84.258,34.381],[-84.257,34.467],[-84.32,34.468],[-84.346,34.563],[-84.654,34.549],[-84.655,34.583],[-84.731,34.599],[-84.716,34.623],[-85.059,34.623],[-85.064,34.543],[-85.09,34.542],[-85.09,34.464],[-85.112,34.462]]]},"properties":{"STATE":"13","GEOID":"1311","NAME":"Congressional District 11"}},{"type":"Feature","geometry":{"type":"Polygon","coordinates":[[[-82.701,31.224],[-82.592,31.018],[-82.491,30.963],[-82.495,30.82],[-82.436,30.82],[-82.419,30.582],[-82.215,30.569],[-82.24,30.538],[-82.201,30.485],[-82.193,30.379],[-82.066,30.356],[-82.037,30.372],[-82.005,30.564],[-82.049,30.655],[-82.046,30.728],[-82.023,30.788],[-81.974,30.779],[-81.95,30.828],[-81.61,30.716],[-81.347,30.712],[-81.4,30.766],[-81.305,30.971],[-81.345,31.059],[-81.298,31.081],[-81.296,31.152],[-81.234,31.17],[-81.188,31.246],[-81.191,31.4],[-81.087,31.529],[-81.057,31.715],[-81.014,31.729],[-80.783,31.996],[-80.823,32.034],[-80.925,32.042],[-81.004,32.102],[-81.038,32.084],[-81.115,32.115],[-81.114,32.196],[-81.157,32.243],[-81.12,32.287],[-81.129,32.341],[-81.181,32.379],[-81.258,32.336],[-81.326,32.363],[-81.343,32.33],[-81.393,32.33],[-81.389,32.294],[-81.453,32.295],[-81.436,32.241],[-81.782,32.153],[-81.719,32.089],[-81.876,31.968],[-81.893,31.895],[-81.976,31.783],[-82.115,31.863],[-82.113,31.901],[-82.432,31.966],[-82.431,31.838],[-82.52,31.838],[-82.52,31.749],[-82.551,31.749],[-82.521,31.736],[-82.521,31.673],[-82.627,31.673],[-82.598,31.469],[-82.628,31.469],[-82.63,31.275],[-82.699,31.278],[-82.701,31.224]]]},"properties":{"STATE":"13","GEOID":"1301","NAME":"Congressional District 1"}},{"type":"Feature","geometry":{"type":"Polygon","coordinates":[[[-83.226,32.584],[-82.991,32.147],[-82.887,32.198],[-82.872,32.183],[-82.94,32.125],[-82.725,32.004],[-82.655,31.924],[-82.48,31.972],[-82.286,31.942],[-82.112,31.9],[-82.115,31.863],[-81.977,31.783],[-81.893,31.895],[-81.876,31.968],[-81.719,32.089],[-81.782,32.153],[-81.436,32.241],[-81.45,32.297],[-81.389,32.294],[-81.393,32.33],[-81.343,32.33],[-81.326,32.363],[-81.258,32.336],[-81.177,32.389],[-81.208,32.436],[-81.187,32.464],[-81.234,32.518],[-81.419,32.629],[-81.393,32.652],[-81.428,32.702],[-81.418,32.818],[-81.502,32.935],[-81.492,33.009],[-81.763,33.159],[-81.769,33.217],[-81.853,33.249],[-81.828,33.263],[-81.863,33.289],[-81.847,33.307],[-81.94,33.345],[-81.945,33.408],[-81.91,33.412],[-81.926,33.463],[-81.986,33.487],[-82.046,33.564],[-82.186,33.621],[-82.301,33.802],[-82.656,33.991],[-82.771,33.973],[-82.729,33.86],[-82.78,33.813],[-82.811,33.829],[-82.812,33.776],[-82.866,33.726],[-82.938,33.715],[-82.879,33.62],[-82.813,33.656],[-82.68,33.6],[-82.747,33.512],[-82.815,33.521],[-82.867,33.467],[-82.823,33.426],[-82.786,33.268],[-82.748,33.238],[-82.855,33.197],[-82.901,33.129],[-83.052,33.081],[-83.071,32.933],[-83.027,32.856],[-82.97,32.834],[-82.957,32.708],[-83.226,32.584]]]},"properties":{"STATE":"13","GEOID":"1312","NAME":"Congressional District 12"}},{"type":"Feature","geometry":{"type":"Polygon","coordinates":[[[-94.618,36.5],[-94.431,35.393],[-94.437,35.247],[-94.355,35.224],[-94.357,35.162],[-94.237,35.162],[-94.176,35.13],[-94.031,35.141],[-94.029,35.214],[-94.082,35.215],[-94.074,35.445],[-94.039,35.465],[-94.023,35.574],[-94.076,35.576],[-94.074,35.662],[-93.984,35.661],[-93.964,35.732],[-93.893,35.745],[-93.911,35.774],[-93.519,35.763],[-93.524,35.882],[-93.451,35.967],[-93.446,36.081],[-93.48,36.082],[-93.48,36.125],[-93.301,36.122],[-93.293,36.498],[-94.618,36.5]]]},"properties":{"STATE":"05","GEOID":"0503","NAME":"Congressional District 3"}},{"type":"Feature","geometry":{"type":"Polygon","coordinates":[[[-93.302,36.483],[-93.301,36.122],[-92.945,36.116],[-92.951,35.725],[-92.631,35.718],[-92.63,35.791],[-92.54,35.79],[-92.417,35.789],[-92.418,35.716],[-91.79,35.712],[-91.794,35.534],[-91.582,35.53],[-91.584,35.442],[-91.347,35.439],[-91.401,35.393],[-91.385,35.375],[-91.41,35.385],[-91.445,35.346],[-91.412,35.265],[-91.371,35.263],[-91.379,35.189],[-91.404,35.215],[-91.463,35.161],[-91.425,35.103],[-91.584,35.092],[-91.585,35.025],[-91.608,35.021],[-91.701,35.063],[-91.875,35.024],[-92.013,35.076],[-92.119,35.067],[-92.122,35.012],[-92.071,35.012],[-92.076,34.843],[-92.122,34.844],[-92.221,34.754],[-92.151,34.703],[-92.168,34.573],[-92.117,34.548],[-92.144,34.492],[-91.705,34.483],[-91.712,34.234],[-91.538,34.224],[-91.515,34.143],[-91.443,34.126],[-91.431,34.088],[-91.483,34.059],[-91.545,34.104],[-91.604,34.088],[-91.586,34.131],[-91.718,34.176],[-91.727,34.065],[-91.745,34.094],[-91.954,34.093],[-91.976,33.792],[-91.45,33.781],[-91.46,33.006],[-91.166,33.004],[-91.121,33.058],[-91.202,33.124],[-91.086,33.136],[-91.1,33.219],[-91.044,33.276],[-91.078,33.284],[-91.106,33.242],[-91.142,33.349],[-91.058,33.447],[-91.087,33.451],[-91.143,33.38],[-91.208,33.402],[-91.117,33.455],[-91.169,33.498],[-91.177,33.444],[-91.236,33.439],[-91.182,33.5],[-91.234,33.561],[-91.163,33.571],[-91.129,33.609],[-91.231,33.68],[-91.16,33.707],[-91.091,33.658],[-91.032,33.677],[-91.059,33.715],[-91.149,33.731],[-91.133,33.783],[-90.989,33.783],[-91.069,33.843],[-91.01,33.932],[-91.086,33.958],[-91.086,34.006],[-90.966,33.965],[-90.988,34.019],[-90.894,34.026],[-90.871,34.08],[-90.959,34.135],[-90.91,34.166],[-90.845,34.137],[-90.807,34.164],[-90.908,34.192],[-90.936,34.238],[-90.847,34.206],[-90.832,34.277],[-90.738,34.289],[-90.764,34.364],[-90.676,34.371],[-90.693,34.323],[-90.669,34.313],[-90.657,34.377],[-90.586,34.409],[-90.593,34.491],[-90.54,34.554],[-90.592,34.621],[-90.57,34.693],[-90.542,34.684],[-90.534,34.627],[-90.463,34.684],[-90.572,34.713],[-90.544,34.792],[-90.493,34.772],[-90.517,34.727],[-90.448,34.74],[-90.481,34.882],[-90.437,34.883],[-90.439,34.825],[-90.308,34.845],[-90.318,34.871],[-90.241,34.919],[-90.308,34.993],[-90.297,35.039],[-90.207,35.026],[-90.168,35.121],[-90.066,35.139],[-90.117,35.188],[-90.076,35.213],[-90.091,35.245],[-90.169,35.28],[-90.11,35.305],[-90.079,35.382],[-90.132,35.414],[-90.136,35.377],[-90.165,35.374],[-90.169,35.422],[-90.101,35.478],[-90.068,35.467],[-90.054,35.389],[-90.003,35.43],[-90.048,35.504],[-90.03,35.555],[-89.909,35.514],[-89.958,35.589],[-89.851,35.657],[-89.925,35.658],[-89.958,35.727],[-89.907,35.759],[-89.825,35.745],[-89.782,35.805],[-89.708,35.812],[-89.695,35.835],[-89.77,35.886],[-89.731,35.912],[-89.663,35.875],[-89.644,35.921],[-89.733,36.001],[-90.378,35.996],[-90.32,36.09],[-90.064,36.303],[-90.064,36.384],[-90.139,36.414],[-90.152,36.498],[-93.302,36.483]]]},"properties":{"STATE":"05","GEOID":"0501","NAME":"Congressional District 1"}},{"type":"Feature","geometry":{"type":"Polygon","coordinates":[[[-94.486,33.638],[-94.448,33.642],[-94.472,33.603],[-94.412,33.569],[-94.381,33.582],[-94.401,33.561],[-94.382,33.544],[-94.243,33.59],[-94.251,33.557],[-94.195,33.555],[-94.217,33.58],[-94.184,33.595],[-94.129,33.551],[-94.074,33.585],[-94.043,33.552],[-94.043,33.019],[-91.46,33.006],[-91.45,33.781],[-91.976,33.792],[-91.954,34.093],[-91.745,34.094],[-91.727,34.065],[-91.714,34.176],[-91.586,34.131],[-91.602,34.087],[-91.545,34.104],[-91.482,34.059],[-91.431,34.088],[-91.452,34.134],[-91.516,34.143],[-91.537,34.223],[-91.712,34.234],[-91.705,34.483],[-92.144,34.492],[-92.117,34.55],[-92.164,34.566],[-92.154,34.609],[-92.25,34.717],[-92.362,34.677],[-92.382,34.626],[-92.346,34.626],[-92.349,34.582],[-92.244,34.581],[-92.246,34.494],[-92.403,34.496],[-92.405,34.452],[-92.589,34.456],[-92.621,34.411],[-92.686,34.415],[-92.685,34.473],[-92.793,34.504],[-92.808,34.59],[-92.877,34.591],[-92.875,34.635],[-92.98,34.637],[-92.969,34.772],[-93.288,34.773],[-93.306,34.875],[-93.051,35.062],[-93.04,35.11],[-92.855,35.174],[-92.849,35.549],[-92.813,35.549],[-92.81,35.722],[-92.951,35.725],[-92.945,36.116],[-93.48,36.125],[-93.48,36.082],[-93.446,36.081],[-93.451,35.967],[-93.524,35.882],[-93.519,35.763],[-93.911,35.774],[-93.893,35.745],[-93.964,35.732],[-93.984,35.661],[-94.074,35.662],[-94.076,35.576],[-94.023,35.574],[-94.039,35.465],[-94.074,35.445],[-94.082,35.215],[-94.029,35.214],[-94.031,35.141],[-94.176,35.13],[-94.237,35.162],[-94.357,35.162],[-94.355,35.224],[-94.437,35.247],[-94.486,33.638]]]},"properties":{"STATE":"05","GEOID":"0504","NAME":"Congressional District 4"}},{"type":"Feature","geometry":{"type":"Polygon","coordinates":[[[-93.306,34.861],[-93.288,34.773],[-92.969,34.772],[-92.98,34.637],[-92.875,34.635],[-92.877,34.591],[-92.808,34.59],[-92.793,34.504],[-92.685,34.473],[-92.686,34.415],[-92.621,34.411],[-92.589,34.456],[-92.405,34.452],[-92.403,34.496],[-92.246,34.494],[-92.244,34.581],[-92.349,34.582],[-92.346,34.626],[-92.382,34.626],[-92.381,34.652],[-92.237,34.717],[-92.173,34.638],[-92.151,34.703],[-92.221,34.754],[-92.122,34.844],[-92.076,34.843],[-92.071,35.012],[-92.122,35.012],[-92.12,35.067],[-92.013,35.076],[-91.875,35.024],[-91.701,35.063],[-91.608,35.021],[-91.585,35.025],[-91.584,35.092],[-91.451,35.089],[-91.424,35.106],[-91.451,35.14],[-91.428,35.138],[-91.463,35.161],[-91.404,35.215],[-91.379,35.189],[-91.371,35.261],[-91.437,35.296],[-91.439,35.369],[-91.385,35.375],[-91.401,35.393],[-91.347,35.439],[-91.584,35.442],[-91.582,35.53],[-91.794,35.534],[-91.79,35.712],[-92.418,35.716],[-92.417,35.789],[-92.63,35.791],[-92.631,35.718],[-92.81,35.722],[-92.813,35.549],[-92.849,35.549],[-92.855,35.174],[-93.04,35.11],[-93.051,35.062],[-93.306,34.861]]]},"properties":{"STATE":"05","GEOID":"0502","NAME":"Congressional District 2"}},{"type":"Feature","geometry":{"type":"Polygon","coordinates":[[[-95.385,40.732],[-95.374,40.581],[-92.18,40.601],[-92.18,41.163],[-93.789,41.162],[-93.791,41.512],[-93.328,41.491],[-93.348,41.863],[-94.164,41.863],[-94.165,42.21],[-94.629,42.21],[-94.629,41.863],[-94.745,41.862],[-94.744,41.602],[-94.701,41.602],[-94.701,41.504],[-95.155,41.505],[-95.156,41.159],[-95.384,41.16],[-95.385,40.732]]]},"properties":{"STATE":"19","GEOID":"1903","NAME":"Congressional District 3"}},{"type":"Feature","geometry":{"type":"Polygon","coordinates":[[[-93.791,41.395],[-93.789,41.162],[-92.18,41.163],[-92.18,40.601],[-91.729,40.614],[-91.689,40.557],[-91.62,40.541],[-91.575,40.466],[-91.525,40.458],[-91.525,40.411],[-91.419,40.378],[-91.373,40.401],[-91.364,40.5],[-91.401,40.559],[-91.34,40.613],[-91.124,40.669],[-91.093,40.821],[-90.952,40.954],[-90.947,41.097],[-91.114,41.241],[-91.046,41.414],[-90.656,41.462],[-90.591,41.513],[-90.461,41.524],[-90.343,41.588],[-90.311,41.742],[-90.182,41.807],[-90.14,42.003],[-90.168,42.122],[-90.393,42.227],[-90.431,42.278],[-90.417,42.325],[-90.474,42.381],[-90.665,42.382],[-90.666,42.295],[-91.363,42.296],[-91.366,41.86],[-92.298,41.863],[-92.297,41.51],[-92.757,41.509],[-92.766,41.862],[-93.348,41.863],[-93.328,41.491],[-93.791,41.512],[-93.791,41.395]]]},"properties":{"STATE":"19","GEOID":"1901","NAME":"Congressional District 1"}},{"type":"Feature","geometry":{"type":"Polygon","coordinates":[[[-96.639,42.737],[-96.516,42.63],[-96.476,42.49],[-96.386,42.474],[-96.418,42.351],[-96.329,42.255],[-96.35,42.171],[-96.269,42.114],[-96.273,42.046],[-96.224,42.033],[-96.236,41.996],[-96.195,42.009],[-96.187,41.978],[-96.13,41.972],[-96.162,41.902],[-96.065,41.794],[-96.106,41.738],[-96.073,41.704],[-96.123,41.683],[-96.095,41.65],[-96.118,41.615],[-96.081,41.578],[-96.095,41.541],[-96.041,41.507],[-96.005,41.543],[-96.014,41.478],[-95.921,41.455],[-95.957,41.346],[-95.871,41.297],[-95.903,41.274],[-95.928,41.298],[-95.927,41.197],[-95.842,41.175],[-95.883,41.156],[-95.882,41.059],[-95.809,40.891],[-95.849,40.861],[-95.835,40.779],[-95.889,40.732],[-95.776,40.647],[-95.766,40.585],[-95.374,40.581],[-95.384,41.16],[-95.156,41.159],[-95.155,41.505],[-94.701,41.504],[-94.701,41.602],[-94.744,41.602],[-94.745,41.862],[-94.629,41.863],[-94.629,42.21],[-94.165,42.21],[-94.164,41.863],[-92.766,41.862],[-92.767,42.21],[-93.463,42.209],[-93.463,42.471],[-93.499,42.471],[-93.499,42.558],[-93.027,42.557],[-93.025,42.908],[-93.499,42.909],[-93.497,43.5],[-96.599,43.5],[-96.594,43.434],[-96.522,43.386],[-96.527,43.305],[-96.588,43.296],[-96.586,43.269],[-96.553,43.258],[-96.559,43.223],[-96.477,43.222],[-96.436,43.12],[-96.461,43.064],[-96.521,43.04],[-96.492,43.01],[-96.521,42.98],[-96.499,42.958],[-96.541,42.924],[-96.55,42.838],[-96.581,42.838],[-96.639,42.737]]]},"properties":{"STATE":"19","GEOID":"1904","NAME":"Congressional District 4"}},{"type":"Feature","geometry":{"type":"Polygon","coordinates":[[[-93.5,42.544],[-93.499,42.471],[-93.463,42.471],[-93.463,42.209],[-92.767,42.21],[-92.757,41.509],[-92.297,41.51],[-92.298,41.863],[-91.366,41.86],[-91.363,42.296],[-90.666,42.295],[-90.665,42.382],[-90.474,42.381],[-90.651,42.475],[-90.636,42.519],[-90.709,42.636],[-90.949,42.686],[-91.065,42.751],[-91.101,42.883],[-91.146,42.908],[-91.179,43.067],[-91.175,43.135],[-91.058,43.255],[-91.107,43.314],[-91.207,43.353],[-91.218,43.501],[-93.497,43.5],[-93.499,42.909],[-93.025,42.908],[-93.027,42.557],[-93.5,42.544]]]},"properties":{"STATE":"19","GEOID":"1902","NAME":"Congressional District 2"}},{"type":"Feature","geometry":{"type":"Polygon","coordinates":[[[-72.117,42.627],[-72.076,42.625],[-71.95,42.512],[-71.902,42.536],[-71.842,42.515],[-71.837,42.549],[-71.75,42.545],[-71.745,42.574],[-71.702,42.534],[-71.726,42.39],[-71.671,42.387],[-71.678,42.365],[-71.585,42.311],[-71.487,42.33],[-71.464,42.45],[-71.366,42.413],[-71.289,42.465],[-71.317,42.506],[-71.252,42.524],[-71.276,42.544],[-71.226,42.58],[-71.296,42.613],[-71.275,42.656],[-71.216,42.701],[-71.134,42.677],[-71.116,42.741],[-71.059,42.732],[-70.999,42.809],[-71.054,42.833],[-71.064,42.806],[-71.148,42.816],[-71.186,42.791],[-71.182,42.737],[-71.245,42.743],[-71.295,42.697],[-72.111,42.717],[-72.117,42.627]]]},"properties":{"STATE":"25","GEOID":"2503","NAME":"Congressional District 3"}},{"type":"Feature","geometry":{"type":"Polygon","coordinates":[[[-71.138,41.604],[-71.089,41.431],[-71.034,41.414],[-70.991,41.351],[-70.896,41.37],[-70.87,41.297],[-70.891,41.243],[-70.848,41.206],[-70.768,41.206],[-70.703,41.289],[-70.607,41.299],[-70.512,41.298],[-70.46,41.265],[-70.344,41.276],[-70.11,41.19],[-69.964,41.196],[-69.894,41.259],[-70.006,41.434],[-70.094,41.431],[-70.117,41.395],[-70.098,41.354],[-70.138,41.346],[-70.267,41.393],[-70.383,41.37],[-70.393,41.445],[-70.49,41.463],[-70.509,41.499],[-70.395,41.557],[-70.249,41.56],[-70.078,41.613],[-70.063,41.59],[-70.129,41.525],[-70.114,41.484],[-70.04,41.466],[-69.947,41.512],[-69.859,41.707],[-69.867,41.817],[-69.929,41.978],[-70.012,42.073],[-70.151,42.131],[-70.277,42.114],[-70.624,42.157],[-70.624,42.125],[-70.666,42.125],[-70.751,42.293],[-70.676,42.375],[-70.729,42.374],[-70.845,42.26],[-70.827,42.201],[-70.941,42.151],[-70.902,42.086],[-70.899,41.996],[-71.07,41.988],[-71.085,41.942],[-70.916,41.877],[-70.896,41.794],[-70.922,41.791],[-70.907,41.764],[-71.067,41.686],[-71.114,41.693],[-71.138,41.604]]]},"properties":{"STATE":"25","GEOID":"2509","NAME":"Congressional District 9"}},{"type":"Feature","geometry":{"type":"Polygon","coordinates":[[[-73.508,42.086],[-73.497,42.05],[-72.814,42.037],[-72.817,41.998],[-72.767,42.003],[-72.756,42.036],[-71.846,42.024],[-71.882,42.076],[-71.797,42.099],[-71.826,42.166],[-71.939,42.189],[-71.967,42.311],[-72.041,42.309],[-72.124,42.364],[-72.214,42.294],[-72.275,42.302],[-72.284,42.352],[-72.356,42.303],[-72.354,42.34],[-72.409,42.359],[-72.472,42.351],[-72.464,42.308],[-72.814,42.257],[-72.821,42.339],[-72.886,42.34],[-72.905,42.43],[-72.848,42.436],[-72.877,42.555],[-72.848,42.559],[-72.832,42.617],[-72.735,42.633],[-72.766,42.629],[-72.773,42.658],[-72.843,42.638],[-72.864,42.738],[-73.265,42.746],[-73.508,42.086]]]},"properties":{"STATE":"25","GEOID":"2501","NAME":"Congressional District 1"}},{"type":"Feature","geometry":{"type":"Polygon","coordinates":[[[-71.304,42.149],[-71.28,42.088],[-71.181,42.166],[-71.149,42.139],[-71.156,42.001],[-70.899,41.996],[-70.902,42.086],[-70.941,42.151],[-70.827,42.201],[-70.845,42.26],[-70.729,42.374],[-70.676,42.375],[-70.751,42.293],[-70.675,42.136],[-70.624,42.125],[-70.64,42.228],[-70.69,42.279],[-70.648,42.406],[-70.918,42.386],[-70.975,42.343],[-71.069,42.369],[-71.088,42.356],[-71.05,42.354],[-71.055,42.288],[-71.093,42.214],[-71.019,42.187],[-71.035,42.136],[-71.16,42.267],[-71.122,42.324],[-71.229,42.264],[-71.275,42.149],[-71.304,42.149]]]},"properties":{"STATE":"25","GEOID":"2508","NAME":"Congressional District 8"}},{"type":"Feature","geometry":{"type":"Polygon","coordinates":[[[-71.497,42.29],[-71.303,42.248],[-71.309,42.276],[-71.247,42.316],[-71.26,42.354],[-71.103,42.366],[-71.156,42.396],[-71.13,42.417],[-71.076,42.396],[-71.028,42.424],[-70.987,42.392],[-71.01,42.365],[-70.973,42.354],[-70.918,42.386],[-70.959,42.407],[-70.951,42.444],[-71.011,42.435],[-71.135,42.53],[-71.204,42.466],[-71.257,42.493],[-71.366,42.413],[-71.464,42.45],[-71.497,42.29]]]},"properties":{"STATE":"25","GEOID":"2505","NAME":"Congressional District 5"}},{"type":"Feature","geometry":{"type":"Polygon","coordinates":[[[-71.321,42.481],[-71.273,42.46],[-71.253,42.493],[-71.204,42.466],[-71.135,42.53],[-71.011,42.435],[-70.951,42.444],[-70.962,42.412],[-70.925,42.387],[-70.648,42.406],[-70.606,42.531],[-70.502,42.635],[-70.549,42.724],[-70.714,42.732],[-70.735,42.875],[-70.93,42.885],[-71.045,42.849],[-70.999,42.806],[-71.059,42.732],[-71.116,42.741],[-71.134,42.677],[-71.216,42.701],[-71.275,42.656],[-71.296,42.613],[-71.226,42.58],[-71.321,42.481]]]},"properties":{"STATE":"25","GEOID":"2506","NAME":"Congressional District 6"}},{"type":"Feature","geometry":{"type":"Polygon","coordinates":[[[-71.593,42.122],[-71.591,42.014],[-71.381,42.019],[-71.381,41.894],[-71.339,41.899],[-71.34,41.797],[-71.195,41.675],[-71.133,41.66],[-71.138,41.604],[-71.114,41.693],[-71.067,41.686],[-70.907,41.764],[-70.916,41.877],[-71.085,41.942],[-71.07,41.988],[-71.156,42.001],[-71.169,42.061],[-71.132,42.106],[-71.178,42.166],[-71.28,42.088],[-71.3,42.126],[-71.229,42.264],[-71.147,42.297],[-71.107,42.35],[-71.157,42.33],[-71.168,42.36],[-71.235,42.361],[-71.303,42.248],[-71.419,42.257],[-71.38,42.202],[-71.404,42.188],[-71.38,42.133],[-71.479,42.131],[-71.503,42.191],[-71.539,42.19],[-71.593,42.122]]]},"properties":{"STATE":"25","GEOID":"2504","NAME":"Congressional District 4"}},{"type":"Feature","geometry":{"type":"Polygon","coordinates":[[[-72.904,42.43],[-72.886,42.34],[-72.821,42.339],[-72.814,42.257],[-72.464,42.308],[-72.472,42.351],[-72.409,42.359],[-72.354,42.34],[-72.356,42.303],[-72.284,42.352],[-72.275,42.302],[-72.214,42.294],[-72.124,42.364],[-72.041,42.309],[-71.967,42.311],[-71.939,42.189],[-71.826,42.166],[-71.797,42.099],[-71.882,42.059],[-71.799,42.008],[-71.591,42.014],[-71.593,42.122],[-71.539,42.19],[-71.503,42.191],[-71.479,42.131],[-71.376,42.135],[-71.419,42.257],[-71.497,42.29],[-71.487,42.33],[-71.585,42.311],[-71.678,42.365],[-71.671,42.387],[-71.726,42.39],[-71.702,42.534],[-71.745,42.574],[-71.75,42.545],[-71.837,42.549],[-71.842,42.515],[-71.902,42.536],[-71.95,42.512],[-72.076,42.625],[-72.117,42.627],[-72.111,42.717],[-72.864,42.738],[-72.843,42.638],[-72.773,42.658],[-72.766,42.629],[-72.735,42.633],[-72.832,42.617],[-72.848,42.559],[-72.877,42.555],[-72.848,42.436],[-72.904,42.43]]]},"properties":{"STATE":"25","GEOID":"2502","NAME":"Congressional District 2"}},{"type":"Feature","geometry":{"type":"Polygon","coordinates":[[[-71.175,42.35],[-71.107,42.35],[-71.118,42.293],[-71.16,42.267],[-71.035,42.136],[-71.019,42.187],[-71.093,42.214],[-71.05,42.354],[-71.088,42.356],[-70.975,42.343],[-71.01,42.365],[-70.987,42.393],[-71.028,42.424],[-71.076,42.396],[-71.128,42.418],[-71.156,42.396],[-71.102,42.367],[-71.175,42.35]]]},"properties":{"STATE":"25","GEOID":"2507","NAME":"Congressional District 7"}},{"type":"Feature","geometry":{"type":"Polygon","coordinates":[[[-85.476,34.986],[-84.322,34.988],[-84.29,35.225],[-84.224,35.269],[-84.127,35.241],[-84.047,35.274],[-84.021,35.301],[-84.038,35.351],[-84.007,35.372],[-84.023,35.412],[-83.939,35.488],[-84.009,35.51],[-83.996,35.553],[-84.086,35.541],[-84.112,35.587],[-84.253,35.618],[-84.318,35.672],[-84.385,35.64],[-84.424,35.672],[-84.504,35.666],[-84.505,35.62],[-84.584,35.652],[-84.449,35.759],[-84.389,35.768],[-84.33,35.893],[-84.264,35.895],[-84.272,35.942],[-84.238,35.93],[-84.193,35.995],[-84.147,35.987],[-84.059,36.036],[-84.093,36.074],[-83.942,36.186],[-84.029,36.3],[-84.065,36.247],[-84.118,36.293],[-84.127,36.396],[-84.22,36.359],[-84.3,36.414],[-84.322,36.393],[-84.346,36.43],[-84.423,36.437],[-84.451,36.374],[-84.495,36.405],[-84.529,36.384],[-84.607,36.406],[-84.689,36.359],[-84.725,36.376],[-84.796,36.297],[-84.876,36.285],[-84.908,36.156],[-84.832,36.084],[-84.805,36.091],[-84.681,35.908],[-84.79,35.815],[-84.699,35.718],[-84.619,35.708],[-84.62,35.645],[-84.927,35.289],[-84.978,35.362],[-85.03,35.379],[-85.017,35.409],[-85.168,35.456],[-85.388,35.146],[-85.396,35.106],[-85.362,35.088],[-85.382,35.045],[-85.476,34.986]],[[-84.355,35.641],[-84.343,35.637],[-84.35,35.633],[-84.355,35.641]],[[-84.54,35.619],[-84.522,35.619],[-84.523,35.608],[-84.54,35.619]]]},"properties":{"STATE":"47","GEOID":"4703","NAME":"Congressional District 3"}},{"type":"Feature","geometry":{"type":"Polygon","coordinates":[[[-90.31,35.005],[-89.707,34.995],[-89.707,35.029],[-89.934,35.132],[-89.879,35.15],[-89.776,35.105],[-89.68,35.115],[-89.681,35.211],[-89.881,35.205],[-89.761,35.281],[-89.854,35.276],[-89.831,35.3],[-89.872,35.32],[-89.823,35.368],[-89.865,35.383],[-89.661,35.546],[-89.613,35.643],[-89.793,35.64],[-89.885,35.584],[-89.915,35.512],[-89.99,35.56],[-90.038,35.55],[-90.048,35.504],[-90.003,35.43],[-90.054,35.389],[-90.068,35.467],[-90.108,35.477],[-90.179,35.385],[-90.136,35.377],[-90.129,35.414],[-90.08,35.384],[-90.11,35.305],[-90.169,35.28],[-90.091,35.245],[-90.076,35.213],[-90.117,35.188],[-90.067,35.138],[-90.163,35.125],[-90.207,35.026],[-90.292,35.041],[-90.31,35.005]]]},"properties":{"STATE":"47","GEOID":"4709","NAME":"Congressional District 9"}},{"type":"Feature","geometry":{"type":"Polygon","coordinates":[[[-83.794,35.887],[-83.705,35.711],[-83.663,35.691],[-83.663,35.569],[-83.498,35.563],[-83.351,35.661],[-83.298,35.657],[-83.252,35.72],[-83.16,35.765],[-82.963,35.79],[-82.896,35.88],[-82.92,35.929],[-82.874,35.953],[-82.805,35.927],[-82.776,36.001],[-82.637,36.066],[-82.591,36.034],[-82.611,35.967],[-82.558,35.954],[-82.353,36.116],[-82.213,36.159],[-82.149,36.15],[-82.129,36.104],[-82.034,36.12],[-81.855,36.337],[-81.793,36.362],[-81.707,36.335],[-81.742,36.412],[-81.695,36.467],[-81.708,36.536],[-81.647,36.612],[-83.472,36.597],[-83.386,36.509],[-83.389,36.408],[-83.28,36.394],[-83.255,36.289],[-83.282,36.262],[-83.327,36.297],[-83.36,36.281],[-83.483,36.167],[-83.566,36.191],[-83.607,36.13],[-83.638,36.144],[-83.632,36.1],[-83.674,36.125],[-83.669,36.067],[-83.628,36.08],[-83.677,36.028],[-83.655,35.972],[-83.794,35.887]]]},"properties":{"STATE":"47","GEOID":"4701","NAME":"Congressional District 1"}},{"type":"Feature","geometry":{"type":"Polygon","coordinates":[[[-89.959,35.724],[-89.925,35.658],[-89.851,35.658],[-89.957,35.591],[-89.913,35.536],[-89.793,35.64],[-89.61,35.637],[-89.661,35.546],[-89.865,35.383],[-89.823,35.368],[-89.872,35.32],[-89.831,35.3],[-89.854,35.276],[-89.761,35.281],[-89.881,35.205],[-89.681,35.211],[-89.68,35.115],[-89.933,35.137],[-89.707,35.029],[-89.707,34.995],[-87.985,35.006],[-87.982,35.296],[-88.018,35.3],[-88.025,35.392],[-88.066,35.418],[-88.196,35.38],[-88.248,35.424],[-88.243,35.529],[-88.189,35.631],[-88.178,35.846],[-88.217,35.847],[-88.214,35.983],[-88.161,36.007],[-88.159,36.046],[-88.078,36.06],[-88.089,36.138],[-88.057,36.144],[-88.089,36.2],[-88.139,36.209],[-88.083,36.257],[-88.096,36.359],[-87.991,36.36],[-88.061,36.444],[-88.053,36.497],[-89.301,36.507],[-89.418,36.499],[-89.472,36.458],[-89.485,36.497],[-89.539,36.498],[-89.513,36.36],[-89.62,36.323],[-89.535,36.253],[-89.706,36.239],[-89.592,36.15],[-89.733,36.001],[-89.644,35.921],[-89.645,35.887],[-89.745,35.911],[-89.773,35.866],[-89.696,35.821],[-89.782,35.805],[-89.825,35.745],[-89.907,35.759],[-89.959,35.724]]]},"properties":{"STATE":"47","GEOID":"4708","NAME":"Congressional District 8"}},{"type":"Feature","geometry":{"type":"Polygon","coordinates":[[[-87.718,35.483],[-87.646,35.473],[-87.646,35.442],[-87.575,35.398],[-87.449,35.421],[-87.448,35.458],[-87.228,35.429],[-87.123,35.456],[-86.954,35.419],[-86.923,35.407],[-86.907,35.314],[-86.859,35.299],[-86.846,35.321],[-86.828,35.264],[-86.747,35.253],[-86.603,35.327],[-86.666,35.456],[-86.639,35.686],[-86.7,35.723],[-86.663,35.791],[-86.613,35.79],[-86.612,36.01],[-86.562,36.035],[-86.547,36.088],[-86.526,36.057],[-86.516,36.101],[-86.326,35.985],[-86.177,35.958],[-86.216,36.007],[-86.161,36.095],[-86.236,36.148],[-86.289,36.249],[-86.417,36.265],[-86.502,36.23],[-86.567,36.271],[-86.634,36.214],[-86.619,36.089],[-86.735,36.091],[-86.839,36.142],[-87.039,36.079],[-87.039,35.989],[-86.992,35.986],[-86.968,35.935],[-86.907,35.93],[-86.882,35.976],[-86.808,35.966],[-86.832,35.859],[-86.913,35.783],[-87.004,35.779],[-87.215,35.851],[-87.259,35.697],[-87.452,35.616],[-87.587,35.653],[-87.658,35.609],[-87.652,35.565],[-87.688,35.552],[-87.718,35.483]]]},"properties":{"STATE":"47","GEOID":"4705","NAME":"Congressional District 5"}},{"type":"Feature","geometry":{"type":"Polygon","coordinates":[[[-86.783,36.192],[-86.769,36.16],[-86.725,36.164],[-86.735,36.091],[-86.672,36.077],[-86.61,36.116],[-86.642,36.173],[-86.623,36.249],[-86.567,36.271],[-86.502,36.23],[-86.417,36.265],[-86.289,36.249],[-86.236,36.148],[-86.161,36.095],[-86.216,36.007],[-86.142,35.914],[-86.207,35.704],[-86.089,35.647],[-85.994,35.654],[-85.988,35.735],[-85.914,35.823],[-85.747,35.849],[-85.62,35.801],[-85.634,35.762],[-85.598,35.736],[-85.558,35.533],[-85.46,35.547],[-85.291,35.693],[-85.257,35.765],[-84.917,35.762],[-84.729,35.859],[-84.681,35.908],[-84.721,35.995],[-84.908,36.156],[-84.876,36.285],[-84.796,36.297],[-84.725,36.376],[-84.689,36.359],[-84.607,36.406],[-84.529,36.384],[-84.495,36.405],[-84.451,36.374],[-84.443,36.434],[-84.346,36.428],[-84.339,36.5],[-84.262,36.512],[-84.249,36.565],[-84.261,36.592],[-86.508,36.652],[-86.564,36.634],[-86.691,36.409],[-86.748,36.419],[-86.772,36.393],[-86.753,36.363],[-86.775,36.333],[-86.73,36.284],[-86.783,36.192]]]},"properties":{"STATE":"47","GEOID":"4706","NAME":"Congressional District 6"}},{"type":"Feature","geometry":{"type":"Polygon","coordinates":[[[-87.612,35.019],[-85.474,34.983],[-85.382,35.045],[-85.362,35.088],[-85.396,35.106],[-85.388,35.146],[-85.168,35.456],[-85.017,35.409],[-85.03,35.379],[-84.978,35.362],[-84.927,35.289],[-84.62,35.645],[-84.619,35.708],[-84.672,35.703],[-84.754,35.754],[-84.74,35.787],[-84.782,35.825],[-85.029,35.746],[-85.041,35.772],[-85.254,35.766],[-85.265,35.721],[-85.424,35.567],[-85.558,35.533],[-85.636,35.813],[-85.75,35.85],[-85.876,35.846],[-85.988,35.735],[-85.985,35.66],[-86.143,35.662],[-86.209,35.712],[-86.153,35.954],[-86.31,35.979],[-86.516,36.101],[-86.526,36.057],[-86.547,36.088],[-86.562,36.035],[-86.612,36.01],[-86.613,35.79],[-86.663,35.791],[-86.698,35.746],[-86.699,35.718],[-86.639,35.686],[-86.666,35.456],[-86.603,35.327],[-86.747,35.253],[-86.828,35.264],[-86.842,35.319],[-86.859,35.299],[-86.911,35.318],[-86.94,35.415],[-87.123,35.456],[-87.228,35.429],[-87.448,35.458],[-87.449,35.421],[-87.575,35.398],[-87.573,35.049],[-87.612,35.019]]]},"properties":{"STATE":"47","GEOID":"4704","NAME":"Congressional District 4"}},{"type":"Feature","geometry":{"type":"MultiPolygon","coordinates":[[[[-84.584,35.644],[-84.505,35.62],[-84.504,35.666],[-84.424,35.672],[-84.385,35.64],[-84.318,35.672],[-84.253,35.618],[-84.112,35.587],[-84.086,35.541],[-83.996,35.553],[-84.011,35.513],[-83.94,35.489],[-83.953,35.461],[-83.772,35.561],[-83.663,35.569],[-83.663,35.691],[-83.705,35.711],[-83.794,35.887],[-83.655,35.972],[-83.677,36.028],[-83.628,36.08],[-83.669,36.067],[-83.674,36.125],[-83.631,36.1],[-83.638,36.144],[-83.607,36.13],[-83.565,36.192],[-83.529,36.162],[-83.472,36.172],[-83.449,36.219],[-83.328,36.297],[-83.28,36.263],[-83.255,36.289],[-83.274,36.386],[-83.389,36.408],[-83.386,36.509],[-83.472,36.597],[-84.261,36.592],[-84.26,36.514],[-84.339,36.5],[-84.345,36.416],[-84.22,36.359],[-84.127,36.396],[-84.116,36.29],[-84.062,36.247],[-84.03,36.301],[-83.942,36.186],[-84.093,36.074],[-84.059,36.036],[-84.077,36.02],[-84.193,35.995],[-84.239,35.929],[-84.272,35.942],[-84.264,35.895],[-84.33,35.893],[-84.389,35.768],[-84.449,35.759],[-84.584,35.644]]],[[[-84.54,35.619],[-84.523,35.608],[-84.522,35.619],[-84.54,35.619]]],[[[-84.355,35.641],[-84.35,35.633],[-84.343,35.637],[-84.355,35.641]]],[[[-84.549,35.673],[-84.54,35.67],[-84.54,35.677],[-84.549,35.673]]]]},"properties":{"STATE":"47","GEOID":"4702","NAME":"Congressional District 2"}},{"type":"Feature","geometry":{"type":"Polygon","coordinates":[[[-88.248,35.426],[-88.196,35.38],[-88.066,35.418],[-88.025,35.392],[-88.018,35.3],[-87.982,35.296],[-87.985,35.006],[-87.606,35.003],[-87.573,35.049],[-87.575,35.406],[-87.646,35.442],[-87.646,35.473],[-87.718,35.483],[-87.688,35.552],[-87.652,35.565],[-87.658,35.609],[-87.587,35.653],[-87.46,35.615],[-87.325,35.658],[-87.234,35.725],[-87.215,35.851],[-87.004,35.779],[-86.913,35.783],[-86.832,35.859],[-86.808,35.966],[-86.9,35.972],[-86.907,35.93],[-86.965,35.934],[-86.992,35.986],[-87.039,35.989],[-87.055,36.05],[-86.879,36.14],[-86.728,36.127],[-86.725,36.164],[-86.782,36.18],[-86.73,36.284],[-86.775,36.333],[-86.753,36.363],[-86.772,36.393],[-86.748,36.419],[-86.691,36.409],[-86.564,36.634],[-87.853,36.633],[-87.85,36.664],[-88.071,36.678],[-88.033,36.541],[-88.062,36.445],[-87.991,36.36],[-88.096,36.359],[-88.083,36.257],[-88.139,36.209],[-88.089,36.2],[-88.057,36.144],[-88.089,36.138],[-88.078,36.06],[-88.159,36.046],[-88.161,36.007],[-88.214,35.983],[-88.217,35.847],[-88.178,35.846],[-88.189,35.631],[-88.243,35.529],[-88.248,35.426]]]},"properties":{"STATE":"47","GEOID":"4707","NAME":"Congressional District 7"}},{"type":"Feature","geometry":{"type":"Polygon","coordinates":[[[-80.389,25.69],[-80.372,25.57],[-80.325,25.535],[-80.112,25.54],[-80.092,25.721],[-80.177,25.787],[-80.353,25.782],[-80.389,25.69]]]},"properties":{"STATE":"12","GEOID":"1227","NAME":"Congressional District 27"}},{"type":"Feature","geometry":{"type":"Polygon","coordinates":[[[-88.415,30.786],[-88.384,30.159],[-88.348,30.19],[-88.162,30.2],[-88.046,30.145],[-87.987,30.178],[-87.807,30.177],[-87.518,30.23],[-87.518,30.284],[-87.45,30.311],[-87.503,30.327],[-87.461,30.335],[-87.43,30.406],[-87.367,30.44],[-87.45,30.514],[-87.395,30.614],[-87.406,30.675],[-87.53,30.741],[-87.635,30.866],[-87.599,30.997],[-85.002,31.001],[-85.036,31.108],[-85.108,31.187],[-85.115,31.277],[-85.041,31.539],[-85.057,31.619],[-85.151,31.774],[-85.216,31.702],[-85.416,31.707],[-85.416,31.619],[-86.146,31.618],[-86.144,31.538],[-86.195,31.53],[-86.194,31.44],[-86.277,31.456],[-86.28,31.529],[-86.396,31.451],[-86.4,31.527],[-86.702,31.524],[-86.701,31.437],[-86.662,31.402],[-86.703,31.345],[-86.721,31.183],[-86.767,31.183],[-86.764,31.261],[-87.489,31.26],[-87.559,31.227],[-87.805,31.319],[-87.785,31.277],[-87.852,31.259],[-87.853,31.203],[-87.947,31.193],[-87.944,31.161],[-88.197,31.144],[-88.133,31.071],[-88.173,31.035],[-88.203,31.049],[-88.157,31.01],[-88.188,30.956],[-88.183,30.924],[-88.143,30.936],[-88.144,30.876],[-88.222,30.833],[-88.128,30.783],[-88.017,30.781],[-88.009,30.684],[-88.039,30.691],[-88.19,30.569],[-88.26,30.739],[-88.415,30.786]]]},"properties":{"STATE":"01","GEOID":"0101","NAME":"Congressional District 1"}},{"type":"Feature","geometry":{"type":"Polygon","coordinates":[[[-88.464,31.698],[-88.415,30.786],[-88.26,30.739],[-88.19,30.569],[-88.001,30.698],[-88.017,30.781],[-88.128,30.783],[-88.222,30.833],[-88.144,30.876],[-88.143,30.936],[-88.183,30.924],[-88.188,30.956],[-88.157,31.01],[-88.203,31.049],[-88.173,31.035],[-88.133,31.071],[-88.197,31.144],[-87.944,31.161],[-87.947,31.193],[-87.853,31.203],[-87.852,31.259],[-87.785,31.277],[-87.804,31.319],[-87.559,31.227],[-87.489,31.26],[-86.764,31.261],[-86.767,31.183],[-86.721,31.183],[-86.703,31.345],[-86.662,31.402],[-86.701,31.437],[-86.702,31.524],[-86.4,31.527],[-86.396,31.451],[-86.28,31.529],[-86.277,31.456],[-86.194,31.44],[-86.195,31.53],[-86.144,31.538],[-86.146,31.618],[-85.416,31.619],[-85.416,31.707],[-85.216,31.702],[-85.205,31.743],[-85.126,31.763],[-85.134,31.892],[-85.049,32.022],[-85.062,32.133],[-84.888,32.26],[-85.006,32.327],[-84.963,32.424],[-85.001,32.51],[-85.061,32.509],[-85.059,32.473],[-85.334,32.469],[-85.33,32.411],[-85.434,32.41],[-85.439,32.497],[-85.713,32.596],[-85.799,32.581],[-85.797,32.494],[-85.886,32.493],[-85.853,32.477],[-85.879,32.45],[-85.992,32.452],[-86.046,32.406],[-86.19,32.432],[-86.262,32.502],[-86.289,32.473],[-86.313,32.489],[-86.312,32.411],[-86.35,32.433],[-86.461,32.405],[-86.499,32.339],[-86.474,32.331],[-86.481,32.271],[-86.409,32.244],[-86.405,31.964],[-86.909,31.962],[-86.907,31.831],[-87.552,31.828],[-87.53,31.749],[-87.567,31.736],[-87.566,31.658],[-87.704,31.646],[-87.721,31.596],[-87.774,31.573],[-87.819,31.593],[-87.833,31.523],[-87.88,31.546],[-87.903,31.503],[-87.903,31.528],[-87.973,31.531],[-88.079,31.601],[-88.088,31.699],[-88.464,31.698]]]},"properties":{"STATE":"01","GEOID":"0102","NAME":"Congressional District 2"}},{"type":"Feature","geometry":{"type":"Polygon","coordinates":[[[-86.578,33.767],[-86.543,33.765],[-86.525,33.721],[-86.552,33.561],[-86.482,33.546],[-86.482,33.503],[-86.378,33.502],[-86.379,33.388],[-86.341,33.355],[-86.368,33.342],[-86.358,33.294],[-86.434,33.283],[-86.43,33.248],[-86.503,33.175],[-86.311,33.159],[-86.333,33.141],[-86.279,33.104],[-86.009,33.105],[-86.007,32.755],[-85.88,32.755],[-85.912,32.684],[-85.887,32.494],[-85.797,32.494],[-85.799,32.581],[-85.713,32.596],[-85.439,32.497],[-85.434,32.41],[-85.33,32.411],[-85.334,32.469],[-85.059,32.473],[-85.061,32.509],[-85.001,32.51],[-85.105,32.641],[-85.113,32.736],[-85.143,32.76],[-85.122,32.774],[-85.184,32.861],[-85.514,34.525],[-85.577,34.484],[-85.629,34.372],[-85.774,34.259],[-85.844,34.245],[-85.844,34.2],[-86.2,34.177],[-86.323,34.072],[-86.334,33.982],[-86.37,33.94],[-86.322,33.933],[-86.346,33.883],[-86.43,33.82],[-86.578,33.802],[-86.578,33.767]]]},"properties":{"STATE":"01","GEOID":"0103","NAME":"Congressional District 3"}},{"type":"Feature","geometry":{"type":"Polygon","coordinates":[[[-88.274,33.534],[-87.841,33.525],[-87.832,33.017],[-87.627,33.013],[-87.63,33.06],[-87.544,33.116],[-87.618,33.193],[-87.461,33.215],[-87.461,33.253],[-87.393,33.288],[-87.416,33.354],[-87.375,33.442],[-87.329,33.493],[-87.264,33.498],[-87.271,33.53],[-87.25,33.514],[-87.187,33.552],[-87.205,33.577],[-87.179,33.614],[-87.058,33.656],[-87.006,33.787],[-86.884,33.843],[-86.759,33.841],[-86.648,33.766],[-86.43,33.82],[-86.322,33.932],[-86.37,33.94],[-86.334,33.982],[-86.323,34.072],[-86.2,34.177],[-85.844,34.2],[-85.844,34.245],[-85.774,34.259],[-85.629,34.372],[-85.577,34.484],[-85.514,34.524],[-85.583,34.86],[-85.785,34.625],[-86.004,34.48],[-86.089,34.468],[-86.095,34.52],[-86.154,34.53],[-86.148,34.599],[-86.327,34.6],[-86.3,34.58],[-86.332,34.573],[-86.307,34.561],[-86.33,34.513],[-86.391,34.52],[-86.425,34.479],[-86.502,34.483],[-86.551,34.546],[-86.582,34.305],[-87.53,34.305],[-87.53,34.567],[-87.483,34.648],[-87.446,34.651],[-87.416,34.764],[-87.427,34.8],[-87.495,34.819],[-87.496,34.872],[-87.43,34.924],[-87.425,35.002],[-88.203,35.008],[-88.152,34.92],[-88.098,34.892],[-88.274,33.534]]]},"properties":{"STATE":"01","GEOID":"0104","NAME":"Congressional District 4"}},{"type":"Feature","geometry":{"type":"Polygon","coordinates":[[[-85.637,38.382],[-85.405,38.264],[-85.43,38.107],[-85.469,38.096],[-85.517,38.011],[-85.489,37.991],[-85.586,37.908],[-85.502,37.847],[-85.512,37.827],[-85.428,37.817],[-85.462,37.765],[-85.432,37.727],[-85.373,37.74],[-85.279,37.853],[-85.243,37.848],[-85.254,37.866],[-85.204,37.847],[-85.199,37.902],[-85.152,37.887],[-85.169,37.998],[-85.13,37.996],[-85.048,38.072],[-85.004,38.16],[-84.999,38.275],[-84.957,38.332],[-84.998,38.336],[-84.906,38.375],[-84.746,38.349],[-84.561,38.492],[-84.462,38.384],[-84.445,38.284],[-84.379,38.278],[-84.28,38.313],[-84.102,38.459],[-83.999,38.422],[-83.93,38.492],[-83.859,38.456],[-83.629,38.522],[-83.585,38.482],[-83.581,38.43],[-83.456,38.381],[-83.412,38.397],[-83.359,38.324],[-83.285,38.306],[-83.127,38.336],[-82.999,38.412],[-82.817,38.374],[-82.665,38.506],[-82.726,38.558],[-82.842,38.589],[-82.89,38.756],[-83.03,38.726],[-83.153,38.619],[-83.246,38.629],[-83.293,38.597],[-83.363,38.657],[-83.521,38.703],[-83.626,38.679],[-83.659,38.627],[-83.764,38.653],[-83.869,38.761],[-84.213,38.806],[-84.306,39.008],[-84.426,39.053],[-84.453,39.119],[-84.618,39.073],[-84.75,39.148],[-84.897,39.057],[-84.83,38.973],[-84.877,38.909],[-84.785,38.88],[-84.83,38.83],[-84.814,38.785],[-84.992,38.778],[-85.173,38.688],[-85.272,38.741],[-85.435,38.729],[-85.457,38.686],[-85.418,38.538],[-85.505,38.465],[-85.604,38.441],[-85.637,38.382]]]},"properties":{"STATE":"21","GEOID":"2104","NAME":"Congressional District 4"}},{"type":"Feature","geometry":{"type":"Polygon","coordinates":[[[-87.5,37.639],[-87.482,37.6],[-87.394,37.588],[-87.36,37.549],[-87.353,37.427],[-87.295,37.387],[-87.339,37.314],[-87.38,37.311],[-87.388,37.257],[-87.308,37.195],[-87.334,37.132],[-87.252,37.076],[-87.25,37.041],[-86.976,37.074],[-86.845,37.057],[-86.674,37],[-86.744,36.923],[-86.714,36.879],[-86.731,36.859],[-86.692,36.84],[-86.612,36.883],[-86.583,36.83],[-86.401,36.807],[-86.406,36.776],[-86.206,36.933],[-86.166,36.934],[-86.159,36.906],[-86.136,36.932],[-86.147,36.897],[-86.106,36.865],[-86.098,36.9],[-86.065,36.899],[-86.071,36.807],[-85.977,36.723],[-85.739,36.841],[-85.777,37.138],[-85.744,37.17],[-85.686,37.182],[-85.632,37.125],[-85.527,37.109],[-85.353,37.192],[-85.411,37.225],[-85.391,37.247],[-85.478,37.364],[-85.587,37.438],[-85.583,37.47],[-85.466,37.466],[-85.521,37.554],[-85.402,37.731],[-85.439,37.727],[-85.462,37.764],[-85.428,37.817],[-85.512,37.827],[-85.502,37.847],[-85.586,37.908],[-85.489,37.991],[-85.517,38.011],[-85.469,38.096],[-85.43,38.107],[-85.405,38.264],[-85.476,38.29],[-85.509,38.18],[-85.58,38.134],[-85.567,38.075],[-85.713,38.087],[-85.882,38.041],[-85.934,37.997],[-86.026,37.994],[-86.041,37.958],[-86.095,38.009],[-86.178,38.011],[-86.268,38.057],[-86.273,38.141],[-86.36,38.199],[-86.377,38.17],[-86.325,38.136],[-86.402,38.104],[-86.461,38.121],[-86.434,38.066],[-86.525,38.029],[-86.507,37.93],[-86.589,37.921],[-86.633,37.844],[-86.662,37.85],[-86.648,37.909],[-86.733,37.895],[-86.819,37.999],[-87.034,37.906],[-87.098,37.785],[-87.303,37.898],[-87.323,37.819],[-87.272,37.78],[-87.5,37.639]]]},"properties":{"STATE":"21","GEOID":"2102","NAME":"Congressional District 2"}},{"type":"Feature","geometry":{"type":"MultiPolygon","coordinates":[[[[-168.232,65.626],[-168.153,65.539],[-167.938,65.5],[-167.606,65.386],[-166.949,65.308],[-167.072,65.2],[-167.073,65.138],[-166.762,64.963],[-166.523,64.871],[-166.582,64.822],[-166.59,64.739],[-166.491,64.619],[-166.281,64.545],[-166.354,64.506],[-166.351,64.478],[-166.272,64.438],[-166.134,64.438],[-166.071,64.49],[-166.078,64.52],[-165.032,64.388],[-164.755,64.408],[-164.355,64.508],[-163.814,64.531],[-163.536,64.504],[-163.364,64.446],[-163.242,64.361],[-162.796,64.276],[-162.558,64.356],[-162.472,64.487],[-162.313,64.543],[-161.591,64.336],[-161.414,64.359],[-161.075,64.207],[-161.046,64.022],[-160.945,63.922],[-160.877,63.797],[-161.008,63.678],[-161.098,63.656],[-161.285,63.523],[-161.84,63.493],[-161.957,63.557],[-162.223,63.597],[-162.304,63.672],[-162.584,63.691],[-162.731,63.651],[-162.826,63.576],[-162.68,63.492],[-162.438,63.492],[-162.7,63.291],[-162.871,63.254],[-163.119,63.102],[-163.252,63.092],[-163.658,63.25],[-164.051,63.317],[-164.496,63.251],[-164.744,63.093],[-164.88,63.065],[-164.907,63.045],[-164.916,62.903],[-165.034,62.837],[-164.987,62.761],[-165.247,62.71],[-165.248,62.648],[-165.213,62.614],[-165.339,62.576],[-165.449,62.391],[-165.902,62.119],[-166.006,62.123],[-166.096,62.073],[-166.13,62.025],[-166.076,61.983],[-166.113,61.873],[-166.23,61.798],[-166.281,61.563],[-166.194,61.46],[-166.031,61.395],[-165.99,61.316],[-165.787,61.198],[-165.664,61.058],[-165.417,61.012],[-165.237,61.05],[-165.302,60.966],[-165.171,60.877],[-165.176,60.796],[-165.123,60.737],[-165.464,60.614],[-165.518,60.566],[-165.501,60.526],[-165.388,60.46],[-165.24,60.443],[-165.141,60.358],[-164.972,60.277],[-164.749,60.24],[-164.597,60.158],[-164.488,60.055],[-164.343,60.003],[-164.45,59.953],[-164.416,59.885],[-164.013,59.638],[-163.812,59.621],[-163.74,59.669],[-163.788,59.709],[-163.897,59.715],[-163.994,59.764],[-163.708,59.741],[-163.146,59.796],[-162.947,59.768],[-162.826,59.801],[-162.818,59.84],[-162.698,59.892],[-162.45,59.885],[-162.442,59.844],[-162.364,59.811],[-162.178,59.815],[-161.871,59.525],[-161.914,59.469],[-162.054,59.409],[-162.171,59.248],[-162.102,59.129],[-161.902,58.978],[-161.851,58.808],[-161.949,58.724],[-162.169,58.71],[-162.26,58.673],[-162.278,58.633],[-162.23,58.599],[-162.082,58.565],[-161.871,58.57],[-161.818,58.506],[-161.704,58.497],[-161.234,58.643],[-161.177,58.607],[-161.177,58.543],[-161.141,58.503],[-160.933,58.496],[-160.793,58.56],[-160.602,58.793],[-160.609,58.844],[-160.343,58.881],[-160.273,58.789],[-160.172,58.769],[-160.089,58.806],[-159.939,58.718],[-159.812,58.735],[-159.702,58.796],[-159.545,58.778],[-159.151,58.416],[-159.148,58.37],[-159.079,58.339],[-158.773,58.355],[-158.605,58.456],[-158.213,58.543],[-158.148,58.544],[-158.07,58.49],[-158.893,57],[-158.894,56.945],[-159.174,56.814],[-159.87,56.591],[-160.069,56.48],[-160.225,56.434],[-160.439,56.299],[-160.546,56.115],[-160.616,56.067],[-161.211,56.067],[-161.826,55.943],[-162.29,55.725],[-162.571,55.516],[-162.935,55.382],[-163.141,55.232],[-163.568,55.1],[-163.913,55.091],[-164.047,55.021],[-164.158,55.016],[-164.298,54.953],[-164.521,54.969],[-164.628,54.912],[-164.783,54.692],[-164.999,54.626],[-165.036,54.577],[-164.996,54.457],[-164.901,54.375],[-164.805,54.346],[-164.415,54.369],[-164.277,54.437],[-164.228,54.524],[-164.123,54.556],[-163.758,54.572],[-163.564,54.54],[-163.436,54.603],[-163.026,54.611],[-162.955,54.66],[-162.969,54.709],[-163.137,54.83],[-163.063,54.88],[-162.847,54.848],[-162.643,54.933],[-162.579,54.909],[-162.615,54.878],[-162.6,54.827],[-162.483,54.793],[-162.555,54.749],[-162.526,54.695],[-162.46,54.667],[-162.49,54.622],[-162.464,54.588],[-162.48,54.541],[-162.365,54.508],[-162.24,54.641],[-162.048,54.632],[-162.029,54.659],[-162.057,54.705],[-161.965,54.717],[-161.841,54.685],[-161.698,54.747],[-161.59,54.75],[-161.577,54.814],[-161.717,54.896],[-161.667,54.928],[-161.672,54.959],[-161.385,54.974],[-161.353,55.02],[-161.418,55.067],[-161.272,55.1],[-161.249,55.193],[-161.059,55.22],[-161.013,55.263],[-161.09,55.317],[-161.24,55.298],[-160.908,55.42],[-160.859,55.42],[-160.953,55.325],[-160.9,55.095],[-160.837,55.068],[-160.71,55.112],[-160.608,55.098],[-160.573,55.037],[-160.519,55.025],[-160.431,55.065],[-160.447,55.108],[-160.367,55.196],[-160.278,55.205],[-160.216,55.308],[-160.239,55.34],[-160.204,55.336],[-160.13,55.239],[-160.15,55.196],[-160.285,55.125],[-160.244,55.023],[-160.343,54.931],[-160.316,54.843],[-160.258,54.807],[-160.155,54.829],[-160.094,54.89],[-159.987,54.891],[-159.953,54.929],[-159.816,54.91],[-159.725,55.018],[-159.677,54.987],[-159.565,54.991],[-159.541,54.924],[-159.432,54.894],[-159.362,54.828],[-159.227,54.821],[-159.113,54.93],[-159.25,54.998],[-159.203,55.043],[-159.233,55.099],[-159.411,55.123],[-159.415,55.315],[-159.544,55.328],[-159.609,55.268],[-159.738,55.222],[-159.804,55.324],[-159.933,55.337],[-160.051,55.396],[-160.041,55.449],[-159.951,55.508],[-159.538,55.532],[-159.505,55.558],[-159.522,55.601],[-159.447,55.639],[-158,55.639],[-157.099,56.238],[-157.13,56.269],[-156.331,56.749],[-156.316,57.106],[-156.228,57.162],[-156.215,57.195],[-156.247,57.244],[-156.167,57.346],[-155.94,57.413],[-155.844,57.498],[-155.668,57.508],[-155.639,57.602],[-155.3,57.643],[-155.15,57.75],[-155.161,57.791],[-155.044,57.812],[-154.941,57.975],[-154.801,57.959],[-154.391,57.999],[-154.134,58.1],[-153.97,58.313],[-153.859,58.374],[-153.882,58.456],[-153.811,58.515],[-153.628,58.508],[-153.461,58.573],[-153.447,58.598],[-153.479,58.642],[-153.318,58.713],[-153.187,58.729],[-153.166,58.765],[-153.203,58.801],[-153.152,58.858],[-153.184,58.906],[-153.021,59.002],[-151.444,59.1],[-150.992,59.181],[-149.621,59.528],[-149.468,59.734],[-149.27,59.845],[-148.98,59.894],[-148.219,59.876],[-147.956,59.744],[-147.687,59.742],[-147.335,59.834],[-147.281,59.879],[-147.242,59.998],[-147.102,60.081],[-145.977,60.315],[-145.824,60.315],[-145.318,60.18],[-144.776,60.13],[-144.607,60.078],[-144.54,60.01],[-144.778,59.83],[-144.778,59.779],[-144.677,59.727],[-144.411,59.746],[-144.144,59.919],[-143.643,59.989],[-142.826,60.051],[-142.297,60.012],[-141.914,59.958],[-140.913,59.698],[-140.425,59.657],[-139.39,59.317],[-138.967,59.212],[-138.638,59.08],[-138.253,58.989],[-138.021,58.861],[-138.029,58.806],[-137.996,58.75],[-137.776,58.641],[-137.721,58.571],[-137.12,58.33],[-137.015,58.344],[-136.814,58.189],[-136.658,58.146],[-136.515,58.181],[-136.51,58.153],[-136.65,58.103],[-136.679,58.014],[-136.651,57.994],[-136.645,57.884],[-136.454,57.831],[-135.86,56.992],[-134.494,56],[-134.513,55.956],[-134.638,55.889],[-134.602,55.823],[-134.192,55.693],[-134.027,55.892],[-133.996,55.795],[-133.838,55.793],[-133.832,55.742],[-133.888,55.684],[-133.798,55.633],[-133.907,55.434],[-133.874,55.399],[-133.772,55.394],[-133.776,55.282],[-133.691,55.198],[-133.611,55.176],[-133.791,55.001],[-133.649,54.632],[-131.203,54.691],[-130.648,54.649],[-130.626,54.738],[-130.659,54.763],[-130.345,54.919],[-130.188,55.063],[-130.103,55.193],[-129.974,55.282],[-130.128,55.581],[-130.112,55.683],[-130.152,55.766],[-130.004,55.907],[-130.003,56.008],[-130.104,56.123],[-130.246,56.096],[-130.426,56.142],[-130.468,56.243],[-130.623,56.267],[-130.782,56.367],[-131.087,56.406],[-131.581,56.612],[-131.835,56.599],[-131.901,56.754],[-131.873,56.806],[-132.124,56.874],[-132.045,57.045],[-132.369,57.092],[-132.248,57.211],[-132.869,57.84],[-133.07,58],[-133.172,58.154],[-133.462,58.388],[-133.377,58.431],[-133.707,58.612],[-133.841,58.729],[-134.258,58.861],[-134.336,58.923],[-134.313,58.962],[-134.407,58.979],[-134.382,59.039],[-134.483,59.132],[-134.566,59.131],[-134.679,59.192],[-134.701,59.249],[-134.96,59.281],[-135.031,59.346],[-134.99,59.387],[-135.101,59.428],[-135.028,59.475],[-135.029,59.564],[-135.22,59.663],[-135.234,59.696],[-135.479,59.798],[-135.953,59.662],[-136.354,59.6],[-136.24,59.559],[-136.239,59.524],[-136.368,59.449],[-136.477,59.466],[-136.469,59.284],[-136.584,59.166],[-136.829,59.16],[-137.283,59],[-137.452,58.908],[-137.526,58.906],[-137.5,58.985],[-137.607,59.244],[-138.626,59.769],[-138.707,59.906],[-139.054,59.995],[-139.199,60.088],[-139.075,60.353],[-139.693,60.335],[-139.981,60.182],[-140.458,60.308],[-140.52,60.22],[-141.002,60.306],[-141.003,69.704],[-141.378,69.744],[-143.226,70.202],[-143.941,70.17],[-144.529,70.079],[-144.681,70.016],[-144.927,70.04],[-145.065,70.088],[-145.336,70.099],[-145.982,70.242],[-146.709,70.282],[-146.927,70.351],[-147.172,70.35],[-147.373,70.431],[-147.779,70.472],[-147.819,70.52],[-147.9,70.542],[-148.052,70.539],[-148.127,70.501],[-148.421,70.533],[-148.515,70.49],[-148.487,70.453],[-148.787,70.525],[-149.719,70.622],[-150.034,70.588],[-150.243,70.604],[-150.345,70.553],[-150.795,70.548],[-151.315,70.463],[-151.549,70.491],[-151.503,70.536],[-151.517,70.571],[-151.613,70.594],[-152.152,70.875],[-153,70.97],[-153.899,70.936],[-154.438,71.024],[-155.003,71.2],[-155.756,71.283],[-155.926,71.358],[-156.401,71.435],[-156.582,71.428],[-156.941,71.311],[-157.532,71.008],[-157.931,70.902],[-158.334,70.872],[-158.734,70.963],[-159.238,70.92],[-159.755,70.831],[-160.414,70.561],[-160.908,70.416],[-161.315,70.347],[-161.949,70.375],[-162.465,70.217],[-163.134,69.839],[-163.288,69.632],[-163.29,69.43],[-163.381,69.32],[-163.651,69.169],[-164.02,69.033],[-164.279,68.98],[-165.357,68.909],[-166.2,68.934],[-166.347,68.9],[-166.366,68.869],[-166.327,68.782],[-166.333,68.696],[-166.371,68.651],[-166.368,68.575],[-166.435,68.531],[-166.444,68.478],[-166.913,68.385],[-166.972,68.356],[-166.972,68.322],[-166.861,68.287],[-166.365,68.244],[-165.966,68.072],[-165.499,68.019],[-164.655,67.692],[-164.175,67.548],[-164.005,67.398],[-163.883,67.215],[-164.003,67.173],[-163.911,67.105],[-163.049,66.987],[-162.832,66.927],[-163.626,66.624],[-164.464,66.626],[-165.778,66.397],[-166.719,66.148],[-167.521,65.878],[-168.077,65.756],[-168.2,65.699],[-168.232,65.626]]],[[[179.389,51.942],[179.457,51.86],[179.623,51.819],[179.785,51.863],[179.86,51.96],[179.771,52.041],[179.658,52.078],[179.43,52.024],[179.389,51.942]]],[[[178.532,51.65],[178.552,51.6],[178.79,51.492],[178.896,51.493],[179.181,51.305],[179.511,51.308],[179.578,51.354],[179.553,51.4],[179.425,51.463],[179.287,51.47],[179.17,51.523],[179.04,51.64],[178.607,51.717],[178.559,51.702],[178.532,51.65]]],[[[178.124,51.844],[178.141,51.797],[178.25,51.724],[178.4,51.704],[178.496,51.745],[178.431,51.827],[178.332,51.871],[178.198,51.889],[178.124,51.844]]],[[[178.003,52.05],[178.016,51.979],[178.06,51.948],[178.196,51.949],[178.502,51.847],[178.581,51.86],[178.67,51.944],[178.643,51.998],[178.512,52.043],[178.267,52.037],[178.163,52.107],[178.077,52.1],[178.003,52.05]]],[[[177.934,51.872],[177.997,51.822],[178.066,51.827],[178.101,51.863],[178.034,51.923],[177.934,51.872]]],[[[177.28,52.128],[177.345,52.072],[177.447,52.114],[177.38,52.175],[177.28,52.128]]],[[[177.112,51.891],[177.142,51.842],[177.345,51.758],[177.415,51.791],[177.416,51.871],[177.819,51.895],[177.874,51.956],[177.703,52.007],[177.76,52.061],[177.765,52.121],[177.587,52.19],[177.498,52.152],[177.416,52.038],[177.166,51.949],[177.112,51.891]]],[[[175.765,52.387],[175.831,52.306],[175.897,52.281],[176.01,52.3],[176.065,52.363],[176.005,52.41],[175.875,52.44],[175.795,52.425],[175.765,52.387]]],[[[173.774,52.782],[173.838,52.716],[174.018,52.672],[174.163,52.657],[174.238,52.703],[174.221,52.768],[174.129,52.801],[174.05,52.789],[173.871,52.835],[173.774,52.782]]],[[[173.273,52.41],[173.322,52.35],[173.748,52.3],[173.814,52.353],[173.781,52.451],[173.856,52.528],[173.778,52.566],[173.608,52.56],[173.337,52.476],[173.273,52.41]]],[[[172.349,52.922],[172.419,52.86],[172.901,52.682],[173.046,52.749],[173.362,52.696],[173.414,52.728],[173.403,52.778],[173.526,52.774],[173.581,52.815],[173.49,52.9],[173.393,52.907],[173.322,52.992],[173.132,53.044],[172.623,53.053],[172.376,52.96],[172.349,52.922]]],[[[-146.508,59.391],[-146.469,59.35],[-146.362,59.335],[-146.254,59.358],[-146.145,59.435],[-146.185,59.497],[-146.243,59.52],[-146.255,59.567],[-146.358,59.586],[-146.426,59.556],[-146.428,59.467],[-146.508,59.391]]],[[[-152.467,58.915],[-152.401,58.837],[-152.315,58.82],[-152.134,58.858],[-152.017,58.829],[-151.852,58.917],[-151.937,58.988],[-152.145,59.018],[-152.414,58.992],[-152.467,58.915]]],[[[-154.934,57.295],[-154.831,57.231],[-154.686,57.214],[-154.62,57.162],[-154.609,56.97],[-154.388,56.896],[-154.386,56.83],[-154.218,56.72],[-154.237,56.668],[-154.352,56.633],[-154.54,56.656],[-154.758,56.56],[-154.894,56.445],[-154.863,56.384],[-154.726,56.355],[-154.498,56.456],[-153.919,56.457],[-153.807,56.509],[-153.765,56.588],[-153.842,56.621],[-153.982,56.609],[-154,56.635],[-153.784,56.698],[-153.748,56.745],[-153.76,56.776],[-153.489,56.864],[-153.451,56.9],[-153.477,56.941],[-153.449,56.971],[-153.32,56.941],[-153.206,56.953],[-153.098,57.04],[-152.834,57.094],[-152.774,57.161],[-152.836,57.217],[-152.643,57.235],[-152.416,57.384],[-152.338,57.322],[-152.186,57.353],[-152.157,57.406],[-152.216,57.438],[-152.222,57.475],[-152.063,57.571],[-152.035,57.653],[-152.08,57.686],[-152.138,57.83],[-152.255,57.866],[-152.236,57.95],[-152.475,58.045],[-152.312,58.05],[-152.055,58.105],[-151.966,58.154],[-151.884,58.113],[-151.782,58.129],[-151.707,58.188],[-151.697,58.26],[-151.755,58.303],[-151.704,58.357],[-151.75,58.395],[-151.895,58.372],[-152.182,58.452],[-152.08,58.479],[-152.065,58.527],[-152.183,58.574],[-152.248,58.681],[-152.385,58.69],[-152.435,58.751],[-152.546,58.742],[-152.719,58.635],[-152.775,58.549],[-152.847,58.532],[-153.2,58.266],[-153.47,58.109],[-153.507,58.066],[-153.48,58.019],[-153.787,57.918],[-153.917,57.917],[-154.24,57.715],[-154.407,57.691],[-154.481,57.632],[-154.589,57.613],[-154.723,57.528],[-154.815,57.413],[-154.889,57.382],[-154.934,57.295]]],[[[-155.837,55.801],[-155.794,55.73],[-155.528,55.706],[-155.475,55.741],[-155.485,55.819],[-155.453,55.884],[-155.474,55.914],[-155.634,55.925],[-155.837,55.801]]],[[[-156.902,56.165],[-156.884,56.123],[-156.817,56.104],[-156.847,56.03],[-156.793,55.956],[-156.648,55.962],[-156.548,56.039],[-156.556,56.09],[-156.676,56.152],[-156.651,56.201],[-156.707,56.267],[-156.842,56.27],[-156.902,56.165]]],[[[-159.91,54.814],[-159.835,54.745],[-159.689,54.766],[-159.652,54.718],[-159.548,54.699],[-159.469,54.721],[-159.416,54.782],[-159.556,54.88],[-159.729,54.894],[-159.855,54.864],[-159.91,54.814]]],[[[-160.098,58.6],[-160.009,58.535],[-159.921,58.544],[-159.863,58.586],[-159.905,58.647],[-160.005,58.666],[-160.098,58.6]]],[[[-160.544,58.688],[-160.475,58.627],[-160.388,58.628],[-160.414,58.587],[-160.397,58.554],[-160.301,58.536],[-160.226,58.566],[-160.096,58.705],[-160.138,58.749],[-160.416,58.798],[-160.49,58.774],[-160.544,58.688]]],[[[-161.195,55.159],[-161.096,55.103],[-161.02,55.129],[-161.005,55.163],[-161.109,55.208],[-161.195,55.159]]],[[[-161.437,64.134],[-161.414,64.087],[-161.306,64.062],[-161.21,64.082],[-161.177,64.147],[-161.31,64.189],[-161.437,64.134]]],[[[-161.859,63.611],[-161.839,63.57],[-161.752,63.552],[-161.634,63.604],[-161.758,63.655],[-161.859,63.611]]],[[[-162.819,54.811],[-162.74,54.753],[-162.637,54.805],[-162.725,54.857],[-162.819,54.811]]],[[[-163.014,54.385],[-162.983,54.338],[-162.875,54.339],[-162.7,54.238],[-162.547,54.248],[-162.492,54.294],[-162.282,54.331],[-162.238,54.37],[-162.354,54.457],[-162.861,54.554],[-162.939,54.521],[-162.96,54.428],[-163.014,54.385]]],[[[-163.271,55.432],[-163.247,55.374],[-163.154,55.343],[-163.071,55.361],[-163.028,55.421],[-163.076,55.489],[-163.174,55.532],[-163.26,55.506],[-163.271,55.432]]],[[[-167.558,60.224],[-167.436,60.109],[-167.441,60.056],[-167.401,60.026],[-166.941,59.912],[-166.654,59.802],[-166.322,59.773],[-166.177,59.7],[-166.012,59.705],[-165.739,59.841],[-165.495,59.87],[-165.403,59.968],[-165.567,60.059],[-165.588,60.241],[-165.562,60.302],[-165.586,60.33],[-165.738,60.406],[-165.981,60.374],[-166.054,60.469],[-166.152,60.511],[-166.249,60.491],[-166.35,60.418],[-166.506,60.448],[-166.763,60.381],[-166.944,60.278],[-167.31,60.291],[-167.508,60.263],[-167.558,60.224]]],[[[-168.135,53.951],[-168.116,53.906],[-168.055,53.876],[-167.953,53.921],[-167.994,53.99],[-168.083,53.992],[-168.135,53.951]]],[[[-168.214,64.984],[-168.187,64.935],[-168.091,64.911],[-167.976,64.923],[-167.914,64.97],[-167.953,65.023],[-168.076,65.043],[-168.214,64.984]]],[[[-168.869,65.621],[-168.766,65.571],[-168.627,65.612],[-168.666,65.66],[-168.735,65.674],[-168.82,65.665],[-168.869,65.621]]],[[[-168.972,65.714],[-168.972,65.689],[-168.881,65.686],[-168.762,65.751],[-168.836,65.811],[-168.951,65.819],[-168.972,65.714]]],[[[-169.326,52.765],[-169.291,52.723],[-169.228,52.715],[-168.827,52.858],[-168.743,52.855],[-168.557,52.958],[-168.476,52.919],[-168.403,52.929],[-168.315,52.982],[-168.334,53.083],[-168.258,53.142],[-168.17,53.159],[-168.132,53.219],[-168.044,53.244],[-167.593,53.174],[-167.107,53.367],[-166.725,53.394],[-166.379,53.602],[-166.175,53.66],[-165.976,53.771],[-165.923,53.846],[-165.961,53.916],[-165.789,54.016],[-165.657,54.036],[-165.563,53.967],[-165.403,54.017],[-165.27,53.981],[-165.184,54.017],[-164.923,54.028],[-164.822,54.131],[-164.692,54.182],[-164.681,54.232],[-164.805,54.282],[-165.067,54.18],[-165.321,54.145],[-165.243,54.178],[-165.232,54.217],[-165.345,54.251],[-165.431,54.341],[-165.656,54.347],[-165.769,54.239],[-165.937,54.277],[-166.138,54.214],[-166.202,54.12],[-166.141,54.047],[-166.243,54.03],[-166.354,54.061],[-166.756,54.069],[-167.054,54.009],[-167.23,53.888],[-167.234,53.814],[-167.165,53.774],[-167.138,53.709],[-167.244,53.629],[-167.23,53.567],[-167.752,53.422],[-167.696,53.515],[-167.762,53.568],[-168.08,53.62],[-168.284,53.571],[-168.477,53.451],[-168.478,53.379],[-168.667,53.315],[-168.819,53.222],[-168.883,53.15],[-168.873,53.082],[-168.965,53.051],[-169,52.983],[-169.234,52.946],[-169.255,52.884],[-169.188,52.851],[-169.294,52.812],[-169.326,52.765]]],[[[-169.88,56.615],[-169.805,56.547],[-169.581,56.483],[-169.378,56.588],[-169.402,56.637],[-169.509,56.667],[-169.803,56.674],[-169.88,56.615]]],[[[-170.05,57.187],[-169.969,57.128],[-169.848,57.185],[-169.94,57.239],[-170.05,57.187]]],[[[-170.273,52.749],[-170.25,52.681],[-170.174,52.663],[-170.048,52.671],[-169.976,52.738],[-169.849,52.763],[-169.738,52.721],[-169.66,52.726],[-169.589,52.801],[-169.593,52.89],[-169.634,52.929],[-169.58,52.982],[-169.581,53.032],[-169.701,53.116],[-169.814,53.127],[-169.883,53.051],[-169.833,53.01],[-169.818,52.937],[-169.908,52.923],[-169.963,52.963],[-170.117,52.963],[-170.199,52.916],[-170.153,52.836],[-170.207,52.823],[-170.273,52.749]]],[[[-170.523,57.193],[-170.495,57.128],[-170.415,57.105],[-170.492,57.08],[-170.502,57.033],[-170.399,56.996],[-170.112,57.137],[-170.012,57.254],[-170.065,57.298],[-170.159,57.304],[-170.262,57.264],[-170.438,57.255],[-170.523,57.193]]],[[[-170.926,52.559],[-170.888,52.514],[-170.764,52.49],[-170.536,52.574],[-170.475,52.674],[-170.526,52.729],[-170.68,52.75],[-170.865,52.669],[-170.926,52.559]]],[[[-171.393,52.481],[-171.358,52.413],[-171.206,52.399],[-171.136,52.446],[-171.112,52.508],[-171.05,52.531],[-171.02,52.597],[-171.179,52.639],[-171.374,52.537],[-171.393,52.481]]],[[[-171.955,63.521],[-171.965,63.473],[-171.839,63.343],[-171.595,63.27],[-171.399,63.258],[-171.048,63.374],[-170.597,63.312],[-170.439,63.252],[-170.359,63.148],[-170.115,63.127],[-169.901,63.037],[-169.839,62.926],[-169.639,62.885],[-169.436,62.947],[-169.42,62.974],[-169.451,63.039],[-169.264,63.118],[-169.028,63.125],[-168.923,63.1],[-168.949,63.062],[-168.917,63.031],[-168.764,63.028],[-168.701,63.057],[-168.683,63.085],[-168.733,63.132],[-168.609,63.229],[-168.579,63.309],[-168.705,63.355],[-169.456,63.415],[-169.602,63.481],[-169.793,63.491],[-169.927,63.527],[-169.986,63.623],[-170.297,63.756],[-170.657,63.724],[-170.959,63.626],[-171.536,63.722],[-171.549,63.8],[-171.675,63.844],[-171.846,63.8],[-171.86,63.675],[-171.925,63.611],[-171.955,63.521]]],[[[-172.721,52.264],[-172.676,52.211],[-172.511,52.2],[-172.288,52.266],[-172.211,52.327],[-172.275,52.406],[-172.448,52.443],[-172.633,52.388],[-172.721,52.264]]],[[[-172.886,60.209],[-172.881,60.169],[-172.8,60.139],[-172.694,60.155],[-172.634,60.201],[-172.649,60.237],[-172.732,60.262],[-172.886,60.209]]],[[[-173.232,60.654],[-173.14,60.576],[-173.158,60.467],[-172.931,60.39],[-172.878,60.326],[-172.596,60.259],[-172.408,60.279],[-172.296,60.239],[-172.189,60.251],[-172.109,60.303],[-172.348,60.428],[-172.53,60.436],[-172.76,60.514],[-172.815,60.558],[-172.829,60.622],[-172.944,60.651],[-172.962,60.71],[-173.012,60.74],[-173.159,60.729],[-173.232,60.654]]],[[[-175.225,52.233],[-175.153,52.163],[-175.036,52.218],[-175.12,52.281],[-175.225,52.233]]],[[[-175.61,52.183],[-175.599,52.147],[-175.512,52.107],[-175.437,52.133],[-175.404,52.182],[-175.492,52.238],[-175.579,52.22],[-175.61,52.183]]],[[[-177.552,51.916],[-177.469,51.84],[-177.381,51.856],[-177.333,51.901],[-177.365,51.957],[-177.46,51.983],[-177.552,51.916]]],[[[-178.308,51.882],[-178.272,51.823],[-178.132,51.758],[-178.192,51.721],[-178.189,51.634],[-177.899,51.54],[-177.831,51.57],[-177.825,51.631],[-177.783,51.648],[-177.658,51.599],[-177.403,51.67],[-177.281,51.628],[-177.127,51.653],[-177.034,51.733],[-177.04,51.808],[-176.984,51.834],[-177.004,51.788],[-176.97,51.744],[-177.045,51.691],[-177.074,51.621],[-177.043,51.566],[-176.943,51.537],[-176.699,51.578],[-176.457,51.676],[-176.255,51.695],[-176.211,51.733],[-175.965,51.755],[-175.913,51.8],[-175.827,51.805],[-175.806,51.866],[-175.349,51.963],[-175.056,51.948],[-174.869,51.989],[-174.745,51.956],[-174.594,51.978],[-174.481,51.952],[-174.35,51.98],[-174.277,52.045],[-174.05,52.055],[-173.854,51.991],[-173.638,52.004],[-173.519,51.972],[-173.243,52.009],[-173.151,51.947],[-173.085,51.975],[-173.07,52.026],[-172.923,52.024],[-172.82,52.105],[-172.895,52.156],[-173.31,52.155],[-173.441,52.169],[-173.506,52.213],[-173.99,52.183],[-173.905,52.294],[-173.923,52.378],[-174.158,52.473],[-174.313,52.457],[-174.411,52.376],[-174.495,52.367],[-174.538,52.317],[-174.494,52.265],[-174.669,52.225],[-174.795,52.15],[-174.925,52.164],[-175.549,52.01],[-175.739,52.021],[-175.854,52.097],[-175.928,52.091],[-175.992,52.15],[-176.148,52.171],[-176.224,52.153],[-176.285,52.094],[-176.243,51.927],[-176.269,51.919],[-176.453,51.908],[-176.488,52.026],[-176.601,52.057],[-176.827,52.009],[-176.91,51.89],[-176.971,51.861],[-176.97,51.925],[-177.017,51.965],[-177.206,51.993],[-177.267,51.96],[-177.309,51.837],[-177.542,51.788],[-177.564,51.796],[-177.532,51.855],[-177.568,51.897],[-177.812,51.891],[-177.947,51.971],[-178.228,51.957],[-178.308,51.882]]],[[[-178.431,51.489],[-178.387,51.437],[-178.304,51.421],[-178.218,51.431],[-178.188,51.473],[-178.279,51.542],[-178.39,51.529],[-178.431,51.489]]],[[[-178.957,51.781],[-178.796,51.693],[-178.701,51.717],[-178.647,51.799],[-178.719,51.865],[-178.839,51.888],[-178.915,51.858],[-178.957,51.781]]],[[[-179.15,51.577],[-179.103,51.513],[-179.002,51.522],[-178.95,51.565],[-178.8,51.486],[-178.636,51.525],[-178.55,51.508],[-178.441,51.551],[-178.422,51.587],[-178.47,51.629],[-178.634,51.666],[-178.768,51.617],[-178.891,51.629],[-178.949,51.587],[-179.078,51.644],[-179.15,51.577]]],[[[-179.23,51.284],[-179.184,51.184],[-179.074,51.179],[-178.842,51.316],[-178.826,51.368],[-178.873,51.425],[-178.99,51.457],[-179.23,51.284]]]]},"properties":{"STATE":"02","GEOID":"0200","NAME":"Congressional District (at Large)"}},{"type":"Feature","geometry":{"type":"Polygon","coordinates":[[[-73.918,40.918],[-73.851,40.91],[-73.827,40.859],[-73.823,40.891],[-73.748,40.872],[-73.613,40.951],[-73.706,41.074],[-73.753,41.079],[-73.762,41.053],[-73.848,41.087],[-73.853,41.061],[-73.895,41.07],[-73.918,40.918]]]},"properties":{"STATE":"36","GEOID":"3616","NAME":"Congressional District 16"}},{"type":"Feature","geometry":{"type":"Polygon","coordinates":[[[-74.234,41.143],[-73.894,40.997],[-73.895,41.07],[-73.853,41.061],[-73.848,41.087],[-73.744,41.052],[-73.753,41.079],[-73.707,41.073],[-73.728,41.101],[-73.483,41.213],[-73.551,41.295],[-73.521,41.62],[-73.664,41.588],[-73.703,41.613],[-73.728,41.581],[-73.812,41.634],[-73.853,41.592],[-73.861,41.496],[-73.934,41.488],[-73.982,41.439],[-73.947,41.395],[-73.964,41.344],[-74.234,41.143]]]},"properties":{"STATE":"36","GEOID":"3617","NAME":"Congressional District 17"}},{"type":"Feature","geometry":{"type":"Polygon","coordinates":[[[-74.763,41.448],[-74.696,41.358],[-74.234,41.143],[-73.964,41.344],[-73.947,41.395],[-73.982,41.439],[-73.934,41.488],[-73.861,41.496],[-73.853,41.592],[-73.812,41.634],[-73.728,41.581],[-73.703,41.613],[-73.664,41.588],[-73.521,41.62],[-73.487,42.05],[-73.521,42.05],[-73.527,41.978],[-73.711,42.005],[-73.93,42.079],[-73.911,42.127],[-74.002,42.177],[-74.042,42.17],[-74.075,42.097],[-74.272,42.112],[-74.262,42.02],[-74.094,42.016],[-74.035,41.875],[-74.069,41.801],[-74.225,41.729],[-74.192,41.698],[-74.218,41.659],[-74.125,41.633],[-74.126,41.583],[-74.252,41.605],[-74.264,41.633],[-74.418,41.57],[-74.476,41.504],[-74.752,41.494],[-74.763,41.448]]]},"properties":{"STATE":"36","GEOID":"3618","NAME":"Congressional District 18"}},{"type":"Feature","geometry":{"type":"Polygon","coordinates":[[[-76.697,42.547],[-76.691,42.284],[-76.416,42.263],[-76.415,42.318],[-76.25,42.297],[-76.239,42.357],[-76.299,42.382],[-76.293,42.407],[-76.13,42.41],[-76.081,42.258],[-76.087,42.187],[-76.116,42.186],[-76.106,41.999],[-75.345,41.995],[-75.279,41.939],[-75.258,41.862],[-75.172,41.872],[-75.072,41.814],[-75.105,41.774],[-75.053,41.752],[-75.044,41.618],[-75.075,41.607],[-74.983,41.481],[-74.789,41.421],[-74.755,41.425],[-74.761,41.491],[-74.476,41.504],[-74.418,41.57],[-74.264,41.633],[-74.252,41.605],[-74.126,41.583],[-74.125,41.633],[-74.218,41.659],[-74.192,41.698],[-74.225,41.729],[-74.069,41.801],[-74.035,41.875],[-74.094,42.016],[-74.262,42.02],[-74.272,42.112],[-74.075,42.097],[-74.042,42.17],[-74.002,42.177],[-73.911,42.127],[-73.93,42.079],[-73.527,41.978],[-73.265,42.746],[-73.278,42.838],[-73.649,42.793],[-73.628,42.736],[-73.652,42.698],[-73.608,42.703],[-73.629,42.636],[-73.724,42.649],[-73.76,42.614],[-73.784,42.464],[-74.254,42.408],[-74.245,42.377],[-74.313,42.357],[-74.444,42.355],[-74.619,42.424],[-74.712,42.518],[-74.631,42.627],[-74.668,42.751],[-74.648,42.83],[-74.879,42.898],[-74.907,42.825],[-75.101,42.908],[-75.14,42.86],[-75.243,42.878],[-75.251,42.785],[-75.296,42.744],[-75.89,42.724],[-75.884,42.656],[-76.072,42.647],[-76.065,42.543],[-76.261,42.55],[-76.266,42.624],[-76.459,42.627],[-76.667,42.623],[-76.586,42.55],[-76.697,42.547]]]},"properties":{"STATE":"36","GEOID":"3619","NAME":"Congressional District 19"}},{"type":"Feature","geometry":{"type":"Polygon","coordinates":[[[-74.307,42.751],[-74.272,42.714],[-74.165,42.717],[-74.234,42.576],[-74.226,42.499],[-74.263,42.407],[-73.784,42.464],[-73.76,42.614],[-73.724,42.649],[-73.629,42.636],[-73.608,42.703],[-73.652,42.698],[-73.628,42.736],[-73.654,42.791],[-73.278,42.838],[-73.274,42.944],[-73.635,42.941],[-73.594,43.014],[-73.744,43.017],[-73.7,43.102],[-73.668,43.106],[-73.676,43.149],[-73.778,43.14],[-73.771,43.096],[-74.111,43.067],[-74.097,42.983],[-74.289,42.984],[-74.248,42.785],[-74.307,42.751]]]},"properties":{"STATE":"36","GEOID":"3620","NAME":"Congressional District 20"}},{"type":"Feature","geometry":{"type":"Polygon","coordinates":[[[-75.887,43.325],[-75.863,43.319],[-75.868,43.147],[-75.776,43.173],[-75.653,43.108],[-75.514,43.133],[-75.544,43.169],[-75.341,43.179],[-75.255,43.113],[-75.161,43.115],[-75.219,43.052],[-75.211,42.857],[-75.14,42.86],[-75.101,42.908],[-74.907,42.825],[-74.879,42.898],[-74.648,42.83],[-74.668,42.751],[-74.631,42.627],[-74.712,42.518],[-74.619,42.424],[-74.444,42.355],[-74.245,42.377],[-74.265,42.42],[-74.226,42.499],[-74.242,42.551],[-74.17,42.667],[-74.18,42.73],[-74.272,42.714],[-74.307,42.75],[-74.248,42.785],[-74.289,42.984],[-74.097,42.983],[-74.111,43.067],[-73.771,43.096],[-73.778,43.14],[-73.681,43.153],[-73.668,43.106],[-73.7,43.102],[-73.744,43.017],[-73.594,43.014],[-73.635,42.941],[-73.274,42.944],[-73.242,43.535],[-73.297,43.579],[-73.306,43.628],[-73.372,43.624],[-73.396,43.568],[-73.431,43.588],[-73.351,43.771],[-73.393,43.821],[-73.374,43.876],[-73.438,44.045],[-73.391,44.191],[-73.313,44.265],[-73.335,44.364],[-73.294,44.439],[-73.39,44.618],[-73.333,44.789],[-73.382,44.849],[-73.339,44.918],[-73.343,45.011],[-74.731,44.99],[-74.827,45.016],[-74.993,44.977],[-75.414,44.772],[-75.767,44.515],[-75.86,44.403],[-75.625,44.285],[-75.794,44.14],[-75.878,44.175],[-75.858,43.984],[-75.695,44.055],[-75.604,43.971],[-75.759,43.879],[-75.84,43.884],[-75.851,43.792],[-75.787,43.789],[-75.756,43.47],[-75.815,43.484],[-75.887,43.325]]]},"properties":{"STATE":"36","GEOID":"3621","NAME":"Congressional District 21"}},{"type":"Feature","geometry":{"type":"Polygon","coordinates":[[[-93.768,44.891],[-93.521,44.892],[-93.52,44.802],[-93.438,44.813],[-93.379,44.785],[-93.221,44.831],[-93.198,44.862],[-93.319,44.862],[-93.411,44.973],[-93.401,45.066],[-93.281,45.072],[-93.296,45.122],[-93.266,45.125],[-93.266,45.212],[-93.522,45.247],[-93.529,45.222],[-93.64,45.209],[-93.659,45.194],[-93.636,45.145],[-93.683,45.151],[-93.717,45.087],[-93.762,45.081],[-93.768,44.891]]]},"properties":{"STATE":"27","GEOID":"2703","NAME":"Congressional District 3"}},{"type":"Feature","geometry":{"type":"Polygon","coordinates":[[[-95.874,29.23],[-95.845,29.205],[-95.842,29.099],[-95.765,29.061],[-95.768,28.97],[-95.655,28.952],[-95.574,28.833],[-95.504,28.838],[-95.496,28.765],[-95.34,28.823],[-95.107,29.015],[-95.086,29.068],[-94.713,29.283],[-94.65,29.292],[-94.624,29.343],[-94.65,29.383],[-94.625,29.398],[-94.034,29.625],[-93.814,29.597],[-93.837,29.69],[-93.929,29.803],[-93.838,29.883],[-93.789,29.989],[-93.7,30.057],[-93.734,30.086],[-93.688,30.141],[-93.721,30.209],[-93.703,30.24],[-94.118,30.242],[-94.091,30.205],[-94.113,30.148],[-94.074,30.112],[-94.116,30.058],[-94.15,30.093],[-94.212,30.076],[-94.204,29.983],[-94.251,29.926],[-94.358,29.89],[-94.354,29.611],[-94.423,29.566],[-94.522,29.541],[-94.563,29.574],[-94.762,29.524],[-94.793,29.551],[-94.911,29.496],[-95.059,29.559],[-95.162,29.497],[-95.201,29.563],[-95.233,29.466],[-95.192,29.4],[-95.253,29.382],[-95.263,29.408],[-95.423,29.352],[-95.421,29.317],[-95.458,29.341],[-95.605,29.331],[-95.655,29.291],[-95.753,29.325],[-95.874,29.23]]]},"properties":{"STATE":"48","GEOID":"4814","NAME":"Congressional District 14"}},{"type":"Feature","geometry":{"type":"MultiPolygon","coordinates":[[[[-84.82,39.157],[-84.82,39.105],[-84.75,39.148],[-84.608,39.119],[-84.625,39.145],[-84.583,39.165],[-84.58,39.205],[-84.494,39.2],[-84.447,39.22],[-84.451,39.262],[-84.353,39.292],[-84.332,39.549],[-84.364,39.544],[-84.365,39.59],[-84.479,39.591],[-84.486,39.918],[-84.275,39.922],[-84.273,39.995],[-84.184,39.995],[-84.183,40.019],[-84.296,40.023],[-84.298,40.096],[-84.43,40.094],[-84.435,40.354],[-84.804,40.353],[-84.82,39.157]]],[[[-84.256,40.024],[-84.254,40.022],[-84.242,40.023],[-84.256,40.024]]]]},"properties":{"STATE":"39","GEOID":"3908","NAME":"Congressional District 8"}},{"type":"Feature","geometry":{"type":"Polygon","coordinates":[[[-122.218,37.632],[-122.117,37.507],[-122.038,37.564],[-121.979,37.517],[-121.961,37.542],[-121.88,37.521],[-121.87,37.481],[-121.469,37.489],[-121.557,37.543],[-121.557,37.816],[-121.851,37.745],[-121.833,37.701],[-121.96,37.719],[-122.045,37.798],[-122.178,37.816],[-122.116,37.75],[-122.123,37.699],[-122.218,37.632]]]},"properties":{"STATE":"06","GEOID":"0614","NAME":"Congressional District 14"}},{"type":"Feature","geometry":{"type":"Polygon","coordinates":[[[-77.997,43.137],[-77.906,43.134],[-77.951,43.04],[-77.904,43.037],[-77.91,42.988],[-77.731,42.988],[-77.731,42.947],[-77.759,42.94],[-77.479,42.943],[-77.477,42.903],[-77.37,42.913],[-77.388,43.632],[-77.994,43.631],[-77.997,43.137]]]},"properties":{"STATE":"36","GEOID":"3625","NAME":"Congressional District 25"}},{"type":"Feature","geometry":{"type":"Polygon","coordinates":[[[-118.142,33.704],[-117.751,33.419],[-117.768,33.45],[-117.719,33.549],[-117.756,33.61],[-117.678,33.685],[-117.738,33.712],[-117.701,33.74],[-117.759,33.774],[-117.808,33.695],[-117.922,33.714],[-117.98,33.687],[-117.981,33.73],[-118.093,33.786],[-118.142,33.704]]]},"properties":{"STATE":"06","GEOID":"0647","NAME":"Congressional District 47"}},{"type":"Feature","geometry":{"type":"Polygon","coordinates":[[[-104.058,44.998],[-104.053,43.001],[-98.499,42.999],[-98.444,42.929],[-98.147,42.84],[-98.035,42.764],[-97.937,42.776],[-97.842,42.868],[-97.686,42.842],[-97.238,42.853],[-97.13,42.772],[-96.979,42.76],[-96.962,42.72],[-96.907,42.734],[-96.806,42.704],[-96.793,42.666],[-96.691,42.656],[-96.71,42.605],[-96.611,42.506],[-96.549,42.521],[-96.501,42.483],[-96.445,42.491],[-96.494,42.516],[-96.477,42.556],[-96.53,42.61],[-96.516,42.63],[-96.639,42.737],[-96.581,42.838],[-96.55,42.838],[-96.541,42.924],[-96.499,42.958],[-96.521,42.98],[-96.492,43.01],[-96.521,43.04],[-96.461,43.064],[-96.436,43.12],[-96.477,43.222],[-96.569,43.233],[-96.549,43.248],[-96.589,43.295],[-96.53,43.3],[-96.522,43.387],[-96.603,43.451],[-96.599,43.5],[-96.453,43.5],[-96.453,45.301],[-96.522,45.376],[-96.693,45.417],[-96.857,45.605],[-96.839,45.648],[-96.663,45.739],[-96.584,45.819],[-96.564,45.935],[-104.046,45.945],[-104.058,44.998]]]},"properties":{"STATE":"46","GEOID":"4600","NAME":"Congressional District (at Large)"}},{"type":"Feature","geometry":{"type":"Polygon","coordinates":[[[-87.531,40.148],[-87.407,40.128],[-87.424,40.164],[-87.386,40.186],[-87.205,40.186],[-87.205,40.054],[-87.091,40.039],[-87.092,39.867],[-87.009,39.867],[-87.015,39.474],[-86.632,39.47],[-86.631,39.341],[-86.252,39.342],[-86.25,39.634],[-86.326,39.632],[-86.328,39.866],[-86.326,39.924],[-86.241,39.926],[-86.236,40.417],[-86.376,40.432],[-86.374,40.561],[-86.337,40.583],[-86.35,40.634],[-86.279,40.664],[-86.279,40.755],[-86.354,40.761],[-86.365,40.823],[-86.468,40.823],[-86.468,40.91],[-86.931,40.912],[-86.93,41.237],[-86.977,41.222],[-87.131,41.286],[-87.394,41.163],[-87.527,41.166],[-87.531,40.148]]]},"properties":{"STATE":"18","GEOID":"1804","NAME":"Congressional District 4"}},{"type":"Feature","geometry":{"type":"Polygon","coordinates":[[[-81.688,40.991],[-81.648,40.989],[-81.648,40.737],[-81.533,40.723],[-81.528,40.795],[-81.479,40.805],[-81.493,40.821],[-81.425,40.818],[-81.429,40.744],[-81.361,40.751],[-81.38,40.772],[-81.35,40.787],[-81.289,40.766],[-81.344,40.788],[-81.301,40.844],[-81.3,40.989],[-81.374,40.996],[-81.393,41.061],[-81.392,41.348],[-81.598,41.351],[-81.563,41.279],[-81.685,41.277],[-81.688,40.991]]]},"properties":{"STATE":"39","GEOID":"3913","NAME":"Congressional District 13"}},{"type":"Feature","geometry":{"type":"Polygon","coordinates":[[[-97.402,32.814],[-97.367,32.766],[-97.307,32.767],[-97.373,32.682],[-97.321,32.667],[-97.309,32.603],[-97.253,32.63],[-97.219,32.727],[-97.11,32.791],[-97.035,32.78],[-97.002,32.857],[-96.909,32.908],[-96.878,32.858],[-96.904,32.805],[-96.93,32.837],[-96.963,32.815],[-96.919,32.786],[-96.995,32.778],[-96.993,32.732],[-97.063,32.736],[-97.081,32.692],[-97.005,32.724],[-96.978,32.694],[-96.941,32.722],[-96.894,32.695],[-96.811,32.713],[-96.838,32.733],[-96.81,32.759],[-96.864,32.758],[-96.826,32.781],[-96.874,32.779],[-96.842,32.83],[-96.869,32.846],[-96.846,32.88],[-96.856,32.918],[-96.895,32.918],[-96.871,32.95],[-96.89,32.964],[-96.938,32.913],[-96.944,32.947],[-96.992,32.948],[-96.959,32.907],[-97.008,32.908],[-96.974,32.878],[-97.179,32.78],[-97.284,32.765],[-97.291,32.81],[-97.347,32.842],[-97.402,32.814]]]},"properties":{"STATE":"48","GEOID":"4833","NAME":"Congressional District 33"}},{"type":"Feature","geometry":{"type":"Polygon","coordinates":[[[-84.806,41.675],[-84.804,41.253],[-84.457,41.253],[-84.457,41.209],[-84.342,41.209],[-84.342,41.166],[-84.228,41.166],[-84.227,41.252],[-84.228,41.428],[-84.342,41.428],[-84.339,41.486],[-83.883,41.488],[-83.883,41.415],[-83.862,41.414],[-83.696,41.522],[-83.647,41.507],[-83.647,41.478],[-83.415,41.515],[-83.42,41.254],[-82.342,41.284],[-82.348,41.7],[-82.681,41.676],[-83.069,41.864],[-83.112,41.959],[-83.416,41.734],[-84.806,41.696],[-84.806,41.675]]]},"properties":{"STATE":"39","GEOID":"3909","NAME":"Congressional District 9"}},{"type":"Feature","geometry":{"type":"Polygon","coordinates":[[[-84.712,39.131],[-84.618,39.073],[-84.459,39.121],[-84.426,39.053],[-84.32,39.022],[-84.276,39.202],[-84.32,39.223],[-84.294,39.249],[-84.259,39.271],[-84.007,39.255],[-83.977,39.569],[-84.365,39.589],[-84.364,39.544],[-84.332,39.549],[-84.353,39.292],[-84.451,39.262],[-84.447,39.22],[-84.494,39.2],[-84.58,39.205],[-84.583,39.165],[-84.625,39.145],[-84.608,39.119],[-84.712,39.131]]]},"properties":{"STATE":"39","GEOID":"3901","NAME":"Congressional District 1"}},{"type":"Feature","geometry":{"type":"Polygon","coordinates":[[[-81.495,42.096],[-81.488,41.57],[-81.391,41.57],[-81.374,40.996],[-81.002,40.988],[-81.002,41.134],[-80.519,41.133],[-80.52,42.327],[-81.25,42.216],[-81.495,42.096]]]},"properties":{"STATE":"39","GEOID":"3914","NAME":"Congressional District 14"}},{"type":"Feature","geometry":{"type":"Polygon","coordinates":[[[-84.804,40.403],[-84.804,40.353],[-84.432,40.354],[-84.455,40.359],[-84.456,40.685],[-84.397,40.685],[-84.397,40.816],[-84.34,40.816],[-84.341,40.859],[-84.11,40.861],[-84.11,40.905],[-83.88,40.92],[-83.88,40.82],[-83.399,40.818],[-83.42,40.73],[-83.304,40.731],[-83.305,40.702],[-82.727,40.711],[-82.725,40.996],[-82.433,40.993],[-82.437,41.065],[-82.171,41.064],[-82.17,41.137],[-82.074,41.136],[-82.072,41.2],[-81.974,41.2],[-81.972,41.275],[-81.878,41.275],[-81.877,41.351],[-81.971,41.351],[-81.971,41.878],[-82.348,41.7],[-82.342,41.284],[-83.42,41.254],[-83.415,41.515],[-83.647,41.478],[-83.647,41.507],[-83.696,41.522],[-83.854,41.414],[-83.883,41.415],[-83.883,41.488],[-84.342,41.486],[-84.342,41.428],[-84.228,41.428],[-84.228,41.166],[-84.342,41.166],[-84.342,41.209],[-84.457,41.209],[-84.457,41.253],[-84.804,41.253],[-84.804,40.403]]]},"properties":{"STATE":"39","GEOID":"3905","NAME":"Congressional District 5"}},{"type":"Feature","geometry":{"type":"Polygon","coordinates":[[[-82.946,40.148],[-82.762,40.126],[-82.782,39.94],[-82.811,39.941],[-82.843,39.561],[-82.62,39.564],[-82.618,39.609],[-82.496,39.603],[-82.49,39.662],[-82.375,39.655],[-82.38,39.597],[-82.159,39.557],[-82.167,39.466],[-82.28,39.473],[-82.298,39.295],[-82.26,39.293],[-82.269,39.204],[-81.74,39.19],[-81.722,39.27],[-81.818,39.273],[-81.854,39.318],[-81.845,39.45],[-81.823,39.494],[-81.709,39.481],[-81.714,39.585],[-81.588,39.587],[-81.586,39.664],[-81.643,39.666],[-81.64,39.753],[-81.697,39.755],[-81.694,39.843],[-81.58,39.839],[-81.579,39.898],[-81.464,39.895],[-81.463,39.924],[-81.387,39.921],[-81.386,39.951],[-81.234,39.951],[-81.226,40.17],[-81.34,40.172],[-81.335,40.304],[-81.275,40.303],[-81.274,40.333],[-81.566,40.427],[-81.563,40.478],[-81.474,40.488],[-81.51,40.55],[-81.509,40.65],[-81.649,40.635],[-81.649,40.668],[-81.784,40.668],[-81.839,40.646],[-81.849,40.595],[-82.218,40.595],[-82.22,40.568],[-82.375,40.551],[-82.643,40.55],[-82.647,40.345],[-82.93,40.358],[-82.946,40.148]]]},"properties":{"STATE":"39","GEOID":"3912","NAME":"Congressional District 12"}},{"type":"Feature","geometry":{"type":"Polygon","coordinates":[[[-81.854,39.318],[-81.818,39.273],[-81.722,39.27],[-81.726,39.216],[-81.701,39.221],[-81.678,39.274],[-81.57,39.268],[-81.558,39.339],[-81.468,39.404],[-81.421,39.4],[-81.376,39.342],[-81.219,39.387],[-80.973,39.588],[-80.88,39.621],[-80.83,39.712],[-80.869,39.766],[-80.791,39.867],[-80.807,39.916],[-80.756,39.913],[-80.738,40.079],[-80.6,40.318],[-80.633,40.391],[-80.595,40.475],[-80.668,40.584],[-80.519,40.639],[-80.519,41.133],[-81.002,41.134],[-81.002,40.988],[-81.3,40.989],[-81.301,40.844],[-81.344,40.788],[-81.285,40.782],[-81.293,40.762],[-81.35,40.787],[-81.38,40.772],[-81.361,40.751],[-81.429,40.744],[-81.425,40.818],[-81.493,40.821],[-81.479,40.805],[-81.528,40.795],[-81.533,40.723],[-81.648,40.737],[-81.649,40.635],[-81.509,40.65],[-81.51,40.55],[-81.474,40.488],[-81.563,40.478],[-81.566,40.427],[-81.274,40.333],[-81.275,40.303],[-81.335,40.304],[-81.34,40.172],[-81.226,40.17],[-81.234,39.951],[-81.386,39.951],[-81.387,39.921],[-81.463,39.924],[-81.464,39.895],[-81.579,39.898],[-81.58,39.839],[-81.694,39.843],[-81.697,39.755],[-81.64,39.753],[-81.643,39.666],[-81.586,39.664],[-81.588,39.587],[-81.716,39.583],[-81.709,39.481],[-81.823,39.494],[-81.854,39.318]]]},"properties":{"STATE":"39","GEOID":"3906","NAME":"Congressional District 6"}},{"type":"Feature","geometry":{"type":"Polygon","coordinates":[[[-84.436,40.181],[-84.43,40.094],[-84.298,40.096],[-84.296,40.023],[-84.184,40.024],[-84.184,39.995],[-84.273,39.995],[-84.275,39.922],[-84.158,39.923],[-84.157,39.886],[-84.051,39.88],[-84.054,39.851],[-83.931,39.847],[-83.957,39.867],[-83.821,39.983],[-83.701,39.948],[-83.72,39.78],[-83.648,39.775],[-83.67,39.55],[-83.576,39.545],[-83.588,39.415],[-83.447,39.473],[-83.372,39.378],[-83.267,39.516],[-83.244,39.813],[-82.824,39.795],[-82.802,39.823],[-82.811,39.932],[-82.961,39.901],[-83.008,39.954],[-82.99,39.98],[-83.042,39.97],[-83.086,40.008],[-83.105,40.065],[-83.091,40.102],[-83.055,40.104],[-83.064,40.138],[-83.17,40.143],[-83.17,40.107],[-83.504,40.111],[-83.516,40.011],[-84.036,40.04],[-84.01,40.318],[-84.073,40.339],[-84.124,40.307],[-84.208,40.316],[-84.236,40.356],[-84.264,40.301],[-84.284,40.33],[-84.435,40.325],[-84.436,40.181]],[[-84.256,40.024],[-84.242,40.024],[-84.242,40.023],[-84.256,40.024]]]},"properties":{"STATE":"39","GEOID":"3915","NAME":"Congressional District 15"}},{"type":"Feature","geometry":{"type":"Polygon","coordinates":[[[-84.456,40.677],[-84.435,40.325],[-84.284,40.33],[-84.264,40.301],[-84.236,40.356],[-84.208,40.316],[-84.124,40.307],[-84.073,40.339],[-84.01,40.318],[-84.036,40.04],[-83.516,40.011],[-83.504,40.111],[-83.17,40.107],[-83.17,40.143],[-82.884,40.131],[-82.946,40.146],[-82.93,40.358],[-82.647,40.345],[-82.643,40.55],[-82.22,40.568],[-82.221,40.667],[-82.126,40.668],[-82.129,40.992],[-82.173,40.992],[-82.171,41.064],[-82.327,41.066],[-82.437,41.065],[-82.433,40.993],[-82.725,40.996],[-82.727,40.711],[-83.305,40.702],[-83.304,40.731],[-83.42,40.73],[-83.399,40.818],[-83.88,40.82],[-83.88,40.92],[-83.995,40.92],[-84.11,40.905],[-84.11,40.861],[-84.341,40.859],[-84.34,40.816],[-84.397,40.816],[-84.397,40.685],[-84.456,40.677]]]},"properties":{"STATE":"39","GEOID":"3904","NAME":"Congressional District 4"}},{"type":"Feature","geometry":{"type":"Polygon","coordinates":[[[-84.32,39.223],[-84.276,39.202],[-84.32,39.022],[-84.212,38.805],[-83.869,38.761],[-83.769,38.655],[-83.668,38.626],[-83.623,38.68],[-83.513,38.702],[-83.358,38.655],[-83.294,38.597],[-83.246,38.629],[-83.153,38.619],[-83.03,38.726],[-82.89,38.756],[-82.842,38.589],[-82.698,38.544],[-82.571,38.405],[-82.33,38.444],[-82.291,38.579],[-82.177,38.604],[-82.222,38.787],[-82.145,38.84],[-82.143,38.898],[-82.038,39.024],[-81.933,38.988],[-81.898,38.93],[-81.928,38.893],[-81.9,38.875],[-81.827,38.946],[-81.756,38.934],[-81.782,38.962],[-81.764,39.015],[-81.814,39.074],[-81.746,39.097],[-81.756,39.181],[-82.269,39.204],[-82.26,39.293],[-82.298,39.295],[-82.28,39.473],[-82.167,39.466],[-82.159,39.557],[-82.38,39.597],[-82.375,39.655],[-82.49,39.662],[-82.496,39.603],[-82.618,39.609],[-82.62,39.564],[-82.843,39.561],[-82.824,39.795],[-83.244,39.813],[-83.267,39.516],[-83.373,39.377],[-83.447,39.473],[-83.588,39.415],[-83.576,39.545],[-83.977,39.569],[-84.007,39.255],[-84.259,39.271],[-84.32,39.223]]]},"properties":{"STATE":"39","GEOID":"3902","NAME":"Congressional District 2"}},{"type":"Feature","geometry":{"type":"Polygon","coordinates":[[[-84.485,39.918],[-84.479,39.591],[-83.67,39.55],[-83.647,39.773],[-83.72,39.78],[-83.701,39.948],[-83.777,39.952],[-83.76,39.977],[-83.821,39.983],[-83.85,39.942],[-83.893,39.944],[-83.896,39.907],[-83.957,39.867],[-83.94,39.843],[-84.157,39.886],[-84.158,39.923],[-84.485,39.918]]]},"properties":{"STATE":"39","GEOID":"3910","NAME":"Congressional District 10"}},{"type":"Feature","geometry":{"type":"Polygon","coordinates":[[[-82.221,40.667],[-82.22,40.595],[-82.113,40.593],[-81.849,40.595],[-81.839,40.646],[-81.784,40.668],[-81.649,40.668],[-81.648,40.989],[-81.688,40.989],[-81.685,41.277],[-81.563,41.279],[-81.598,41.351],[-81.392,41.348],[-81.392,41.431],[-81.488,41.424],[-81.495,41.373],[-81.537,41.373],[-81.666,41.433],[-81.734,41.419],[-81.739,41.463],[-81.77,41.418],[-81.875,41.391],[-81.822,41.477],[-81.968,41.511],[-81.971,41.351],[-81.877,41.351],[-81.878,41.275],[-81.972,41.275],[-81.974,41.2],[-82.072,41.2],[-82.074,41.136],[-82.17,41.137],[-82.173,40.992],[-82.129,40.992],[-82.126,40.668],[-82.221,40.667]]]},"properties":{"STATE":"39","GEOID":"3907","NAME":"Congressional District 7"}},{"type":"Feature","geometry":{"type":"Polygon","coordinates":[[[-81.971,41.878],[-81.968,41.511],[-81.816,41.466],[-81.875,41.391],[-81.77,41.418],[-81.739,41.463],[-81.734,41.419],[-81.666,41.433],[-81.537,41.373],[-81.495,41.373],[-81.488,41.424],[-81.375,41.424],[-81.391,41.57],[-81.488,41.57],[-81.495,42.096],[-81.971,41.878]]]},"properties":{"STATE":"39","GEOID":"3911","NAME":"Congressional District 11"}},{"type":"Feature","geometry":{"type":"Polygon","coordinates":[[[-116.049,48.001],[-115.919,47.854],[-115.852,47.828],[-115.832,47.756],[-115.723,47.695],[-115.737,47.654],[-115.688,47.595],[-115.756,47.548],[-115.698,47.531],[-115.686,47.485],[-115.629,47.48],[-115.759,47.423],[-115.578,47.367],[-115.482,47.281],[-115.32,47.257],[-115.301,47.188],[-115.144,47.102],[-115.049,46.97],[-114.925,46.919],[-114.948,46.86],[-114.895,46.802],[-114.787,46.783],[-114.767,46.697],[-114.665,46.739],[-114.621,46.707],[-114.643,46.673],[-114.606,46.636],[-114.467,46.632],[-114.358,46.671],[-114.322,46.649],[-114.343,46.518],[-114.403,46.499],[-114.368,46.437],[-114.422,46.387],[-114.425,46.288],[-114.471,46.266],[-114.444,46.169],[-114.527,46.145],[-114.46,46.098],[-114.508,46.031],[-114.48,46.03],[-114.48,45.993],[-114.412,45.978],[-114.431,45.936],[-114.388,45.884],[-114.41,45.852],[-114.51,45.845],[-114.566,45.773],[-114.495,45.704],[-114.508,45.658],[-114.564,45.638],[-114.538,45.607],[-114.565,45.558],[-114.456,45.562],[-114.426,45.511],[-114.33,45.46],[-114.27,45.485],[-114.248,45.546],[-114.194,45.536],[-114.086,45.591],[-114.015,45.653],[-114.015,45.696],[-113.935,45.694],[-113.905,45.622],[-113.806,45.602],[-113.835,45.521],[-113.766,45.521],[-113.776,45.408],[-113.733,45.391],[-113.739,45.329],[-113.692,45.263],[-113.592,45.185],[-113.57,45.124],[-113.511,45.116],[-113.522,45.091],[-113.452,45.059],[-113.444,44.959],[-113.499,44.942],[-113.479,44.895],[-113.341,44.785],[-113.247,44.823],[-113.131,44.773],[-113.051,44.635],[-113.088,44.6],[-113.007,44.526],[-113.027,44.496],[-112.98,44.434],[-112.845,44.358],[-112.81,44.399],[-112.84,44.425],[-112.781,44.485],[-112.718,44.504],[-112.387,44.447],[-112.353,44.538],[-112.257,44.572],[-112.106,44.521],[-111.869,44.567],[-111.822,44.509],[-111.703,44.56],[-111.468,44.539],[-111.524,44.592],[-111.516,44.644],[-111.472,44.666],[-111.489,44.706],[-111.414,44.711],[-111.385,44.755],[-111.219,44.623],[-111.228,44.577],[-111.052,44.478],[-111.038,45.351],[-110.918,45.351],[-110.919,45.525],[-110.858,45.525],[-110.857,45.591],[-110.795,45.591],[-110.784,46.193],[-111.347,46.188],[-111.349,46.123],[-111.424,46.062],[-111.419,45.997],[-111.459,45.998],[-111.471,45.951],[-111.588,45.907],[-111.705,45.796],[-112.038,45.858],[-112.118,45.834],[-112.137,45.771],[-112.185,45.747],[-112.415,45.837],[-112.436,46.014],[-112.52,46.137],[-112.505,46.184],[-112.577,46.178],[-112.598,46.237],[-112.533,46.335],[-112.454,46.329],[-112.403,46.387],[-112.313,46.418],[-112.298,46.626],[-112.321,46.656],[-112.411,46.656],[-112.411,46.7],[-112.536,46.699],[-112.536,46.834],[-112.796,46.832],[-112.796,47.177],[-113.059,47.18],[-113.059,47.489],[-113.118,47.498],[-113.118,47.57],[-113.147,47.602],[-113.128,47.661],[-113.166,47.728],[-113.081,47.75],[-113.061,47.788],[-113.087,47.918],[-112.879,47.976],[-113.015,48.131],[-112.264,48.131],[-112.269,48.199],[-112.135,48.253],[-112.006,48.221],[-112.056,48.25],[-112.048,48.308],[-112.092,48.308],[-112.099,48.337],[-112.343,48.357],[-112.229,48.482],[-112.061,48.443],[-112.185,48.478],[-112.193,48.999],[-116.049,49.001],[-116.049,48.001]]]},"properties":{"STATE":"30","GEOID":"3001","NAME":"Congressional District 1"}},{"type":"Feature","geometry":{"type":"Polygon","coordinates":[[[-113.166,47.721],[-113.128,47.661],[-113.147,47.602],[-113.115,47.491],[-113.059,47.489],[-113.059,47.18],[-112.796,47.177],[-112.796,46.832],[-112.536,46.834],[-112.536,46.699],[-112.411,46.7],[-112.411,46.656],[-112.321,46.656],[-112.298,46.626],[-112.313,46.418],[-112.403,46.387],[-112.454,46.329],[-112.533,46.335],[-112.598,46.237],[-112.577,46.178],[-112.505,46.184],[-112.52,46.136],[-112.466,46.093],[-112.477,46.052],[-112.442,46.029],[-112.404,45.888],[-112.426,45.843],[-112.185,45.747],[-112.137,45.771],[-112.118,45.834],[-112.038,45.858],[-111.705,45.796],[-111.588,45.907],[-111.471,45.951],[-111.459,45.998],[-111.419,45.997],[-111.424,46.062],[-111.349,46.123],[-111.347,46.188],[-110.784,46.193],[-110.795,45.591],[-110.857,45.591],[-110.858,45.525],[-110.919,45.525],[-110.918,45.351],[-111.038,45.351],[-111.045,45.001],[-104.04,44.998],[-104.049,49],[-112.193,48.999],[-112.185,48.478],[-112.061,48.443],[-112.229,48.482],[-112.343,48.357],[-112.099,48.337],[-112.092,48.308],[-112.048,48.308],[-112.056,48.25],[-112.006,48.221],[-112.135,48.253],[-112.269,48.199],[-112.264,48.131],[-113.015,48.131],[-112.879,47.976],[-113.087,47.918],[-113.061,47.788],[-113.081,47.75],[-113.166,47.721]]]},"properties":{"STATE":"30","GEOID":"3002","NAME":"Congressional District 2"}},{"type":"Feature","geometry":{"type":"Polygon","coordinates":[[[-74.303,41.012],[-74.282,40.969],[-74.197,40.955],[-74.206,40.917],[-74.174,40.901],[-74.198,40.857],[-74.13,40.82],[-74.164,40.754],[-74.109,40.778],[-74.079,40.751],[-74.045,40.808],[-74.017,40.824],[-73.985,40.798],[-73.964,40.827],[-73.954,40.848],[-73.977,40.828],[-74.068,40.876],[-74.056,40.907],[-74.14,40.924],[-74.141,40.966],[-74.192,40.979],[-74.182,41.035],[-74.249,41.064],[-74.303,41.012]]]},"properties":{"STATE":"34","GEOID":"3409","NAME":"Congressional District 9"}},{"type":"Feature","geometry":{"type":"Polygon","coordinates":[[[-80.787,35.495],[-80.766,35.401],[-80.72,35.363],[-80.673,35.419],[-80.582,35.382],[-80.598,35.428],[-80.567,35.428],[-80.571,35.503],[-80.067,35.506],[-80.047,35.921],[-79.955,35.92],[-79.918,35.973],[-79.958,35.991],[-79.938,36.027],[-79.903,36.015],[-79.815,36.075],[-79.931,36.081],[-79.975,36.136],[-80.033,36.104],[-80.035,36.257],[-80.145,36.259],[-80.137,36.178],[-80.103,36.191],[-80.193,36.092],[-80.197,36.046],[-80.252,36.017],[-80.26,36.041],[-80.344,36.004],[-80.366,36.047],[-80.465,36.063],[-80.693,36.051],[-80.708,35.853],[-80.772,35.672],[-80.737,35.506],[-80.787,35.495]]]},"properties":{"STATE":"37","GEOID":"3706","NAME":"Congressional District 6"}},{"type":"Feature","geometry":{"type":"Polygon","coordinates":[[[-79.167,34.853],[-79.114,34.805],[-79.154,34.768],[-79.101,34.767],[-79.02,34.653],[-79.023,34.68],[-78.936,34.683],[-78.974,34.583],[-79.008,34.589],[-79.023,34.501],[-79.063,34.502],[-79.108,34.438],[-79.074,34.359],[-79.109,34.331],[-78.499,33.813],[-78.145,33.863],[-78.067,33.848],[-77.984,33.759],[-77.918,33.764],[-77.786,34.125],[-77.691,34.246],[-77.485,34.4],[-77.576,34.476],[-77.68,34.721],[-78.102,34.726],[-78.26,34.556],[-78.391,34.75],[-78.641,34.989],[-78.59,34.981],[-78.574,34.996],[-78.607,35.013],[-78.548,35.017],[-78.531,35.056],[-78.454,35.053],[-78.44,35.091],[-78.432,35.133],[-78.541,35.219],[-78.496,35.208],[-78.449,35.257],[-78.538,35.316],[-78.617,35.246],[-78.794,35.266],[-78.936,35.219],[-78.905,35.191],[-78.924,35.125],[-78.9,35.088],[-78.967,35.059],[-78.93,35.031],[-79.049,35.007],[-79.036,34.955],[-79.167,34.853]]]},"properties":{"STATE":"37","GEOID":"3707","NAME":"Congressional District 7"}},{"type":"Feature","geometry":{"type":"Polygon","coordinates":[[[-80.854,35.09],[-80.791,35.087],[-80.84,35.002],[-80.782,34.936],[-80.797,34.82],[-79.676,34.805],[-79.109,34.331],[-79.074,34.359],[-79.108,34.438],[-79.063,34.502],[-79.023,34.501],[-79.008,34.589],[-78.974,34.583],[-78.943,34.642],[-78.936,34.683],[-79.023,34.68],[-79.02,34.653],[-79.101,34.767],[-79.152,34.765],[-79.114,34.805],[-79.167,34.853],[-79.348,34.839],[-79.353,34.944],[-79.397,34.994],[-79.477,35.057],[-79.576,35.07],[-79.573,35.123],[-79.712,35.276],[-79.768,35.511],[-80.571,35.503],[-80.567,35.428],[-80.598,35.428],[-80.582,35.382],[-80.673,35.419],[-80.72,35.363],[-80.666,35.268],[-80.6,35.234],[-80.705,35.193],[-80.672,35.175],[-80.718,35.162],[-80.71,35.122],[-80.779,35.1],[-80.755,35.128],[-80.808,35.133],[-80.854,35.09]]]},"properties":{"STATE":"37","GEOID":"3708","NAME":"Congressional District 8"}},{"type":"Feature","geometry":{"type":"Polygon","coordinates":[[[-80.067,35.506],[-79.768,35.511],[-79.703,35.256],[-79.573,35.123],[-79.576,35.07],[-79.477,35.057],[-79.361,34.958],[-79.348,34.839],[-79.191,34.834],[-79.036,34.955],[-79.049,35.007],[-78.949,35.018],[-78.933,35.038],[-78.967,35.059],[-78.9,35.088],[-78.927,35.213],[-79.096,35.192],[-79.151,35.214],[-79.223,35.268],[-79.184,35.307],[-79.273,35.352],[-79.36,35.47],[-79.324,35.544],[-79.2,35.559],[-79.14,35.624],[-79.071,35.611],[-78.97,35.522],[-78.916,35.584],[-78.995,35.61],[-78.909,35.848],[-78.923,35.816],[-78.965,35.819],[-78.964,35.79],[-79.022,35.789],[-79.028,35.738],[-79.107,35.731],[-79.078,35.684],[-79.116,35.661],[-79.252,35.654],[-79.252,35.738],[-79.37,35.781],[-79.35,35.844],[-79.237,35.844],[-79.268,35.911],[-79.258,36.243],[-79.867,36.252],[-79.868,36.173],[-79.7,36.177],[-79.731,36.075],[-79.697,36.087],[-79.722,36.06],[-79.691,36.04],[-79.739,35.989],[-79.938,36.027],[-79.958,35.991],[-79.918,35.973],[-79.955,35.92],[-80.047,35.921],[-80.067,35.506]]]},"properties":{"STATE":"37","GEOID":"3709","NAME":"Congressional District 9"}},{"type":"Feature","geometry":{"type":"Polygon","coordinates":[[[-81.537,35.564],[-81.456,35.42],[-80.955,35.4],[-80.947,35.488],[-80.907,35.515],[-80.737,35.506],[-80.772,35.672],[-80.708,35.853],[-80.693,36.051],[-80.465,36.063],[-80.366,36.047],[-80.344,36.004],[-80.26,36.041],[-80.252,36.017],[-80.197,36.046],[-80.193,36.092],[-80.104,36.192],[-80.137,36.178],[-80.145,36.259],[-80.453,36.242],[-80.548,36.285],[-80.629,36.288],[-80.668,36.251],[-80.738,36.28],[-80.869,36.238],[-80.882,36.056],[-81.029,36.046],[-81.006,35.958],[-81.079,35.803],[-81.11,35.777],[-81.15,35.829],[-81.344,35.795],[-81.537,35.564]]]},"properties":{"STATE":"37","GEOID":"3710","NAME":"Congressional District 10"}},{"type":"Feature","geometry":{"type":"Polygon","coordinates":[[[-90.921,30.284],[-90.885,30.15],[-90.642,30.166],[-90.632,30.221],[-90.554,30.196],[-90.486,30.277],[-90.349,30.297],[-90.161,30.234],[-90.156,30.19],[-90.327,30.15],[-90.474,30.031],[-90.47,30],[-90.408,29.99],[-90.355,29.936],[-90.28,29.968],[-90.263,30.022],[-90.249,29.986],[-90.213,29.985],[-90.234,29.962],[-90.215,29.926],[-90.151,29.956],[-90.122,29.91],[-90.077,29.926],[-90.162,29.975],[-90.084,29.975],[-90.073,30.032],[-89.919,30.081],[-89.88,30.052],[-89.94,30.027],[-89.956,29.94],[-89.91,29.926],[-89.906,29.872],[-90.008,29.896],[-90.081,29.768],[-90.123,29.797],[-90.109,29.852],[-90.168,29.841],[-90.228,29.692],[-90.352,29.696],[-90.375,29.763],[-90.468,29.803],[-90.505,29.766],[-90.627,29.75],[-90.582,29.715],[-90.599,29.7],[-90.778,29.72],[-90.384,29.366],[-90.41,28.995],[-90.201,29.036],[-90.032,29.135],[-89.599,29.198],[-89.51,29.165],[-89.469,29.107],[-89.492,28.901],[-89.426,28.855],[-89.28,28.978],[-89.235,28.987],[-89.185,28.93],[-89.115,28.926],[-89.013,29.028],[-88.997,29.085],[-88.922,29.125],[-88.918,29.236],[-89.069,29.294],[-89.142,29.429],[-88.913,29.612],[-88.79,29.777],[-88.764,29.972],[-88.855,30.136],[-89.096,30.166],[-89.184,30.212],[-89.495,30.161],[-89.535,30.195],[-89.572,30.181],[-89.647,30.289],[-89.63,30.339],[-89.684,30.406],[-89.683,30.452],[-89.804,30.549],[-89.787,30.569],[-89.842,30.666],[-90.256,30.712],[-90.244,30.504],[-90.371,30.508],[-90.415,30.564],[-90.453,30.479],[-90.674,30.475],[-90.67,30.416],[-90.791,30.357],[-90.735,30.339],[-90.711,30.285],[-90.81,30.275],[-90.852,30.332],[-90.921,30.284]]]},"properties":{"STATE":"22","GEOID":"2201","NAME":"Congressional District 1"}},{"type":"Feature","geometry":{"type":"Polygon","coordinates":[[[-91.701,30.498],[-91.64,30.443],[-91.625,30.394],[-91.648,30.365],[-91.588,30.257],[-91.475,30.229],[-91.464,30.103],[-91.389,30.102],[-91.367,30.055],[-91.222,30.039],[-91.259,30],[-91.251,29.958],[-91.187,29.849],[-91.096,29.809],[-91.106,29.644],[-91.083,29.627],[-90.925,29.83],[-90.849,29.803],[-90.874,29.763],[-90.81,29.776],[-90.813,29.84],[-90.885,29.871],[-90.886,29.905],[-90.779,29.922],[-90.536,29.891],[-90.468,29.803],[-90.373,29.761],[-90.341,29.693],[-90.228,29.692],[-90.168,29.841],[-90.109,29.852],[-90.123,29.797],[-90.081,29.768],[-90.008,29.896],[-89.903,29.876],[-89.91,29.926],[-89.956,29.94],[-89.94,30.027],[-89.88,30.052],[-89.919,30.081],[-90.073,30.032],[-90.084,29.975],[-90.162,29.975],[-90.077,29.926],[-90.122,29.91],[-90.151,29.956],[-90.215,29.926],[-90.234,29.962],[-90.213,29.985],[-90.249,29.986],[-90.263,30.022],[-90.28,29.968],[-90.335,29.934],[-90.47,30],[-90.474,30.031],[-90.327,30.15],[-90.156,30.19],[-90.161,30.234],[-90.298,30.294],[-90.486,30.277],[-90.551,30.197],[-90.632,30.221],[-90.642,30.166],[-90.885,30.15],[-90.916,30.19],[-90.882,30.212],[-90.922,30.314],[-90.968,30.271],[-91.012,30.336],[-91.311,30.322],[-91.485,30.497],[-91.701,30.498]]]},"properties":{"STATE":"22","GEOID":"2202","NAME":"Congressional District 2"}},{"type":"Feature","geometry":{"type":"Polygon","coordinates":[[[-111.055,45],[-111.047,40.998],[-104.053,41.001],[-104.058,44.998],[-111.055,45]]]},"properties":{"STATE":"56","GEOID":"5600","NAME":"Congressional District (at Large)"}},{"type":"Feature","geometry":{"type":"Polygon","coordinates":[[[-73.438,44.046],[-73.374,43.876],[-73.393,43.821],[-73.351,43.771],[-73.431,43.587],[-73.396,43.568],[-73.372,43.624],[-73.306,43.628],[-73.297,43.579],[-73.242,43.535],[-73.276,42.746],[-72.458,42.727],[-72.515,42.766],[-72.555,42.875],[-72.532,42.955],[-72.443,43.008],[-72.468,43.053],[-72.433,43.119],[-72.457,43.148],[-72.395,43.313],[-72.416,43.377],[-72.38,43.573],[-72.328,43.601],[-72.3,43.706],[-72.205,43.771],[-72.185,43.864],[-72.091,43.966],[-72.117,43.994],[-72.032,44.079],[-72.068,44.271],[-72.033,44.32],[-71.816,44.354],[-71.794,44.399],[-71.703,44.414],[-71.577,44.502],[-71.597,44.559],[-71.535,44.588],[-71.632,44.752],[-71.495,44.904],[-71.537,44.993],[-71.465,45.014],[-73.343,45.011],[-73.339,44.918],[-73.382,44.849],[-73.333,44.789],[-73.39,44.618],[-73.294,44.439],[-73.335,44.364],[-73.313,44.265],[-73.391,44.191],[-73.438,44.046]]]},"properties":{"STATE":"50","GEOID":"5000","NAME":"Congressional District (at Large)"}},{"type":"Feature","geometry":{"type":"Polygon","coordinates":[[[-119.96,36.376],[-119.959,36.255],[-119.727,36.24],[-119.727,36.332],[-119.641,36.343],[-119.637,36.372],[-119.604,36.328],[-119.475,36.328],[-119.475,36.269],[-119.385,36.298],[-119.349,36.208],[-119.233,36.211],[-119.233,36.167],[-119.117,36.167],[-119.119,36.224],[-119.066,36.226],[-119.001,36.167],[-119.009,36.085],[-118.899,36.048],[-118.92,35.618],[-118.879,35.614],[-118.904,35.509],[-118.87,35.464],[-118.95,35.383],[-118.844,35.374],[-118.843,35.338],[-118.753,35.292],[-118.753,35.209],[-118.806,35.209],[-118.823,35.151],[-118.851,35.151],[-118.847,35.045],[-118.918,35.045],[-118.936,35.016],[-119.015,35.238],[-119.092,35.267],[-119.06,35.361],[-119.019,35.368],[-119.029,35.46],[-119.252,35.442],[-119.252,35.35],[-119.283,35.345],[-119.474,35.363],[-119.727,35.317],[-119.809,35.345],[-119.809,35.264],[-119.667,35.263],[-119.667,35.175],[-119.554,35.18],[-119.562,35.088],[-119.473,35.077],[-119.472,34.901],[-119.276,34.872],[-119.243,34.858],[-119.243,34.814],[-118.978,34.812],[-118.978,34.79],[-118.88,34.789],[-118.895,34.818],[-117.632,34.822],[-117.632,34.991],[-118.043,35.015],[-118.063,35.071],[-118.257,35.053],[-118.272,35.104],[-118.161,35.148],[-118.009,35.305],[-117.774,35.416],[-117.634,35.439],[-117.617,35.681],[-117.652,35.681],[-117.634,35.798],[-118.008,35.789],[-117.983,35.927],[-118.067,36.093],[-118.059,36.17],[-118.128,36.28],[-118.1,36.346],[-118.163,36.389],[-118.139,36.419],[-118.21,36.43],[-118.25,36.482],[-118.239,36.524],[-118.292,36.562],[-118.275,36.597],[-118.366,36.69],[-118.335,36.705],[-118.351,36.741],[-118.982,36.742],[-118.985,36.657],[-119.014,36.657],[-119.048,36.689],[-119.011,36.707],[-119.06,36.752],[-119.021,36.745],[-119.02,36.78],[-119.059,36.837],[-119.134,36.871],[-119.138,36.918],[-119.201,36.929],[-119.204,36.971],[-119.268,36.992],[-119.302,36.957],[-119.414,36.993],[-119.466,36.965],[-119.49,37.039],[-119.468,37.055],[-119.498,37.097],[-119.532,37.075],[-119.549,37.094],[-119.74,36.97],[-119.73,36.838],[-119.772,36.836],[-119.748,36.787],[-119.664,36.75],[-119.664,36.678],[-119.592,36.678],[-119.583,36.736],[-119.529,36.736],[-119.512,36.699],[-119.437,36.718],[-119.332,36.661],[-119.175,36.659],[-119.246,36.512],[-119.162,36.493],[-119.14,36.414],[-119.126,36.45],[-119.099,36.428],[-119.06,36.457],[-118.991,36.364],[-118.992,36.317],[-119.063,36.325],[-119.066,36.297],[-119.145,36.268],[-119.233,36.269],[-119.225,36.327],[-119.448,36.328],[-119.475,36.401],[-119.529,36.401],[-119.527,36.489],[-119.573,36.489],[-119.667,36.419],[-119.959,36.401],[-119.96,36.376]]]},"properties":{"STATE":"06","GEOID":"0620","NAME":"Congressional District 20"}},{"type":"Feature","geometry":{"type":"Polygon","coordinates":[[[-84.124,32.853],[-83.873,32.859],[-83.79,32.818],[-83.744,32.861],[-83.705,32.833],[-83.711,32.858],[-83.662,32.854],[-83.659,32.888],[-83.598,32.888],[-83.489,32.824],[-83.602,32.741],[-83.612,32.695],[-83.556,32.653],[-83.537,32.575],[-83.719,32.631],[-83.723,32.521],[-83.787,32.513],[-83.798,32.447],[-83.847,32.469],[-83.848,32.291],[-83.606,32.288],[-83.61,32.028],[-83.961,32.031],[-83.927,31.863],[-84.008,31.802],[-83.986,31.765],[-84.033,31.715],[-83.982,31.563],[-84.004,31.042],[-83.736,31.038],[-83.744,30.658],[-82.419,30.582],[-82.436,30.82],[-82.495,30.82],[-82.491,30.963],[-82.592,31.018],[-82.701,31.223],[-82.699,31.278],[-82.63,31.275],[-82.628,31.469],[-82.598,31.469],[-82.627,31.673],[-82.521,31.673],[-82.521,31.736],[-82.551,31.749],[-82.52,31.749],[-82.52,31.838],[-82.431,31.838],[-82.432,31.966],[-82.563,31.958],[-82.646,31.919],[-82.725,32.004],[-82.94,32.125],[-82.872,32.183],[-82.887,32.198],[-82.994,32.153],[-83.227,32.584],[-82.957,32.708],[-82.947,32.737],[-82.971,32.835],[-83.027,32.856],[-83.071,32.933],[-83.044,33.064],[-83.103,33.051],[-83.098,33.151],[-83.291,33.19],[-83.816,33.132],[-83.843,33.197],[-84.041,33.203],[-84.044,32.948],[-84.123,32.932],[-84.124,32.853]]]},"properties":{"STATE":"13","GEOID":"1308","NAME":"Congressional District 8"}},{"type":"Feature","geometry":{"type":"Polygon","coordinates":[[[-84.657,34.729],[-84.654,34.549],[-84.255,34.568],[-84.255,34.597],[-84.189,34.603],[-84.136,34.661],[-84.037,34.642],[-83.964,34.727],[-83.857,34.723],[-83.877,34.629],[-83.833,34.524],[-83.935,34.449],[-83.874,34.387],[-83.906,34.335],[-83.86,34.274],[-83.919,34.2],[-83.858,34.193],[-83.864,34.156],[-83.902,34.111],[-84.074,34.164],[-84.12,34.029],[-84.089,34.033],[-84.061,33.96],[-84.007,33.973],[-83.917,33.923],[-83.908,33.966],[-83.939,33.979],[-83.911,34.015],[-83.865,34.013],[-83.817,34.127],[-83.764,34.065],[-83.574,34.039],[-83.537,33.966],[-83.359,34.04],[-83.387,34.05],[-83.362,34.158],[-83.402,34.197],[-83.338,34.261],[-83.394,34.325],[-83.398,34.461],[-83.178,34.477],[-83.104,34.537],[-83.16,34.603],[-83.233,34.612],[-83.354,34.699],[-83.306,34.816],[-83.112,34.935],[-83.098,34.991],[-84.621,34.988],[-84.623,34.857],[-84.582,34.825],[-84.657,34.729]]]},"properties":{"STATE":"13","GEOID":"1309","NAME":"Congressional District 9"}},{"type":"Feature","geometry":{"type":"Polygon","coordinates":[[[-73.452,40.82],[-73.439,40.751],[-73.227,40.824],[-73.123,40.833],[-73.12,40.807],[-72.866,40.851],[-72.808,40.77],[-72.808,40.694],[-71.837,41.011],[-71.777,41.067],[-71.791,41.184],[-71.929,41.31],[-73,41.087],[-73.432,40.989],[-73.429,40.92],[-73.388,40.911],[-73.383,40.852],[-73.452,40.82]]]},"properties":{"STATE":"36","GEOID":"3601","NAME":"Congressional District 1"}},{"type":"Feature","geometry":{"type":"Polygon","coordinates":[[[-79.174,43.46],[-79.201,43.45],[-79.056,43.255],[-79.052,43.132],[-78.755,43.133],[-78.746,43.167],[-78.724,43.144],[-78.625,43.152],[-78.616,43.074],[-78.464,43.089],[-78.488,42.78],[-78.463,42.78],[-78.465,42.519],[-77.841,42.518],[-77.84,42.475],[-77.723,42.471],[-77.726,42.404],[-77.565,42.455],[-77.514,42.428],[-77.515,42.398],[-77.471,42.396],[-77.471,42.364],[-77.432,42.363],[-77.302,42.386],[-77.26,42.485],[-77.169,42.459],[-77.115,42.508],[-77.105,42.389],[-76.687,42.39],[-76.697,42.547],[-76.586,42.55],[-76.729,42.713],[-76.733,42.894],[-76.593,42.895],[-76.57,43.012],[-76.493,43.015],[-76.479,43.228],[-76.308,43.231],[-76.281,43.201],[-76.273,43.24],[-76.218,43.205],[-76.194,43.217],[-76.203,43.272],[-76.079,43.199],[-75.884,43.156],[-75.863,43.319],[-75.887,43.325],[-75.815,43.484],[-75.756,43.47],[-75.787,43.789],[-75.851,43.792],[-75.84,43.884],[-75.759,43.879],[-75.604,43.971],[-75.695,44.055],[-75.857,43.983],[-75.878,44.175],[-75.794,44.14],[-75.629,44.299],[-75.86,44.403],[-76.162,44.281],[-76.191,44.221],[-76.313,44.199],[-76.353,44.135],[-76.438,44.094],[-76.776,43.63],[-77.388,43.632],[-77.37,42.913],[-77.432,42.898],[-77.477,42.903],[-77.479,42.943],[-77.759,42.94],[-77.731,42.947],[-77.731,42.988],[-77.91,42.988],[-77.904,43.037],[-77.951,43.04],[-77.906,43.134],[-77.997,43.133],[-77.994,43.631],[-78.688,43.635],[-79.174,43.46]]]},"properties":{"STATE":"36","GEOID":"3624","NAME":"Congressional District 24"}},{"type":"Feature","geometry":{"type":"Polygon","coordinates":[[[-73.487,40.657],[-73.485,40.521],[-73.274,40.551],[-72.808,40.694],[-72.807,40.768],[-72.866,40.851],[-73.12,40.807],[-73.123,40.833],[-73.227,40.824],[-73.439,40.751],[-73.43,40.707],[-73.483,40.717],[-73.487,40.657]]]},"properties":{"STATE":"36","GEOID":"3602","NAME":"Congressional District 2"}},{"type":"Feature","geometry":{"type":"Polygon","coordinates":[[[-73.828,40.804],[-73.803,40.76],[-73.735,40.746],[-73.74,40.717],[-73.553,40.756],[-73.523,40.707],[-73.43,40.707],[-73.452,40.82],[-73.383,40.852],[-73.388,40.911],[-73.429,40.92],[-73.432,40.989],[-73.613,40.951],[-73.748,40.872],[-73.788,40.8],[-73.828,40.804]]]},"properties":{"STATE":"36","GEOID":"3603","NAME":"Congressional District 3"}},{"type":"Feature","geometry":{"type":"Polygon","coordinates":[[[-79.075,43.081],[-79.007,43.066],[-79.02,42.995],[-78.909,42.933],[-78.957,42.833],[-78.697,42.811],[-78.697,43.086],[-78.822,43.052],[-78.825,43.133],[-79.042,43.132],[-79.075,43.081]]]},"properties":{"STATE":"36","GEOID":"3626","NAME":"Congressional District 26"}},{"type":"Feature","geometry":{"type":"Polygon","coordinates":[[[-73.916,40.743],[-73.905,40.713],[-73.812,40.706],[-73.734,40.744],[-73.826,40.78],[-73.916,40.743]]]},"properties":{"STATE":"36","GEOID":"3606","NAME":"Congressional District 6"}},{"type":"Feature","geometry":{"type":"Polygon","coordinates":[[[-73.997,40.625],[-73.945,40.602],[-73.917,40.673],[-73.964,40.679],[-73.997,40.625]]]},"properties":{"STATE":"36","GEOID":"3609","NAME":"Congressional District 9"}},{"type":"Feature","geometry":{"type":"MultiPolygon","coordinates":[[[[-74.053,40.656],[-73.99,40.63],[-73.962,40.655],[-73.99,40.701],[-73.963,40.723],[-74.017,40.744],[-74.053,40.656]]],[[[-74.041,40.7],[-74.04,40.699],[-74.038,40.699],[-74.041,40.7]]],[[[-74.047,40.691],[-74.044,40.689],[-74.044,40.69],[-74.047,40.691]]]]},"properties":{"STATE":"36","GEOID":"3610","NAME":"Congressional District 10"}},{"type":"Feature","geometry":{"type":"Polygon","coordinates":[[[-74.259,40.5],[-74.225,40.477],[-74.042,40.508],[-74.038,40.589],[-73.988,40.58],[-73.978,40.604],[-74.053,40.656],[-74.186,40.646],[-74.259,40.5]]]},"properties":{"STATE":"36","GEOID":"3611","NAME":"Congressional District 11"}},{"type":"Feature","geometry":{"type":"Polygon","coordinates":[[[-73.971,40.816],[-73.917,40.784],[-73.933,40.836],[-73.884,40.879],[-73.934,40.882],[-73.971,40.816]]]},"properties":{"STATE":"36","GEOID":"3613","NAME":"Congressional District 13"}},{"type":"Feature","geometry":{"type":"Polygon","coordinates":[[[-73.934,40.882],[-73.88,40.869],[-73.927,40.847],[-73.932,40.808],[-73.83,40.862],[-73.851,40.91],[-73.918,40.918],[-73.934,40.882]]]},"properties":{"STATE":"36","GEOID":"3615","NAME":"Congressional District 15"}},{"type":"Feature","geometry":{"type":"Polygon","coordinates":[[[-95.585,29.933],[-95.515,29.925],[-95.524,29.859],[-95.575,29.867],[-95.57,29.832],[-95.454,29.781],[-95.455,29.808],[-95.41,29.807],[-95.371,29.749],[-95.379,29.691],[-95.327,29.695],[-95.344,29.737],[-95.312,29.787],[-95.254,29.73],[-95.28,29.802],[-95.23,29.824],[-95.237,29.907],[-95.309,29.909],[-95.367,29.774],[-95.422,29.888],[-95.48,29.911],[-95.465,29.965],[-95.35,29.939],[-95.248,29.962],[-95.187,29.871],[-95.212,29.999],[-95.297,30.005],[-95.318,30.034],[-95.461,30.035],[-95.464,30.007],[-95.58,29.967],[-95.554,29.956],[-95.585,29.933]]]},"properties":{"STATE":"48","GEOID":"4818","NAME":"Congressional District 18"}},{"type":"Feature","geometry":{"type":"Polygon","coordinates":[[[-122.333,47.786],[-122.271,47.777],[-122.272,47.72],[-122.231,47.681],[-122.264,47.613],[-122.097,47.602],[-122.079,47.682],[-122.129,47.738],[-122.113,47.776],[-122,47.775],[-122.038,47.823],[-121.938,47.856],[-121.965,47.861],[-121.932,47.872],[-121.947,47.95],[-122,47.963],[-122.03,48.048],[-122.013,48.083],[-122.059,48.086],[-122.109,48.144],[-122.109,48.208],[-122.174,48.167],[-122.204,48.19],[-122.188,48.168],[-122.216,48.156],[-122.184,48.123],[-122.184,48.049],[-122.145,48.021],[-122.187,47.975],[-122.174,47.922],[-122.205,47.922],[-122.207,47.878],[-122.252,47.896],[-122.262,47.819],[-122.333,47.786]]]},"properties":{"STATE":"53","GEOID":"5301","NAME":"Congressional District 1"}},{"type":"Feature","geometry":{"type":"Polygon","coordinates":[[[-85.773,41.194],[-85.687,41.178],[-85.683,41.002],[-85.644,41.002],[-85.639,40.653],[-85.449,40.654],[-85.444,40.379],[-85.22,40.379],[-85.216,40.179],[-85.007,40.178],[-84.985,40.15],[-84.807,40.18],[-84.806,41.76],[-85.66,41.759],[-85.654,41.437],[-85.769,41.436],[-85.773,41.194]]]},"properties":{"STATE":"18","GEOID":"1803","NAME":"Congressional District 3"}},{"type":"Feature","geometry":{"type":"Polygon","coordinates":[[[-86.686,39.321],[-86.683,38.687],[-86.309,38.688],[-86.309,38.423],[-86.255,38.423],[-86.247,38.35],[-86.282,38.35],[-86.29,38.316],[-86.253,38.292],[-86.281,38.285],[-86.29,38.202],[-86.33,38.182],[-86.272,38.139],[-86.268,38.057],[-86.178,38.011],[-86.095,38.009],[-86.046,37.959],[-86.028,37.993],[-85.926,38.022],[-85.906,38.168],[-85.829,38.277],[-85.743,38.267],[-85.68,38.298],[-85.607,38.439],[-85.506,38.465],[-85.42,38.535],[-85.457,38.686],[-85.436,38.729],[-85.278,38.742],[-85.164,38.69],[-84.992,38.778],[-84.815,38.785],[-84.83,38.831],[-84.785,38.873],[-84.877,38.909],[-84.83,38.973],[-84.897,39.055],[-84.82,39.105],[-84.815,39.522],[-85.299,39.525],[-85.298,39.453],[-85.629,39.453],[-85.631,39.35],[-85.685,39.35],[-85.687,39.131],[-86.08,39.153],[-86.086,39.344],[-86.65,39.356],[-86.686,39.321]]]},"properties":{"STATE":"18","GEOID":"1809","NAME":"Congressional District 9"}},{"type":"Feature","geometry":{"type":"Polygon","coordinates":[[[-87.527,41.308],[-87.527,41.166],[-87.394,41.163],[-87.131,41.286],[-86.938,41.23],[-86.93,41.519],[-86.726,41.517],[-86.701,41.547],[-86.7,41.76],[-87.524,41.76],[-87.527,41.308]]]},"properties":{"STATE":"18","GEOID":"1801","NAME":"Congressional District 1"}},{"type":"Feature","geometry":{"type":"Polygon","coordinates":[[[-86.376,40.439],[-86.236,40.417],[-86.241,39.926],[-85.576,39.946],[-85.576,40.077],[-85.214,40.077],[-85.22,40.379],[-85.444,40.379],[-85.449,40.654],[-85.865,40.652],[-85.864,40.566],[-86.374,40.561],[-86.376,40.439]]]},"properties":{"STATE":"18","GEOID":"1805","NAME":"Congressional District 5"}},{"type":"Feature","geometry":{"type":"Polygon","coordinates":[[[-86.931,40.958],[-86.931,40.912],[-86.468,40.91],[-86.468,40.823],[-86.365,40.823],[-86.354,40.761],[-86.279,40.755],[-86.279,40.664],[-86.35,40.634],[-86.347,40.561],[-85.864,40.566],[-85.865,40.652],[-85.639,40.653],[-85.644,41.002],[-85.683,41.002],[-85.687,41.178],[-85.773,41.192],[-85.769,41.436],[-85.654,41.437],[-85.66,41.759],[-86.7,41.76],[-86.701,41.547],[-86.726,41.517],[-86.93,41.519],[-86.931,40.958]]]},"properties":{"STATE":"18","GEOID":"1802","NAME":"Congressional District 2"}},{"type":"Feature","geometry":{"type":"Polygon","coordinates":[[[-90.264,38.521],[-90.219,38.485],[-90.184,38.529],[-90.1,38.554],[-90.036,38.535],[-90.036,38.484],[-89.935,38.489],[-89.929,38.571],[-89.901,38.584],[-89.992,38.604],[-90.007,38.633],[-89.957,38.745],[-89.929,38.742],[-89.927,38.999],[-89.699,38.999],[-89.702,39.523],[-89.534,39.525],[-89.535,39.641],[-89.478,39.641],[-89.479,39.684],[-89.425,39.684],[-89.425,39.762],[-89.397,39.742],[-89.328,39.764],[-89.247,39.826],[-89.106,39.802],[-88.985,39.908],[-88.955,39.891],[-88.989,39.851],[-88.945,39.824],[-88.851,39.866],[-88.613,39.85],[-88.613,39.879],[-88.406,39.879],[-88.407,39.967],[-88.354,39.967],[-88.35,40.011],[-88.238,40.01],[-88.238,40.054],[-88.124,40.055],[-88.125,40.142],[-88.296,40.171],[-88.315,40.142],[-88.463,40.142],[-88.463,40.055],[-88.745,40.055],[-88.745,39.968],[-89.144,39.961],[-89.143,39.918],[-89.367,39.918],[-89.368,39.874],[-89.483,39.875],[-89.482,39.788],[-89.599,39.787],[-89.593,39.832],[-89.664,39.827],[-89.664,39.874],[-89.709,39.873],[-89.705,39.698],[-89.815,39.698],[-89.813,39.523],[-90.154,39.52],[-90.146,38.999],[-90.118,38.999],[-90.118,38.957],[-90.126,38.93],[-90.192,38.937],[-90.196,38.909],[-90.109,38.837],[-90.21,38.726],[-90.179,38.629],[-90.264,38.521]]]},"properties":{"STATE":"17","GEOID":"1713","NAME":"Congressional District 13"}},{"type":"Feature","geometry":{"type":"Polygon","coordinates":[[[-88.264,42.059],[-88.263,41.816],[-88.114,41.815],[-88.103,41.865],[-87.915,41.948],[-87.687,41.896],[-87.705,41.976],[-87.739,41.972],[-87.725,41.945],[-87.902,41.951],[-87.939,41.994],[-87.89,42.002],[-87.9,42.024],[-87.967,42.038],[-87.969,41.95],[-88.091,41.925],[-88.082,41.889],[-88.112,41.888],[-88.182,41.915],[-88.184,41.988],[-88.145,42.005],[-88.225,42.015],[-88.264,42.059]]]},"properties":{"STATE":"17","GEOID":"1703","NAME":"Congressional District 3"}},{"type":"Feature","geometry":{"type":"Polygon","coordinates":[[[-88.355,42.241],[-88.354,42.154],[-88.2,42.154],[-88.195,42.207],[-88.058,42.219],[-87.99,42.183],[-87.98,42.113],[-87.936,42.081],[-87.84,42.066],[-87.842,42.011],[-87.631,41.963],[-87.679,42.077],[-87.771,42.08],[-87.77,42.123],[-87.937,42.113],[-87.965,42.196],[-88.045,42.241],[-88.034,42.269],[-88.147,42.257],[-88.199,42.285],[-88.198,42.242],[-88.355,42.241]]]},"properties":{"STATE":"17","GEOID":"1709","NAME":"Congressional District 9"}},{"type":"Feature","geometry":{"type":"Polygon","coordinates":[[[-88.252,41.463],[-88.244,41.202],[-87.991,41.205],[-87.937,41.158],[-87.835,41.148],[-87.838,41.207],[-87.78,41.207],[-87.782,41.296],[-87.843,41.295],[-87.824,41.353],[-87.786,41.354],[-87.79,41.528],[-87.743,41.528],[-87.742,41.576],[-87.656,41.626],[-87.68,41.663],[-87.622,41.662],[-87.623,41.716],[-87.565,41.708],[-87.555,41.752],[-87.604,41.81],[-87.583,41.817],[-87.622,41.86],[-87.616,41.78],[-87.722,41.757],[-87.692,41.714],[-87.67,41.732],[-87.671,41.699],[-87.686,41.677],[-87.74,41.691],[-87.719,41.647],[-87.757,41.632],[-87.776,41.559],[-87.856,41.558],[-87.91,41.6],[-87.913,41.666],[-88.06,41.637],[-88.066,41.597],[-88.026,41.583],[-88.019,41.38],[-88.135,41.378],[-88.138,41.465],[-88.178,41.482],[-88.252,41.463]]]},"properties":{"STATE":"17","GEOID":"1701","NAME":"Congressional District 1"}},{"type":"Feature","geometry":{"type":"Polygon","coordinates":[[[-88.472,42.133],[-88.472,42.067],[-88.376,42.067],[-88.376,41.914],[-88.293,41.918],[-88.309,41.862],[-88.263,41.871],[-88.263,42.059],[-88.225,42.015],[-88.145,42.005],[-88.184,41.988],[-88.182,41.915],[-88.112,41.888],[-88.082,41.889],[-88.091,41.925],[-87.969,41.95],[-87.967,42.038],[-87.837,41.97],[-87.89,42.05],[-88.007,42.058],[-88.004,42.154],[-88.063,42.154],[-88.014,42.134],[-88.078,42.085],[-88.063,42.067],[-88.122,42.067],[-88.122,42.111],[-88.238,42.092],[-88.238,42.154],[-88.472,42.133]]]},"properties":{"STATE":"17","GEOID":"1708","NAME":"Congressional District 8"}},{"type":"Feature","geometry":{"type":"Polygon","coordinates":[[[-89.394,41.495],[-89.393,41.265],[-89.348,41.261],[-89.309,41.191],[-89.056,41.222],[-89.049,41.28],[-88.933,41.28],[-88.933,41.258],[-88.817,41.281],[-88.808,41.34],[-88.591,41.303],[-88.596,41.457],[-88.178,41.482],[-88.138,41.465],[-88.135,41.378],[-88.019,41.38],[-88.026,41.583],[-88.066,41.597],[-88.029,41.67],[-88.145,41.631],[-88.148,41.726],[-88.262,41.725],[-88.262,41.76],[-88.376,41.744],[-88.376,41.81],[-88.603,41.807],[-88.602,42.018],[-88.64,42.003],[-88.632,42.029],[-88.681,42.038],[-88.684,42.066],[-88.716,42.066],[-88.715,41.98],[-88.942,41.979],[-88.939,41.628],[-89.167,41.629],[-89.167,41.496],[-89.394,41.495]]]},"properties":{"STATE":"17","GEOID":"1714","NAME":"Congressional District 14"}},{"type":"Feature","geometry":{"type":"Polygon","coordinates":[[[-90.657,42.489],[-90.472,42.38],[-90.417,42.325],[-90.419,42.254],[-90.317,42.194],[-89.92,42.197],[-89.924,42.371],[-89.515,42.374],[-89.514,42.331],[-89.398,42.332],[-89.397,42.289],[-89.148,42.278],[-89.116,42.315],[-89.02,42.307],[-88.964,42.344],[-88.967,42.308],[-89.025,42.296],[-88.98,42.282],[-89.009,42.253],[-88.999,42.208],[-89.082,42.209],[-89.091,42.181],[-89.125,42.189],[-89.092,42.208],[-89.111,42.238],[-89.173,42.204],[-89.688,42.199],[-89.685,41.93],[-89.629,41.93],[-89.631,41.585],[-90.186,41.585],[-90.195,41.541],[-90.32,41.51],[-90.333,41.442],[-90.432,41.435],[-90.438,41.151],[-90.096,41.15],[-90.095,41.235],[-89.973,41.235],[-89.973,41.322],[-89.857,41.321],[-89.868,41.149],[-89.985,41.149],[-89.985,40.8],[-89.824,40.793],[-89.795,40.711],[-89.646,40.687],[-89.67,40.775],[-89.557,40.76],[-89.553,40.703],[-89.66,40.598],[-89.644,40.48],[-89.471,40.482],[-89.429,40.413],[-89.218,40.421],[-89.218,40.457],[-89.066,40.483],[-89.058,40.529],[-89.011,40.502],[-89.002,40.532],[-88.944,40.535],[-88.953,40.505],[-88.902,40.474],[-89.039,40.455],[-89.035,40.283],[-88.46,40.282],[-88.46,40.399],[-88.347,40.398],[-88.371,40.53],[-88.459,40.53],[-88.459,40.617],[-88.575,40.617],[-88.585,40.85],[-88.642,40.844],[-88.671,40.899],[-88.636,40.892],[-88.588,40.936],[-88.585,41.108],[-88.241,41.114],[-88.252,41.463],[-88.596,41.457],[-88.591,41.303],[-88.811,41.34],[-88.817,41.281],[-88.933,41.258],[-88.933,41.28],[-89.049,41.28],[-89.051,41.225],[-89.163,41.221],[-89.163,41.192],[-89.309,41.191],[-89.348,41.261],[-89.393,41.265],[-89.394,41.495],[-89.167,41.496],[-89.167,41.629],[-88.939,41.628],[-88.942,41.979],[-88.715,41.98],[-88.716,42.066],[-88.822,42.066],[-88.822,42.153],[-88.862,42.153],[-88.863,42.268],[-88.886,42.27],[-88.822,42.328],[-88.511,42.327],[-88.516,42.366],[-88.472,42.365],[-88.472,42.495],[-90.657,42.489]]]},"properties":{"STATE":"17","GEOID":"1716","NAME":"Congressional District 16"}},{"type":"Feature","geometry":{"type":"Polygon","coordinates":[[[-88.238,42.154],[-88.238,42.092],[-88.122,42.111],[-88.12,42.067],[-88.063,42.067],[-88.078,42.085],[-88.019,42.108],[-88.014,42.134],[-88.063,42.154],[-88.004,42.154],[-88.007,42.058],[-87.89,42.05],[-87.837,41.986],[-87.855,41.966],[-87.929,42.005],[-87.916,41.959],[-87.725,41.945],[-87.739,41.972],[-87.705,41.976],[-87.687,41.91],[-87.616,41.896],[-87.641,41.955],[-87.689,41.97],[-87.675,41.991],[-87.842,42.011],[-87.84,42.066],[-87.98,42.113],[-88.004,42.197],[-88.17,42.213],[-88.199,42.203],[-88.2,42.154],[-88.238,42.154]]]},"properties":{"STATE":"17","GEOID":"1705","NAME":"Congressional District 5"}},{"type":"Feature","geometry":{"type":"Polygon","coordinates":[[[-90.373,38.291],[-90.353,38.213],[-90.238,38.108],[-90,37.965],[-89.925,37.96],[-89.975,37.927],[-89.951,37.882],[-89.902,37.87],[-89.843,37.905],[-89.67,37.8],[-89.663,37.75],[-89.514,37.69],[-89.518,37.641],[-89.476,37.593],[-89.52,37.583],[-89.517,37.537],[-89.421,37.388],[-89.518,37.285],[-89.459,37.249],[-89.462,37.2],[-89.379,37.095],[-89.377,37.038],[-89.279,36.989],[-89.26,37.023],[-89.308,37.068],[-89.255,37.072],[-89.185,36.974],[-89.136,36.98],[-89.179,37.022],[-89.174,37.066],[-89.076,37.175],[-88.97,37.23],[-88.804,37.188],[-88.567,37.075],[-88.462,37.074],[-88.425,37.152],[-88.516,37.284],[-88.469,37.397],[-88.065,37.489],[-88.16,37.657],[-88.028,37.799],[-88.09,37.817],[-88.026,37.833],[-88.098,37.902],[-88.013,37.894],[-88.069,37.926],[-88.034,37.926],[-88.013,37.967],[-88.008,38.031],[-88.042,38.046],[-87.957,38.086],[-88.016,38.1],[-87.911,38.163],[-87.977,38.2],[-87.988,38.257],[-87.96,38.237],[-87.935,38.295],[-87.91,38.268],[-87.871,38.312],[-87.841,38.28],[-87.823,38.347],[-87.745,38.409],[-87.75,38.471],[-87.647,38.508],[-87.67,38.545],[-87.612,38.589],[-87.62,38.639],[-87.531,38.684],[-87.496,38.74],[-87.553,38.862],[-87.512,38.954],[-87.578,38.989],[-87.573,39.057],[-87.659,39.136],[-87.576,39.214],[-87.572,39.252],[-87.621,39.305],[-87.532,39.348],[-87.532,39.477],[-87.96,39.481],[-87.966,39.686],[-88.14,39.652],[-88.124,39.513],[-88.165,39.499],[-88.174,39.434],[-88.248,39.434],[-88.248,39.484],[-88.334,39.484],[-88.36,39.432],[-88.47,39.433],[-88.471,39.215],[-88.805,39.216],[-88.807,38.912],[-88.694,38.915],[-88.695,38.826],[-89.138,38.824],[-89.138,38.736],[-89.597,38.743],[-89.595,38.656],[-89.986,38.658],[-90.005,38.615],[-89.901,38.584],[-89.929,38.571],[-89.935,38.489],[-90.036,38.484],[-90.036,38.535],[-90.1,38.554],[-90.184,38.529],[-90.219,38.485],[-90.264,38.521],[-90.373,38.291]]]},"properties":{"STATE":"17","GEOID":"1712","NAME":"Congressional District 12"}},{"type":"Feature","geometry":{"type":"Polygon","coordinates":[[[-88.119,41.806],[-88.039,41.779],[-88.012,41.729],[-87.915,41.724],[-87.91,41.6],[-87.856,41.558],[-87.776,41.559],[-87.757,41.632],[-87.719,41.647],[-87.74,41.691],[-87.686,41.677],[-87.671,41.7],[-87.673,41.736],[-87.682,41.714],[-87.799,41.733],[-87.742,41.756],[-87.763,41.8],[-87.806,41.772],[-87.901,41.821],[-87.908,41.781],[-87.956,41.789],[-87.967,41.846],[-87.92,41.931],[-88.103,41.865],[-88.119,41.806]]]},"properties":{"STATE":"17","GEOID":"1706","NAME":"Congressional District 6"}},{"type":"Feature","geometry":{"type":"Polygon","coordinates":[[[-91.072,41.333],[-90.669,41.328],[-90.672,40.892],[-90.442,40.889],[-90.447,40.54],[-90.674,40.543],[-90.675,40.483],[-90.728,40.477],[-90.705,40.448],[-89.717,40.436],[-89.715,40.319],[-89.264,40.325],[-89.263,40.281],[-89.035,40.283],[-89.039,40.455],[-88.902,40.474],[-88.953,40.505],[-88.944,40.535],[-89.002,40.532],[-89.011,40.502],[-89.058,40.529],[-89.066,40.483],[-89.218,40.457],[-89.218,40.421],[-89.43,40.413],[-89.471,40.482],[-89.644,40.48],[-89.66,40.598],[-89.553,40.703],[-89.557,40.76],[-89.67,40.775],[-89.646,40.687],[-89.795,40.711],[-89.824,40.793],[-89.985,40.8],[-89.985,41.149],[-89.868,41.149],[-89.857,41.321],[-89.973,41.322],[-89.973,41.235],[-90.095,41.235],[-90.096,41.15],[-90.438,41.151],[-90.432,41.435],[-90.333,41.442],[-90.32,41.51],[-90.195,41.541],[-90.186,41.585],[-89.631,41.585],[-89.629,41.93],[-89.685,41.93],[-89.688,42.199],[-89.173,42.204],[-89.111,42.238],[-89.092,42.208],[-89.125,42.189],[-89.091,42.181],[-89.082,42.209],[-88.999,42.208],[-89.009,42.253],[-88.98,42.282],[-89.025,42.296],[-88.967,42.308],[-88.964,42.344],[-89.02,42.307],[-89.116,42.315],[-89.148,42.278],[-89.397,42.289],[-89.398,42.332],[-89.514,42.331],[-89.515,42.374],[-89.924,42.371],[-89.92,42.197],[-90.317,42.194],[-90.168,42.122],[-90.14,42.003],[-90.182,41.807],[-90.311,41.742],[-90.343,41.588],[-90.461,41.524],[-90.591,41.513],[-90.656,41.462],[-91.028,41.424],[-91.072,41.333]]]},"properties":{"STATE":"17","GEOID":"1717","NAME":"Congressional District 17"}},{"type":"Feature","geometry":{"type":"Polygon","coordinates":[[[-91.513,40.181],[-91.495,40.036],[-91.419,39.928],[-91.447,39.872],[-91.363,39.793],[-91.368,39.73],[-91.182,39.603],[-91.154,39.548],[-91.1,39.539],[-91.038,39.448],[-90.73,39.256],[-90.681,39.101],[-90.712,39.047],[-90.663,38.926],[-90.578,38.868],[-90.451,38.968],[-90.195,38.887],[-90.192,38.937],[-90.126,38.93],[-90.154,39.52],[-89.813,39.523],[-89.815,39.698],[-89.705,39.698],[-89.709,39.873],[-89.664,39.874],[-89.664,39.827],[-89.593,39.832],[-89.599,39.787],[-89.482,39.788],[-89.483,39.875],[-89.368,39.874],[-89.367,39.918],[-89.143,39.918],[-89.144,39.961],[-88.745,39.968],[-88.745,40.055],[-88.463,40.055],[-88.463,40.142],[-88.315,40.142],[-88.296,40.171],[-88.125,40.142],[-88.124,40.055],[-88.238,40.054],[-88.238,40.01],[-88.35,40.011],[-88.354,39.967],[-88.407,39.967],[-88.406,39.879],[-88.613,39.879],[-88.613,39.85],[-88.851,39.866],[-88.945,39.824],[-88.989,39.851],[-88.955,39.891],[-88.985,39.908],[-89.106,39.802],[-89.247,39.826],[-89.328,39.764],[-89.397,39.742],[-89.425,39.762],[-89.425,39.684],[-89.479,39.684],[-89.478,39.641],[-89.535,39.641],[-89.534,39.525],[-89.702,39.523],[-89.699,38.999],[-89.927,38.999],[-89.929,38.742],[-89.957,38.745],[-89.983,38.658],[-89.595,38.656],[-89.597,38.743],[-89.138,38.736],[-89.138,38.824],[-88.695,38.826],[-88.694,38.915],[-88.807,38.912],[-88.805,39.216],[-88.471,39.215],[-88.47,39.433],[-88.36,39.432],[-88.334,39.484],[-88.248,39.484],[-88.248,39.434],[-88.174,39.434],[-88.165,39.499],[-88.124,39.513],[-88.14,39.652],[-88.064,39.653],[-88.063,39.681],[-87.966,39.686],[-87.96,39.481],[-87.532,39.477],[-87.532,40.059],[-87.615,40.058],[-87.624,40.021],[-87.659,40.043],[-87.787,40.027],[-87.806,40.086],[-87.94,40.084],[-87.93,40.313],[-88.079,40.313],[-88.079,40.283],[-88.117,40.276],[-88.232,40.282],[-88.233,40.312],[-88.46,40.311],[-88.481,40.281],[-89.263,40.281],[-89.264,40.325],[-89.715,40.319],[-89.717,40.436],[-90.705,40.448],[-90.728,40.477],[-90.675,40.483],[-90.674,40.543],[-90.447,40.54],[-90.442,40.889],[-90.672,40.892],[-90.669,41.328],[-91.072,41.333],[-91.114,41.241],[-90.947,41.097],[-90.963,40.926],[-91.093,40.821],[-91.124,40.669],[-91.34,40.613],[-91.405,40.555],[-91.364,40.5],[-91.373,40.399],[-91.464,40.34],[-91.513,40.181]]]},"properties":{"STATE":"17","GEOID":"1715","NAME":"Congressional District 15"}},{"type":"Feature","geometry":{"type":"Polygon","coordinates":[[[-87.967,41.846],[-87.947,41.782],[-87.908,41.781],[-87.901,41.821],[-87.806,41.772],[-87.763,41.8],[-87.742,41.756],[-87.8,41.748],[-87.761,41.727],[-87.645,41.804],[-87.644,41.86],[-87.804,41.865],[-87.919,41.833],[-87.921,41.883],[-87.825,41.909],[-87.915,41.948],[-87.967,41.846]]]},"properties":{"STATE":"17","GEOID":"1704","NAME":"Congressional District 4"}},{"type":"Feature","geometry":{"type":"Polygon","coordinates":[[[-88.671,40.898],[-88.642,40.844],[-88.585,40.85],[-88.575,40.617],[-88.459,40.617],[-88.459,40.53],[-88.371,40.53],[-88.371,40.465],[-88.347,40.465],[-88.347,40.398],[-88.46,40.399],[-88.46,40.311],[-88.233,40.312],[-88.232,40.282],[-88.175,40.275],[-88.079,40.283],[-88.079,40.313],[-87.93,40.313],[-87.94,40.084],[-87.806,40.086],[-87.787,40.027],[-87.659,40.043],[-87.624,40.021],[-87.615,40.058],[-87.532,40.059],[-87.524,41.76],[-87.604,41.817],[-87.555,41.752],[-87.565,41.708],[-87.623,41.716],[-87.622,41.662],[-87.68,41.663],[-87.656,41.626],[-87.742,41.576],[-87.743,41.528],[-87.79,41.528],[-87.786,41.354],[-87.824,41.353],[-87.843,41.295],[-87.782,41.296],[-87.78,41.207],[-87.838,41.207],[-87.835,41.148],[-87.937,41.158],[-87.991,41.205],[-88.244,41.202],[-88.241,41.114],[-88.585,41.108],[-88.588,40.936],[-88.636,40.892],[-88.671,40.898]]]},"properties":{"STATE":"17","GEOID":"1702","NAME":"Congressional District 2"}},{"type":"Feature","geometry":{"type":"Polygon","coordinates":[[[-88.472,42.382],[-88.355,42.366],[-88.346,42.328],[-88.302,42.371],[-88.225,42.336],[-88.169,42.358],[-88.166,42.329],[-88.121,42.328],[-88.102,42.263],[-88.034,42.269],[-88.045,42.241],[-88.004,42.241],[-87.937,42.113],[-87.77,42.123],[-87.771,42.08],[-87.691,42.083],[-87.828,42.269],[-87.801,42.492],[-88.472,42.495],[-88.472,42.382]]]},"properties":{"STATE":"17","GEOID":"1710","NAME":"Congressional District 10"}},{"type":"Feature","geometry":{"type":"Polygon","coordinates":[[[-87.921,41.882],[-87.919,41.833],[-87.804,41.865],[-87.644,41.86],[-87.645,41.804],[-87.708,41.777],[-87.644,41.758],[-87.599,41.892],[-87.801,41.918],[-87.921,41.882]]]},"properties":{"STATE":"17","GEOID":"1707","NAME":"Congressional District 7"}},{"type":"Feature","geometry":{"type":"Polygon","coordinates":[[[-87.834,42.301],[-87.795,42.2],[-87.67,42.06],[-87.559,41.764],[-87.208,41.761],[-87.02,42.493],[-87.801,42.492],[-87.834,42.301]]]},"properties":{"STATE":"17","GEOID":"17ZZ","NAME":"Congressional Districts not defined"}},{"type":"Feature","geometry":{"type":"Polygon","coordinates":[[[-88.886,42.27],[-88.863,42.268],[-88.862,42.153],[-88.822,42.153],[-88.822,42.066],[-88.684,42.066],[-88.681,42.038],[-88.632,42.029],[-88.64,42.003],[-88.602,42.018],[-88.603,41.807],[-88.376,41.81],[-88.376,41.744],[-88.262,41.76],[-88.262,41.725],[-88.148,41.726],[-88.145,41.631],[-88.029,41.67],[-87.913,41.666],[-87.915,41.724],[-88.012,41.729],[-88.039,41.779],[-88.087,41.777],[-88.114,41.815],[-88.263,41.816],[-88.263,41.871],[-88.31,41.863],[-88.293,41.918],[-88.376,41.914],[-88.376,42.067],[-88.472,42.067],[-88.472,42.133],[-88.354,42.154],[-88.355,42.241],[-88.198,42.242],[-88.199,42.285],[-88.102,42.263],[-88.121,42.328],[-88.302,42.371],[-88.346,42.328],[-88.355,42.366],[-88.472,42.37],[-88.516,42.366],[-88.511,42.327],[-88.822,42.328],[-88.886,42.27]]]},"properties":{"STATE":"17","GEOID":"1711","NAME":"Congressional District 11"}},{"type":"Feature","geometry":{"type":"Polygon","coordinates":[[[-106.646,31.896],[-106.603,31.825],[-106.491,31.749],[-106.415,31.751],[-106.247,31.613],[-106.163,31.597],[-106.198,31.609],[-106.189,31.669],[-106.145,31.68],[-106.199,31.712],[-106.2,31.816],[-106.32,31.835],[-106.34,31.866],[-106.421,31.828],[-106.371,31.927],[-106.408,31.943],[-106.496,31.912],[-106.514,32.001],[-106.618,32],[-106.64,31.98],[-106.613,31.92],[-106.646,31.896]]]},"properties":{"STATE":"48","GEOID":"4816","NAME":"Congressional District 16"}},{"type":"Feature","geometry":{"type":"Polygon","coordinates":[[[-97.081,32.68],[-97.053,32.549],[-96.529,32.545],[-96.622,32.618],[-96.563,32.701],[-96.649,32.7],[-96.68,32.763],[-96.759,32.782],[-96.854,32.86],[-96.874,32.779],[-96.826,32.781],[-96.864,32.758],[-96.81,32.759],[-96.838,32.733],[-96.815,32.708],[-96.894,32.695],[-96.941,32.722],[-96.978,32.694],[-97.005,32.724],[-97.081,32.68]]]},"properties":{"STATE":"48","GEOID":"4830","NAME":"Congressional District 30"}},{"type":"Feature","geometry":{"type":"Polygon","coordinates":[[[-98.543,29.427],[-98.49,29.395],[-98.485,29.43],[-98.389,29.423],[-98.224,29.488],[-98.246,29.524],[-98.346,29.517],[-98.348,29.555],[-98.001,29.751],[-97.875,29.858],[-97.894,29.884],[-97.492,30.21],[-97.555,30.257],[-97.477,30.324],[-97.517,30.396],[-97.611,30.435],[-97.667,30.373],[-97.671,30.309],[-97.725,30.287],[-97.825,30.077],[-97.884,30.046],[-97.88,29.947],[-97.924,29.895],[-97.985,29.9],[-97.973,29.853],[-98.095,29.699],[-98.33,29.594],[-98.38,29.556],[-98.354,29.544],[-98.372,29.51],[-98.397,29.51],[-98.384,29.549],[-98.417,29.545],[-98.442,29.485],[-98.414,29.456],[-98.47,29.443],[-98.455,29.461],[-98.499,29.486],[-98.543,29.427]]]},"properties":{"STATE":"48","GEOID":"4835","NAME":"Congressional District 35"}},{"type":"Feature","geometry":{"type":"Polygon","coordinates":[[[-98.064,32.638],[-97.998,32.688],[-97.85,32.728],[-97.578,32.61],[-97.603,32.711],[-97.675,32.705],[-97.681,32.786],[-97.58,32.788],[-97.548,32.776],[-97.551,32.555],[-97.365,32.553],[-97.373,32.682],[-97.304,32.753],[-97.328,32.783],[-97.368,32.766],[-97.401,32.819],[-97.347,32.842],[-97.291,32.81],[-97.284,32.765],[-97.178,32.798],[-97.277,32.839],[-97.328,32.991],[-98.056,33.003],[-98.064,32.638]]]},"properties":{"STATE":"48","GEOID":"4812","NAME":"Congressional District 12"}},{"type":"Feature","geometry":{"type":"Polygon","coordinates":[[[-97.317,32.905],[-97.29,32.902],[-97.277,32.839],[-97.177,32.794],[-97.022,32.837],[-96.999,32.887],[-96.974,32.878],[-97.008,32.921],[-96.959,32.907],[-96.994,32.923],[-96.975,32.955],[-96.938,32.913],[-96.904,32.922],[-96.905,32.958],[-96.871,32.953],[-96.895,32.918],[-96.856,32.918],[-96.855,32.861],[-96.815,32.82],[-96.786,32.822],[-96.759,32.883],[-96.701,32.864],[-96.736,32.912],[-96.758,32.886],[-96.788,32.9],[-96.74,32.978],[-96.786,32.979],[-96.804,32.925],[-96.856,32.924],[-96.808,32.954],[-96.865,32.985],[-97.299,32.991],[-97.317,32.905]]]},"properties":{"STATE":"48","GEOID":"4824","NAME":"Congressional District 24"}},{"type":"Feature","geometry":{"type":"Polygon","coordinates":[[[-95.782,30.027],[-95.77,29.949],[-95.711,29.944],[-95.701,29.972],[-95.62,29.915],[-95.654,29.908],[-95.62,29.853],[-95.645,29.852],[-95.645,29.785],[-95.736,29.785],[-95.73,29.735],[-95.688,29.711],[-95.621,29.771],[-95.604,29.744],[-95.558,29.762],[-95.558,29.737],[-95.411,29.743],[-95.409,29.767],[-95.57,29.832],[-95.575,29.867],[-95.524,29.859],[-95.515,29.925],[-95.585,29.925],[-95.554,29.956],[-95.58,29.967],[-95.498,29.988],[-95.526,30.023],[-95.474,30.048],[-95.505,30.14],[-95.574,30.13],[-95.575,30.152],[-95.749,30.096],[-95.782,30.027]]]},"properties":{"STATE":"48","GEOID":"4838","NAME":"Congressional District 38"}},{"type":"Feature","geometry":{"type":"Polygon","coordinates":[[[-97.697,30.489],[-97.65,30.443],[-97.583,30.467],[-97.4,30.368],[-97.369,30.42],[-97.334,30.403],[-97.155,30.457],[-96.621,30.731],[-96.567,30.696],[-96.462,30.742],[-96.338,30.921],[-95.975,31.092],[-95.664,31.084],[-95.63,31.051],[-95.681,30.987],[-95.616,30.91],[-95.863,30.864],[-95.834,30.658],[-95.578,30.718],[-95.516,30.668],[-95.513,30.706],[-95.339,30.738],[-95.313,30.898],[-95.247,30.904],[-95.2,30.825],[-94.843,31.147],[-94.473,31.026],[-94.13,31.105],[-94.34,31.241],[-94.305,31.571],[-94.395,31.639],[-94.452,31.844],[-94.938,31.846],[-94.978,31.793],[-94.926,31.762],[-94.973,31.739],[-94.954,31.64],[-94.866,31.527],[-95.003,31.426],[-95.101,31.468],[-95.1,31.519],[-95.172,31.585],[-95.493,31.565],[-95.739,31.504],[-95.759,31.534],[-95.716,31.554],[-95.71,31.615],[-95.736,31.654],[-95.768,31.597],[-95.79,31.649],[-95.955,31.671],[-96.014,31.619],[-96.107,31.653],[-96.281,31.641],[-96.333,31.741],[-96.497,31.796],[-96.719,31.815],[-96.932,31.709],[-97.037,31.863],[-97.605,31.588],[-97.343,31.244],[-97.278,31.28],[-97.07,30.986],[-97.259,30.89],[-97.315,30.755],[-97.27,30.735],[-97.219,30.61],[-97.375,30.575],[-97.417,30.514],[-97.47,30.537],[-97.49,30.518],[-97.483,30.554],[-97.561,30.507],[-97.583,30.537],[-97.614,30.532],[-97.598,30.504],[-97.638,30.508],[-97.665,30.567],[-97.693,30.558],[-97.697,30.489]]]},"properties":{"STATE":"48","GEOID":"4817","NAME":"Congressional District 17"}},{"type":"Feature","geometry":{"type":"Polygon","coordinates":[[[-99.632,32.094],[-98.924,32.078],[-98.668,31.701],[-98.493,31.724],[-98.464,31.684],[-98.157,31.842],[-98.208,31.918],[-97.631,32.207],[-97.514,32.134],[-97.476,32.182],[-97.27,32.227],[-97.3,32.453],[-97.24,32.473],[-97.261,32.516],[-97.233,32.551],[-97.177,32.551],[-97.189,32.578],[-97.075,32.641],[-97.123,32.721],[-97.035,32.78],[-97.11,32.791],[-97.219,32.727],[-97.253,32.63],[-97.294,32.604],[-97.32,32.606],[-97.321,32.667],[-97.353,32.667],[-97.365,32.553],[-97.551,32.555],[-97.548,32.776],[-97.58,32.788],[-97.681,32.786],[-97.675,32.705],[-97.603,32.711],[-97.578,32.61],[-97.85,32.728],[-97.998,32.688],[-98.064,32.637],[-98.056,33.003],[-97.922,33.001],[-97.918,33.434],[-97.979,33.434],[-97.979,33.467],[-98.421,33.467],[-98.421,33.396],[-98.954,33.398],[-98.951,32.957],[-99.096,32.957],[-99.096,32.515],[-99.397,32.515],[-99.454,32.457],[-99.455,32.407],[-99.63,32.437],[-99.632,32.094]]]},"properties":{"STATE":"48","GEOID":"4825","NAME":"Congressional District 25"}},{"type":"Feature","geometry":{"type":"Polygon","coordinates":[[[-117.243,44.391],[-117.19,44.337],[-117.223,44.298],[-117.198,44.274],[-117.104,44.28],[-117.051,44.229],[-116.976,44.243],[-116.972,44.197],[-116.894,44.162],[-116.977,44.085],[-116.935,43.989],[-116.976,43.975],[-116.962,43.918],[-117.033,43.83],[-117.026,42],[-115.038,41.996],[-115.038,42.768],[-115.454,42.768],[-115.442,42.931],[-115.626,42.956],[-115.772,42.939],[-115.792,42.972],[-115.929,43.002],[-115.966,42.984],[-115.965,42.944],[-116.011,42.95],[-116.202,43.049],[-116.193,43.084],[-116.266,43.112],[-115.979,43.113],[-115.975,43.365],[-116.161,43.542],[-116.354,43.576],[-116.354,43.691],[-116.32,43.685],[-116.264,43.796],[-115.98,43.586],[-115.945,43.609],[-115.876,43.591],[-115.645,43.701],[-115.616,43.781],[-115.548,43.793],[-115.5,43.89],[-115.278,43.942],[-115.197,44.069],[-115.231,44.099],[-115.173,44.085],[-115.137,43.985],[-115.085,43.977],[-115.067,43.94],[-114.969,43.974],[-114.983,44.011],[-115.048,44.038],[-114.997,44.092],[-115.047,44.12],[-115.027,44.158],[-115.168,44.203],[-115.175,44.293],[-115.289,44.326],[-115.224,44.463],[-115.305,44.58],[-115.168,44.647],[-115.117,44.756],[-115.076,44.769],[-115.01,44.713],[-114.947,44.723],[-114.723,44.891],[-114.732,45.151],[-114.593,45.297],[-114.793,45.436],[-114.798,45.497],[-114.774,45.514],[-114.664,45.471],[-114.572,45.55],[-114.538,45.607],[-114.564,45.638],[-114.508,45.658],[-114.495,45.704],[-114.566,45.773],[-114.509,45.846],[-114.41,45.852],[-114.389,45.882],[-114.431,45.936],[-114.412,45.978],[-114.48,45.993],[-114.48,46.03],[-114.508,46.031],[-114.46,46.098],[-114.527,46.145],[-114.444,46.169],[-114.471,46.266],[-114.425,46.288],[-114.422,46.387],[-114.368,46.437],[-114.403,46.499],[-114.343,46.518],[-114.321,46.647],[-114.358,46.671],[-114.467,46.632],[-114.606,46.636],[-114.643,46.673],[-114.621,46.707],[-114.665,46.739],[-114.767,46.697],[-114.787,46.783],[-114.895,46.802],[-114.948,46.86],[-114.925,46.919],[-115.049,46.97],[-115.144,47.102],[-115.301,47.188],[-115.32,47.257],[-115.482,47.281],[-115.578,47.367],[-115.759,47.424],[-115.629,47.48],[-115.686,47.485],[-115.698,47.531],[-115.756,47.548],[-115.688,47.595],[-115.737,47.654],[-115.723,47.695],[-115.831,47.755],[-115.852,47.828],[-116.049,47.977],[-116.049,49.001],[-117.032,48.999],[-117.035,46.418],[-117.063,46.354],[-116.986,46.296],[-116.965,46.203],[-116.922,46.169],[-116.982,46.085],[-116.86,45.907],[-116.782,45.825],[-116.71,45.826],[-116.665,45.782],[-116.548,45.752],[-116.463,45.604],[-116.528,45.552],[-116.555,45.463],[-116.674,45.322],[-116.73,45.142],[-116.848,45.023],[-116.858,44.977],[-116.826,44.982],[-116.852,44.888],[-116.935,44.784],[-117.062,44.727],[-117.149,44.536],[-117.225,44.482],[-117.215,44.427],[-117.243,44.391]]]},"properties":{"STATE":"16","GEOID":"1601","NAME":"Congressional District 1"}},{"type":"Feature","geometry":{"type":"Polygon","coordinates":[[[-116.355,43.608],[-116.354,43.576],[-116.161,43.542],[-115.975,43.365],[-115.979,43.113],[-116.266,43.112],[-116.193,43.084],[-116.202,43.049],[-116.011,42.95],[-115.965,42.944],[-115.966,42.984],[-115.929,43.002],[-115.792,42.972],[-115.772,42.939],[-115.626,42.956],[-115.442,42.931],[-115.454,42.768],[-115.038,42.768],[-115.038,41.996],[-111.047,42.002],[-111.049,44.474],[-111.228,44.577],[-111.219,44.623],[-111.385,44.755],[-111.414,44.711],[-111.489,44.706],[-111.472,44.666],[-111.516,44.644],[-111.524,44.592],[-111.468,44.539],[-111.703,44.56],[-111.822,44.509],[-111.869,44.567],[-112.106,44.521],[-112.287,44.569],[-112.353,44.538],[-112.387,44.447],[-112.718,44.504],[-112.781,44.485],[-112.84,44.425],[-112.812,44.377],[-112.854,44.36],[-112.89,44.406],[-113.005,44.453],[-113.027,44.496],[-113.007,44.526],[-113.088,44.6],[-113.051,44.635],[-113.131,44.773],[-113.247,44.823],[-113.341,44.785],[-113.378,44.835],[-113.455,44.865],[-113.499,44.942],[-113.444,44.959],[-113.452,45.059],[-113.522,45.091],[-113.511,45.116],[-113.57,45.124],[-113.592,45.185],[-113.685,45.254],[-113.739,45.329],[-113.733,45.391],[-113.776,45.408],[-113.766,45.521],[-113.835,45.521],[-113.806,45.602],[-113.905,45.622],[-113.938,45.696],[-114.015,45.696],[-114.015,45.653],[-114.086,45.591],[-114.194,45.536],[-114.248,45.546],[-114.27,45.485],[-114.33,45.46],[-114.472,45.565],[-114.565,45.558],[-114.664,45.471],[-114.794,45.508],[-114.793,45.436],[-114.593,45.297],[-114.732,45.151],[-114.723,44.891],[-114.947,44.723],[-115.01,44.713],[-115.076,44.769],[-115.117,44.756],[-115.168,44.647],[-115.305,44.58],[-115.224,44.463],[-115.293,44.335],[-115.243,44.292],[-115.175,44.293],[-115.168,44.203],[-115.024,44.155],[-115.047,44.12],[-114.997,44.091],[-115.048,44.038],[-114.983,44.011],[-114.991,43.95],[-115.074,43.944],[-115.085,43.977],[-115.137,43.985],[-115.173,44.085],[-115.231,44.099],[-115.197,44.069],[-115.278,43.942],[-115.509,43.885],[-115.548,43.793],[-115.616,43.781],[-115.645,43.701],[-115.829,43.606],[-115.98,43.586],[-116.264,43.796],[-116.32,43.685],[-116.354,43.691],[-116.355,43.608]]]},"properties":{"STATE":"16","GEOID":"1602","NAME":"Congressional District 2"}},{"type":"Feature","geometry":{"type":"Polygon","coordinates":[[[-117.235,32.839],[-117.21,32.763],[-117.07,32.758],[-117.016,32.675],[-116.941,32.733],[-117.006,32.753],[-117,32.778],[-116.896,32.8],[-117.038,32.831],[-117.005,32.837],[-116.981,32.942],[-117.067,32.928],[-117.083,32.998],[-117.114,32.959],[-117.168,32.966],[-117.167,32.932],[-117.224,32.906],[-117.185,32.858],[-117.235,32.839]]]},"properties":{"STATE":"06","GEOID":"0651","NAME":"Congressional District 51"}},{"type":"Feature","geometry":{"type":"Polygon","coordinates":[[[-118.018,33.806],[-117.993,33.774],[-117.984,33.803],[-117.898,33.789],[-117.907,33.753],[-117.942,33.752],[-117.919,33.696],[-117.838,33.711],[-117.853,33.816],[-117.83,33.845],[-117.876,33.847],[-117.879,33.874],[-117.985,33.876],[-118.018,33.806]]]},"properties":{"STATE":"06","GEOID":"0646","NAME":"Congressional District 46"}},{"type":"Feature","geometry":{"type":"Polygon","coordinates":[[[-105.11,39.627],[-105.025,39.629],[-105.009,39.679],[-104.885,39.624],[-104.847,39.657],[-104.913,39.679],[-104.866,39.697],[-104.88,39.755],[-104.735,39.769],[-104.762,39.823],[-104.62,39.822],[-104.6,39.899],[-104.73,39.896],[-104.731,39.845],[-104.791,39.842],[-104.791,39.798],[-105.064,39.791],[-105.053,39.668],[-105.081,39.662],[-105.054,39.651],[-105.11,39.627]]]},"properties":{"STATE":"08","GEOID":"0801","NAME":"Congressional District 1"}},{"type":"Feature","geometry":{"type":"Polygon","coordinates":[[[-85.947,38.005],[-85.713,38.087],[-85.567,38.075],[-85.58,38.134],[-85.509,38.18],[-85.476,38.29],[-85.638,38.38],[-85.683,38.296],[-85.743,38.267],[-85.826,38.279],[-85.905,38.171],[-85.947,38.005]]]},"properties":{"STATE":"21","GEOID":"2103","NAME":"Congressional District 3"}},{"type":"Feature","geometry":{"type":"MultiPolygon","coordinates":[[[[-89.417,36.5],[-88.053,36.497],[-88.033,36.542],[-88.071,36.678],[-87.85,36.664],[-87.853,36.633],[-86.508,36.652],[-84.975,36.615],[-85.02,36.694],[-85.004,36.756],[-85.064,36.859],[-84.961,36.916],[-84.946,36.96],[-84.908,36.945],[-84.836,36.998],[-84.906,37.047],[-84.901,37.116],[-84.721,37.238],[-84.706,37.3],[-84.723,37.36],[-84.851,37.427],[-84.857,37.529],[-84.69,37.626],[-84.658,37.618],[-84.652,37.649],[-84.694,37.641],[-84.682,37.686],[-84.74,37.714],[-85.025,37.679],[-85.001,37.855],[-85.058,37.895],[-85.043,37.929],[-85.075,37.951],[-85.044,37.977],[-85.06,38.002],[-84.967,38.009],[-84.942,38.078],[-84.886,38.098],[-84.865,38.141],[-84.725,38.195],[-84.741,38.352],[-84.793,38.339],[-84.906,38.375],[-84.998,38.336],[-84.957,38.332],[-84.999,38.275],[-85.004,38.16],[-85.048,38.072],[-85.13,37.996],[-85.169,37.998],[-85.152,37.887],[-85.198,37.902],[-85.204,37.847],[-85.217,37.871],[-85.279,37.853],[-85.308,37.794],[-85.356,37.784],[-85.345,37.763],[-85.45,37.686],[-85.521,37.554],[-85.466,37.466],[-85.584,37.47],[-85.585,37.433],[-85.478,37.364],[-85.391,37.247],[-85.411,37.225],[-85.353,37.192],[-85.527,37.109],[-85.632,37.125],[-85.686,37.182],[-85.744,37.17],[-85.777,37.138],[-85.739,36.841],[-85.977,36.723],[-86.071,36.807],[-86.065,36.899],[-86.098,36.9],[-86.106,36.865],[-86.147,36.897],[-86.136,36.932],[-86.159,36.906],[-86.166,36.934],[-86.206,36.933],[-86.406,36.776],[-86.401,36.807],[-86.583,36.83],[-86.612,36.883],[-86.692,36.84],[-86.731,36.859],[-86.714,36.879],[-86.744,36.923],[-86.674,37],[-86.845,37.057],[-86.976,37.074],[-87.25,37.041],[-87.252,37.076],[-87.334,37.132],[-87.308,37.195],[-87.388,37.257],[-87.38,37.311],[-87.339,37.314],[-87.295,37.387],[-87.353,37.427],[-87.36,37.549],[-87.5,37.631],[-87.413,37.675],[-87.386,37.731],[-87.272,37.78],[-87.323,37.819],[-87.303,37.898],[-87.414,37.945],[-87.511,37.906],[-87.593,37.975],[-87.627,37.925],[-87.584,37.878],[-87.615,37.832],[-87.678,37.834],[-87.675,37.902],[-87.83,37.876],[-87.898,37.928],[-87.941,37.885],[-87.907,37.807],[-87.952,37.772],[-88.028,37.799],[-88.125,37.707],[-88.158,37.637],[-88.063,37.515],[-88.082,37.473],[-88.467,37.4],[-88.516,37.284],[-88.425,37.152],[-88.46,37.075],[-88.567,37.075],[-88.932,37.227],[-89,37.225],[-89.076,37.175],[-89.182,37.039],[-89.099,36.958],[-89.138,36.847],[-89.179,36.83],[-89.118,36.762],[-89.201,36.733],[-89.159,36.666],[-89.236,36.567],[-89.326,36.632],[-89.366,36.625],[-89.417,36.5]]],[[[-89.571,36.552],[-89.539,36.498],[-89.485,36.497],[-89.466,36.53],[-89.48,36.569],[-89.529,36.582],[-89.571,36.552]]]]},"properties":{"STATE":"21","GEOID":"2101","NAME":"Congressional District 1"}},{"type":"Feature","geometry":{"type":"Polygon","coordinates":[[[-85.064,36.859],[-85.004,36.756],[-85.02,36.694],[-84.975,36.615],[-83.691,36.583],[-83.53,36.666],[-83.135,36.743],[-83.073,36.854],[-82.879,36.89],[-82.867,36.978],[-82.722,37.045],[-82.721,37.121],[-82.349,37.268],[-81.965,37.543],[-82.132,37.552],[-82.175,37.648],[-82.214,37.625],[-82.304,37.676],[-82.334,37.743],[-82.312,37.765],[-82.401,37.81],[-82.42,37.885],[-82.502,37.933],[-82.465,37.984],[-82.519,38.001],[-82.55,38.07],[-82.638,38.141],[-82.572,38.316],[-82.604,38.459],[-82.665,38.506],[-82.817,38.374],[-82.999,38.412],[-83.127,38.336],[-83.285,38.306],[-83.356,38.322],[-83.417,38.396],[-83.499,38.349],[-83.507,38.269],[-83.646,38.171],[-83.659,38.202],[-83.7,38.202],[-83.688,38.262],[-83.823,38.197],[-83.904,38.234],[-83.934,38.2],[-83.719,38.109],[-83.699,38.018],[-83.774,37.99],[-83.775,37.939],[-83.631,37.825],[-83.708,37.716],[-83.822,37.665],[-83.808,37.636],[-83.865,37.617],[-83.906,37.543],[-83.965,37.581],[-84.142,37.565],[-84.263,37.516],[-84.345,37.54],[-84.374,37.473],[-84.473,37.494],[-84.649,37.61],[-84.651,37.64],[-84.847,37.548],[-84.851,37.427],[-84.723,37.36],[-84.716,37.253],[-84.901,37.116],[-84.906,37.047],[-84.836,36.998],[-84.908,36.945],[-84.946,36.96],[-84.961,36.916],[-85.064,36.859]]]},"properties":{"STATE":"21","GEOID":"2105","NAME":"Congressional District 5"}},{"type":"Feature","geometry":{"type":"Polygon","coordinates":[[[-85.075,37.951],[-85.043,37.929],[-85.058,37.895],[-85.001,37.855],[-85.025,37.679],[-84.738,37.713],[-84.683,37.686],[-84.705,37.66],[-84.653,37.652],[-84.649,37.61],[-84.473,37.494],[-84.374,37.473],[-84.345,37.54],[-84.263,37.516],[-84.142,37.565],[-83.965,37.581],[-83.906,37.543],[-83.865,37.617],[-83.808,37.636],[-83.822,37.665],[-83.708,37.716],[-83.631,37.825],[-83.775,37.939],[-83.774,37.99],[-83.699,38.018],[-83.719,38.109],[-83.934,38.2],[-83.904,38.234],[-83.823,38.197],[-83.688,38.262],[-83.7,38.202],[-83.659,38.202],[-83.646,38.171],[-83.507,38.269],[-83.499,38.349],[-83.453,38.382],[-83.581,38.43],[-83.587,38.485],[-83.642,38.525],[-83.859,38.456],[-83.93,38.492],[-83.999,38.422],[-84.102,38.459],[-84.28,38.313],[-84.429,38.28],[-84.462,38.384],[-84.561,38.492],[-84.741,38.352],[-84.725,38.195],[-84.865,38.141],[-84.886,38.098],[-84.942,38.078],[-84.967,38.009],[-85.06,38.002],[-85.044,37.977],[-85.075,37.951]]]},"properties":{"STATE":"21","GEOID":"2106","NAME":"Congressional District 6"}},{"type":"Feature","geometry":{"type":"MultiPolygon","coordinates":[[[[-170.89,-14.317],[-170.866,-14.359],[-170.739,-14.42],[-170.637,-14.337],[-170.509,-14.329],[-170.49,-14.282],[-170.537,-14.204],[-170.665,-14.176],[-170.75,-14.241],[-170.84,-14.258],[-170.89,-14.317]]],[[[-168.225,-14.536],[-168.174,-14.601],[-168.129,-14.597],[-168.102,-14.554],[-168.152,-14.478],[-168.225,-14.536]]],[[[-169.726,-14.166],[-169.68,-14.231],[-169.567,-14.221],[-169.5,-14.313],[-169.397,-14.307],[-169.371,-14.28],[-169.386,-14.175],[-169.547,-14.184],[-169.59,-14.108],[-169.702,-14.12],[-169.726,-14.166]]],[[[-171.141,-11.047],[-171.098,-11.108],[-171.011,-11.078],[-171.036,-11.003],[-171.111,-11.004],[-171.141,-11.047]]]]},"properties":{"STATE":"60","GEOID":"6098","NAME":"Delegate District (at Large)"}},{"type":"Feature","geometry":{"type":"Polygon","coordinates":[[[-96.453,43.609],[-96.453,43.5],[-91.217,43.511],[-91.269,43.617],[-91.244,43.775],[-91.432,43.997],[-91.592,44.031],[-91.875,44.201],[-91.919,44.323],[-91.967,44.364],[-92.231,44.444],[-92.336,44.554],[-92.549,44.568],[-92.732,44.714],[-92.732,44.629],[-92.793,44.63],[-92.793,44.543],[-93.039,44.516],[-93.04,44.429],[-93.084,44.385],[-93.403,44.371],[-93.405,44.196],[-93.768,44.196],[-93.768,44.239],[-94.021,44.24],[-93.933,44.344],[-93.966,44.39],[-93.935,44.457],[-94.789,44.456],[-94.866,44.498],[-94.866,44.34],[-94.746,44.297],[-94.739,44.152],[-94.738,44.109],[-94.86,44.108],[-94.859,43.848],[-96.453,43.85],[-96.453,43.609]]]},"properties":{"STATE":"27","GEOID":"2701","NAME":"Congressional District 1"}},{"type":"Feature","geometry":{"type":"Polygon","coordinates":[[[-96.068,47.485],[-96.066,46.977],[-94.917,46.978],[-94.918,47.065],[-94.791,47.064],[-94.791,46.986],[-94.664,47.035],[-94.66,46.804],[-94.787,46.804],[-94.779,46.394],[-94.541,46.304],[-94.429,46.333],[-94.351,46.295],[-94.339,46.271],[-94.394,46.229],[-94.375,46.157],[-93.81,46.157],[-93.81,45.983],[-93.769,45.983],[-93.759,45.56],[-93.511,45.559],[-93.51,45.415],[-93.02,45.412],[-93.021,45.124],[-92.864,45.124],[-92.863,45.08],[-92.835,45.074],[-92.741,45.113],[-92.762,45.288],[-92.705,45.327],[-92.647,45.44],[-92.746,45.553],[-92.884,45.575],[-92.869,45.718],[-92.785,45.764],[-92.708,45.895],[-92.525,45.984],[-92.47,45.974],[-92.429,46.024],[-92.352,46.016],[-92.294,46.074],[-92.291,46.668],[-92.207,46.652],[-92.176,46.686],[-92.205,46.704],[-92.117,46.749],[-92.02,46.704],[-90.655,47.31],[-89.957,47.291],[-89.483,48.014],[-89.581,47.996],[-89.775,48.023],[-89.895,47.987],[-89.994,48.028],[-90.023,48.085],[-90.141,48.113],[-90.374,48.091],[-90.557,48.096],[-90.58,48.124],[-90.752,48.091],[-90.798,48.137],[-90.778,48.164],[-90.836,48.177],[-90.839,48.24],[-90.886,48.246],[-91.267,48.079],[-91.568,48.044],[-91.559,48.109],[-91.712,48.115],[-91.715,48.2],[-91.958,48.233],[-92.007,48.265],[-92,48.321],[-92.055,48.359],[-92.263,48.355],[-92.306,48.316],[-92.27,48.248],[-92.37,48.22],[-92.47,48.352],[-92.456,48.414],[-92.507,48.448],[-92.656,48.436],[-92.713,48.463],[-92.699,48.495],[-92.627,48.503],[-92.635,48.543],[-92.728,48.539],[-92.955,48.632],[-93.255,48.643],[-93.465,48.592],[-93.467,48.546],[-93.793,48.516],[-93.844,48.63],[-94.224,48.649],[-94.291,48.708],[-94.452,48.692],[-94.641,48.741],[-94.694,48.789],[-94.683,48.884],[-94.816,49.321],[-94.957,49.37],[-95.058,49.353],[-95.153,49.384],[-95.153,48.999],[-95.327,48.978],[-95.301,48.904],[-95.255,48.884],[-95.091,48.921],[-95.09,48.713],[-95.343,48.713],[-95.343,48.54],[-95.602,48.539],[-95.554,47.5],[-96.068,47.485]]]},"properties":{"STATE":"27","GEOID":"2708","NAME":"Congressional District 8"}},{"type":"Feature","geometry":{"type":"Polygon","coordinates":[[[-93.411,44.973],[-93.319,44.862],[-93.179,44.88],[-93.228,45.125],[-93.296,45.122],[-93.281,45.072],[-93.401,45.066],[-93.411,44.973]]]},"properties":{"STATE":"27","GEOID":"2705","NAME":"Congressional District 5"}},{"type":"Feature","geometry":{"type":"Polygon","coordinates":[[[-93.228,45.116],[-93.179,44.888],[-93.091,44.923],[-93.02,44.891],[-92.863,44.891],[-92.862,44.862],[-92.764,44.872],[-92.762,45.024],[-92.813,45.1],[-92.835,45.074],[-92.863,45.08],[-92.864,45.124],[-93.228,45.116]]]},"properties":{"STATE":"27","GEOID":"2704","NAME":"Congressional District 4"}},{"type":"Feature","geometry":{"type":"Polygon","coordinates":[[[-94.025,44.257],[-93.768,44.239],[-93.768,44.196],[-93.405,44.196],[-93.403,44.371],[-93.121,44.37],[-93.126,44.392],[-93.084,44.385],[-93.04,44.429],[-93.039,44.516],[-92.793,44.543],[-92.793,44.63],[-92.732,44.629],[-92.732,44.714],[-92.808,44.752],[-92.77,44.862],[-93.096,44.923],[-93.305,44.795],[-93.579,44.794],[-93.622,44.762],[-93.629,44.698],[-93.902,44.588],[-93.887,44.505],[-93.966,44.391],[-93.933,44.344],[-94.025,44.257]]]},"properties":{"STATE":"27","GEOID":"2702","NAME":"Congressional District 2"}},{"type":"Feature","geometry":{"type":"Polygon","coordinates":[[[-97.239,48.968],[-97.178,48.876],[-97.19,48.815],[-97.157,48.808],[-97.181,48.798],[-97.09,48.684],[-97.175,48.562],[-97.127,48.52],[-97.163,48.478],[-97.128,48.474],[-97.151,48.441],[-97.123,48.418],[-97.163,48.393],[-97.133,48.382],[-97.156,48.366],[-97.112,48.296],[-97.145,48.269],[-97.121,48.225],[-97.152,48.22],[-97.118,48.21],[-97.139,48.217],[-97.148,48.171],[-97.121,48.16],[-97.147,48.142],[-97.072,48.048],[-97.055,47.948],[-96.974,47.823],[-96.992,47.808],[-96.935,47.767],[-96.851,47.599],[-96.872,47.419],[-96.837,47.39],[-96.858,47.368],[-96.829,47.328],[-96.845,47.194],[-96.822,47.184],[-96.841,47.152],[-96.813,47.039],[-96.84,47.007],[-96.792,46.928],[-96.753,46.924],[-96.803,46.812],[-96.775,46.767],[-96.798,46.629],[-96.747,46.582],[-96.722,46.44],[-96.599,46.33],[-96.593,46.175],[-96.554,46.084],[-96.581,45.823],[-96.663,45.739],[-96.839,45.648],[-96.857,45.605],[-96.693,45.417],[-96.522,45.376],[-96.453,45.301],[-96.453,43.85],[-94.859,43.848],[-94.86,44.108],[-94.738,44.109],[-94.739,44.152],[-94.746,44.297],[-94.866,44.34],[-94.866,44.498],[-94.789,44.456],[-93.933,44.457],[-93.887,44.505],[-93.902,44.588],[-93.764,44.634],[-93.768,44.674],[-93.889,44.673],[-93.889,44.717],[-94.01,44.717],[-94.012,44.979],[-94.256,44.979],[-94.261,45.356],[-94.221,45.356],[-94.22,45.407],[-94.384,45.428],[-94.385,45.5],[-94.506,45.5],[-94.506,45.586],[-94.387,45.587],[-94.387,45.612],[-94.317,45.59],[-94.264,45.674],[-94.183,45.677],[-94.353,45.822],[-93.764,45.822],[-93.769,45.983],[-93.81,45.983],[-93.81,46.157],[-94.375,46.157],[-94.394,46.229],[-94.339,46.271],[-94.351,46.295],[-94.429,46.333],[-94.541,46.304],[-94.779,46.394],[-94.787,46.804],[-94.66,46.804],[-94.664,47.035],[-94.791,46.986],[-94.791,47.064],[-94.918,47.065],[-94.917,46.978],[-96.066,46.977],[-96.068,47.499],[-95.554,47.5],[-95.602,48.539],[-95.343,48.54],[-95.343,48.713],[-95.09,48.713],[-95.091,48.921],[-95.255,48.884],[-95.32,48.929],[-95.32,48.999],[-97.229,49],[-97.239,48.968]]]},"properties":{"STATE":"27","GEOID":"2707","NAME":"Congressional District 7"}},{"type":"Feature","geometry":{"type":"Polygon","coordinates":[[[-98.586,26.258],[-98.483,26.201],[-98.444,26.224],[-98.386,26.158],[-98.335,26.165],[-98.304,26.102],[-98.266,26.121],[-98.289,26.105],[-98.249,26.072],[-98.146,26.049],[-98.132,26.074],[-98.075,26.067],[-98.066,26.158],[-98.108,26.202],[-98.129,26.129],[-98.137,26.174],[-98.147,26.116],[-98.18,26.121],[-98.163,26.217],[-98.213,26.253],[-98.159,26.245],[-98.155,26.3],[-98.013,26.296],[-98.014,26.333],[-97.862,26.348],[-97.862,26.434],[-98.004,26.449],[-97.957,26.612],[-97.985,26.616],[-97.986,27.26],[-98.058,27.261],[-98.06,27.636],[-97.942,27.636],[-97.934,27.885],[-97.789,28.014],[-97.901,28.068],[-97.904,28.114],[-97.809,28.183],[-98.09,28.663],[-97.915,28.72],[-97.779,28.668],[-97.575,28.813],[-97.755,29.007],[-97.613,29.11],[-97.859,29.353],[-97.631,29.653],[-97.763,29.713],[-97.864,29.856],[-98.092,29.683],[-98.027,29.621],[-98.024,29.567],[-98.072,29.541],[-98.043,29.487],[-98.074,29.438],[-98.137,29.44],[-98.407,29.114],[-98.098,28.787],[-98.335,28.613],[-98.334,28.058],[-98.235,28.058],[-98.232,27.262],[-98.537,27.265],[-98.493,27.235],[-98.467,27.055],[-98.418,27.055],[-98.423,26.784],[-98.321,26.783],[-98.586,26.258]]]},"properties":{"STATE":"48","GEOID":"4815","NAME":"Congressional District 15"}},{"type":"Feature","geometry":{"type":"Polygon","coordinates":[[[-95.483,29.937],[-95.411,29.874],[-95.36,29.772],[-95.309,29.909],[-95.245,29.921],[-95.23,29.824],[-95.28,29.802],[-95.254,29.73],[-95.288,29.788],[-95.344,29.737],[-95.243,29.641],[-95.305,29.621],[-95.297,29.597],[-95.191,29.592],[-95.219,29.649],[-95.164,29.681],[-95.19,29.769],[-95.149,29.772],[-95.128,29.835],[-95.185,29.843],[-95.202,29.928],[-95.285,29.966],[-95.35,29.939],[-95.465,29.965],[-95.483,29.937]]]},"properties":{"STATE":"48","GEOID":"4829","NAME":"Congressional District 29"}},{"type":"Feature","geometry":{"type":"Polygon","coordinates":[[[-98.171,30.359],[-98.011,30.24],[-97.862,30.354],[-97.786,30.294],[-97.808,30.38],[-97.914,30.385],[-97.906,30.421],[-97.843,30.427],[-97.759,30.501],[-97.721,30.456],[-97.517,30.396],[-97.477,30.324],[-97.555,30.256],[-97.486,30.221],[-97.484,30.188],[-97.424,30.188],[-97.453,30.15],[-97.38,30.183],[-97.32,30.105],[-97.346,30.076],[-97.288,30.068],[-97.291,30.104],[-97.165,30.033],[-97.194,29.897],[-97.318,29.785],[-97.143,29.628],[-96.847,29.621],[-96.833,29.577],[-96.793,29.577],[-96.561,29.335],[-96.658,29.264],[-96.64,29.248],[-96.349,29.406],[-96.308,29.515],[-96.176,29.633],[-96.025,29.603],[-96.017,29.667],[-96.06,29.676],[-96.016,29.681],[-96.007,29.717],[-96.033,29.728],[-95.826,29.789],[-95.961,30.163],[-95.839,30.083],[-95.803,30.09],[-95.863,30.864],[-95.616,30.91],[-95.681,30.987],[-95.63,31.051],[-95.662,31.084],[-95.764,31.094],[-96.046,31.069],[-96.338,30.921],[-96.462,30.742],[-96.567,30.696],[-96.621,30.731],[-97.155,30.457],[-97.334,30.403],[-97.369,30.42],[-97.4,30.368],[-97.583,30.467],[-97.614,30.437],[-97.662,30.449],[-97.709,30.521],[-97.726,30.494],[-97.735,30.522],[-97.847,30.473],[-97.868,30.546],[-97.927,30.568],[-97.917,30.605],[-98.05,30.624],[-98.123,30.486],[-98.098,30.498],[-98.098,30.468],[-98.171,30.359]]]},"properties":{"STATE":"48","GEOID":"4810","NAME":"Congressional District 10"}},{"type":"Feature","geometry":{"type":"Polygon","coordinates":[[[-95.601,30.175],[-95.596,30.134],[-95.505,30.14],[-95.474,30.048],[-95.526,30.023],[-95.498,29.988],[-95.451,30.038],[-95.212,29.999],[-95.185,29.844],[-95.128,29.836],[-95.157,29.772],[-95.124,29.757],[-95.07,29.796],[-95.01,29.772],[-95.003,29.842],[-95.062,29.889],[-94.986,29.973],[-95.031,29.993],[-95.166,30.345],[-95.226,30.319],[-95.319,30.332],[-95.303,30.23],[-95.399,30.306],[-95.458,30.279],[-95.459,30.237],[-95.554,30.224],[-95.601,30.175]]]},"properties":{"STATE":"48","GEOID":"4802","NAME":"Congressional District 2"}},{"type":"Feature","geometry":{"type":"Polygon","coordinates":[[[-96.64,29.248],[-96.309,28.963],[-96.323,28.643],[-96.395,28.28],[-96.182,28.452],[-95.496,28.765],[-95.504,28.838],[-95.574,28.833],[-95.655,28.952],[-95.769,28.971],[-95.765,29.061],[-95.842,29.099],[-95.845,29.205],[-95.874,29.23],[-95.753,29.325],[-95.655,29.291],[-95.605,29.331],[-95.458,29.341],[-95.421,29.317],[-95.423,29.352],[-95.263,29.408],[-95.253,29.382],[-95.192,29.4],[-95.233,29.466],[-95.215,29.557],[-95.254,29.554],[-95.283,29.598],[-95.384,29.587],[-95.306,29.56],[-95.331,29.552],[-95.314,29.516],[-95.371,29.525],[-95.401,29.483],[-95.446,29.5],[-95.463,29.439],[-95.551,29.438],[-95.475,29.46],[-95.463,29.508],[-95.527,29.511],[-95.562,29.563],[-95.532,29.574],[-95.583,29.581],[-95.598,29.647],[-95.571,29.649],[-95.597,29.661],[-95.651,29.627],[-95.607,29.601],[-95.639,29.575],[-95.622,29.539],[-95.668,29.568],[-95.703,29.538],[-95.747,29.546],[-95.68,29.641],[-95.775,29.701],[-95.687,29.71],[-95.73,29.735],[-95.752,29.817],[-95.793,29.817],[-95.971,29.729],[-96.033,29.728],[-96.007,29.717],[-96.016,29.681],[-96.06,29.676],[-96.017,29.667],[-96.025,29.603],[-96.176,29.633],[-96.308,29.515],[-96.349,29.406],[-96.64,29.248]]]},"properties":{"STATE":"48","GEOID":"4822","NAME":"Congressional District 22"}},{"type":"Feature","geometry":{"type":"Polygon","coordinates":[[[-100.064,29.711],[-100.017,29.678],[-100.014,29.623],[-98.984,29.623],[-98.973,29.552],[-98.927,29.562],[-98.779,29.72],[-98.55,29.761],[-98.443,29.733],[-98.45,29.658],[-98.492,29.661],[-98.493,29.609],[-98.562,29.531],[-98.548,29.502],[-98.464,29.517],[-98.492,29.468],[-98.443,29.44],[-98.409,29.465],[-98.442,29.485],[-98.417,29.545],[-98.384,29.549],[-98.397,29.51],[-98.372,29.51],[-98.354,29.544],[-98.38,29.556],[-98.33,29.594],[-98.096,29.698],[-97.973,29.853],[-97.985,29.9],[-97.912,29.906],[-97.876,29.965],[-97.884,30.046],[-97.814,30.099],[-97.929,30.187],[-97.894,30.25],[-97.811,30.244],[-97.854,30.304],[-97.91,30.307],[-98.011,30.24],[-98.173,30.356],[-98.126,30.426],[-98.411,30.502],[-99.304,30.5],[-99.302,30.287],[-99.754,30.291],[-99.758,30.074],[-99.968,30.082],[-100.035,29.844],[-100.025,29.728],[-100.064,29.711]]]},"properties":{"STATE":"48","GEOID":"4821","NAME":"Congressional District 21"}},{"type":"Feature","geometry":{"type":"Polygon","coordinates":[[[-94.506,45.586],[-94.506,45.5],[-94.385,45.5],[-94.384,45.428],[-94.22,45.407],[-94.221,45.356],[-94.261,45.356],[-94.256,44.979],[-94.012,44.979],[-94.01,44.717],[-93.889,44.717],[-93.889,44.673],[-93.768,44.674],[-93.755,44.636],[-93.618,44.707],[-93.631,44.739],[-93.599,44.783],[-93.52,44.805],[-93.521,44.892],[-93.768,44.891],[-93.762,45.081],[-93.717,45.087],[-93.683,45.151],[-93.636,45.145],[-93.659,45.194],[-93.639,45.21],[-93.529,45.222],[-93.522,45.247],[-93.42,45.217],[-93.389,45.241],[-93.358,45.212],[-93.266,45.212],[-93.267,45.125],[-93.021,45.124],[-93.02,45.412],[-93.51,45.415],[-93.511,45.559],[-93.759,45.56],[-93.764,45.822],[-94.353,45.822],[-94.183,45.677],[-94.264,45.674],[-94.317,45.59],[-94.387,45.612],[-94.387,45.587],[-94.506,45.586]]]},"properties":{"STATE":"27","GEOID":"2706","NAME":"Congressional District 6"}},{"type":"Feature","geometry":{"type":"Polygon","coordinates":[[[-106.514,32.001],[-106.496,31.912],[-106.408,31.943],[-106.371,31.927],[-106.421,31.828],[-106.34,31.866],[-106.32,31.835],[-106.2,31.816],[-106.199,31.712],[-106.145,31.68],[-106.189,31.669],[-106.198,31.609],[-106.163,31.597],[-106.338,31.671],[-106.207,31.467],[-105.954,31.365],[-105.773,31.167],[-105.604,31.084],[-105.558,30.99],[-105.4,30.89],[-105.396,30.849],[-105.257,30.794],[-105.215,30.806],[-105.062,30.686],[-105.007,30.686],[-104.972,30.61],[-104.923,30.604],[-104.867,30.494],[-104.859,30.39],[-104.706,30.235],[-104.683,29.929],[-104.566,29.771],[-104.536,29.667],[-104.381,29.543],[-104.21,29.482],[-104.167,29.395],[-104.037,29.32],[-103.784,29.265],[-103.777,29.221],[-103.759,29.233],[-103.719,29.181],[-103.554,29.158],[-103.471,29.067],[-103.387,29.022],[-103.331,29.043],[-103.287,28.978],[-103.154,28.972],[-103.114,28.987],[-103.101,29.06],[-103.034,29.101],[-102.996,29.179],[-102.951,29.174],[-102.867,29.224],[-102.906,29.26],[-102.884,29.348],[-102.812,29.401],[-102.833,29.41],[-102.808,29.523],[-102.674,29.745],[-102.63,29.734],[-102.568,29.771],[-102.548,29.745],[-102.487,29.787],[-102.387,29.761],[-102.365,29.845],[-102.316,29.88],[-102.073,29.786],[-101.976,29.816],[-101.929,29.783],[-101.853,29.808],[-101.824,29.787],[-101.818,29.812],[-101.805,29.78],[-101.645,29.754],[-101.576,29.769],[-101.544,29.812],[-101.536,29.759],[-101.461,29.79],[-101.449,29.751],[-101.401,29.77],[-101.416,29.747],[-101.361,29.65],[-101.303,29.65],[-101.306,29.578],[-101.25,29.624],[-101.255,29.52],[-101.06,29.459],[-101.01,29.368],[-100.814,29.263],[-100.773,29.168],[-100.675,29.101],[-100.641,28.914],[-100.535,28.805],[-100.5,28.662],[-100.398,28.585],[-100.388,28.515],[-100.334,28.499],[-100.368,28.479],[-100.338,28.443],[-100.348,28.398],[-100.291,28.275],[-100.212,28.197],[-99.394,28.205],[-99.389,28.03],[-98.803,28.057],[-98.805,29.251],[-98.484,29.141],[-98.472,29.251],[-98.501,29.32],[-98.646,29.323],[-98.637,29.371],[-98.575,29.355],[-98.551,29.387],[-98.649,29.397],[-98.63,29.453],[-98.664,29.443],[-98.66,29.394],[-98.732,29.379],[-98.758,29.461],[-98.713,29.485],[-98.788,29.501],[-98.747,29.537],[-98.629,29.52],[-98.667,29.554],[-98.609,29.62],[-98.549,29.544],[-98.558,29.564],[-98.493,29.609],[-98.492,29.661],[-98.45,29.658],[-98.443,29.734],[-98.551,29.761],[-98.779,29.72],[-98.927,29.562],[-98.973,29.552],[-98.984,29.623],[-100.014,29.623],[-100.017,29.678],[-100.064,29.711],[-100.025,29.728],[-100.035,29.844],[-99.968,30.082],[-99.758,30.074],[-99.754,30.291],[-100.116,30.29],[-100.115,31.088],[-101.275,31.079],[-101.267,31.651],[-102.799,31.652],[-102.802,32.087],[-103.065,32.087],[-103.065,32],[-106.514,32.001]]]},"properties":{"STATE":"48","GEOID":"4823","NAME":"Congressional District 23"}},{"type":"Feature","geometry":{"type":"Polygon","coordinates":[[[-88.098,37.904],[-88.026,37.834],[-88.086,37.829],[-88.077,37.805],[-87.951,37.772],[-87.904,37.813],[-87.941,37.885],[-87.897,37.928],[-87.83,37.876],[-87.675,37.902],[-87.674,37.83],[-87.614,37.833],[-87.584,37.878],[-87.627,37.926],[-87.587,37.975],[-87.511,37.906],[-87.386,37.938],[-87.162,37.84],[-87.111,37.782],[-87.065,37.808],[-87.034,37.906],[-86.82,37.999],[-86.733,37.895],[-86.648,37.909],[-86.662,37.853],[-86.638,37.843],[-86.598,37.867],[-86.589,37.921],[-86.507,37.93],[-86.522,38.04],[-86.431,38.075],[-86.464,38.118],[-86.332,38.13],[-86.376,38.191],[-86.313,38.178],[-86.277,38.227],[-86.281,38.285],[-86.253,38.294],[-86.287,38.329],[-86.271,38.361],[-86.247,38.349],[-86.246,38.388],[-86.255,38.423],[-86.309,38.423],[-86.309,38.688],[-86.683,38.687],[-86.686,39.336],[-86.631,39.347],[-86.632,39.47],[-87.015,39.474],[-87.009,39.867],[-87.092,39.867],[-87.091,40.039],[-87.205,40.054],[-87.205,40.186],[-87.386,40.186],[-87.424,40.164],[-87.407,40.128],[-87.531,40.148],[-87.532,39.348],[-87.621,39.307],[-87.575,39.218],[-87.659,39.136],[-87.573,39.057],[-87.578,38.989],[-87.512,38.954],[-87.553,38.862],[-87.496,38.741],[-87.531,38.684],[-87.62,38.639],[-87.612,38.589],[-87.67,38.545],[-87.647,38.508],[-87.75,38.471],[-87.745,38.409],[-87.823,38.347],[-87.841,38.28],[-87.871,38.312],[-87.91,38.268],[-87.935,38.295],[-87.96,38.237],[-87.988,38.257],[-87.98,38.203],[-87.911,38.162],[-88.015,38.101],[-87.96,38.1],[-87.967,38.067],[-88.042,38.046],[-88.008,38.031],[-88.013,37.967],[-88.034,37.926],[-88.069,37.926],[-88.015,37.891],[-88.098,37.904]]]},"properties":{"STATE":"18","GEOID":"1808","NAME":"Congressional District 8"}},{"type":"Feature","geometry":{"type":"Polygon","coordinates":[[[-86.327,39.686],[-86.326,39.632],[-86.25,39.634],[-86.252,39.342],[-86.086,39.344],[-86.08,39.153],[-85.687,39.131],[-85.685,39.35],[-85.631,39.35],[-85.629,39.453],[-85.298,39.453],[-85.299,39.525],[-84.815,39.522],[-84.807,40.18],[-84.985,40.15],[-85.007,40.178],[-85.216,40.179],[-85.214,40.077],[-85.576,40.077],[-85.576,39.946],[-85.938,39.927],[-85.952,39.726],[-86.327,39.72],[-86.327,39.686]]]},"properties":{"STATE":"18","GEOID":"1806","NAME":"Congressional District 6"}},{"type":"Feature","geometry":{"type":"Polygon","coordinates":[[[-124.175,46.794],[-124.13,46.432],[-124.16,46.261],[-124.036,46.264],[-124.025,46.299],[-123.873,46.235],[-123.741,46.269],[-123.501,46.271],[-123.448,46.25],[-123.431,46.182],[-123.371,46.146],[-123.116,46.185],[-122.884,46.06],[-122.785,45.868],[-122.775,45.68],[-122.683,45.621],[-122.267,45.544],[-121.983,45.623],[-121.867,45.693],[-121.524,45.725],[-121.538,45.77],[-121.514,45.782],[-121.609,45.783],[-121.612,46.044],[-121.522,46.044],[-121.522,46.388],[-121.387,46.41],[-121.456,46.517],[-121.387,46.621],[-121.413,46.676],[-121.353,46.712],[-121.429,46.739],[-121.455,46.784],[-121.759,46.784],[-121.842,46.728],[-122.265,46.765],[-122.328,46.844],[-122.452,46.853],[-122.528,46.925],[-122.622,46.938],[-122.691,46.916],[-122.711,46.877],[-122.853,46.864],[-122.989,46.81],[-123.049,46.829],[-123.039,46.858],[-123.152,46.841],[-123.161,46.793],[-124.175,46.794]]]},"properties":{"STATE":"53","GEOID":"5303","NAME":"Congressional District 3"}},{"type":"Feature","geometry":{"type":"Polygon","coordinates":[[[144.563,13.448],[144.593,13.392],[144.596,13.208],[144.636,13.182],[144.741,13.195],[144.818,13.28],[144.827,13.381],[144.972,13.5],[145.003,13.618],[144.838,13.703],[144.75,13.552],[144.611,13.51],[144.563,13.448]]]},"properties":{"STATE":"66","GEOID":"6698","NAME":"Delegate District (at Large)"}},{"type":"Feature","geometry":{"type":"Polygon","coordinates":[[[-86.328,39.866],[-86.327,39.72],[-85.952,39.726],[-85.938,39.927],[-86.326,39.924],[-86.328,39.866]]]},"properties":{"STATE":"18","GEOID":"1807","NAME":"Congressional District 7"}},{"type":"Feature","geometry":{"type":"Polygon","coordinates":[[[-95.775,29.701],[-95.68,29.641],[-95.747,29.546],[-95.703,29.538],[-95.668,29.568],[-95.622,29.539],[-95.639,29.575],[-95.607,29.601],[-95.651,29.627],[-95.597,29.66],[-95.623,29.675],[-95.503,29.713],[-95.493,29.678],[-95.456,29.681],[-95.371,29.749],[-95.444,29.811],[-95.454,29.781],[-95.411,29.743],[-95.558,29.737],[-95.558,29.762],[-95.604,29.744],[-95.621,29.771],[-95.691,29.707],[-95.775,29.701]]]},"properties":{"STATE":"48","GEOID":"4807","NAME":"Congressional District 7"}},{"type":"Feature","geometry":{"type":"Polygon","coordinates":[[[-122.566,46.94],[-122.498,46.909],[-122.49,46.867],[-122.328,46.844],[-122.266,46.766],[-121.842,46.728],[-121.759,46.784],[-121.455,46.784],[-121.514,46.891],[-121.456,46.924],[-121.382,47.086],[-121.281,47.089],[-121.09,46.991],[-121.027,46.911],[-120.635,46.912],[-120.634,46.826],[-120.509,46.825],[-120.51,46.738],[-119.973,46.737],[-119.926,46.811],[-120.042,47.069],[-120.001,47.128],[-120.004,47.216],[-120.091,47.24],[-120.086,47.339],[-120.287,47.393],[-120.317,47.471],[-120.199,47.682],[-120.209,47.748],[-119.995,47.781],[-119.86,47.943],[-120.067,47.966],[-120.143,48.065],[-120.349,48.144],[-120.356,48.218],[-120.51,48.311],[-120.587,48.32],[-120.563,48.371],[-120.65,48.398],[-120.669,48.45],[-120.632,48.469],[-120.652,48.537],[-120.788,48.507],[-120.845,48.551],[-121.036,48.495],[-121.066,48.394],[-121.041,48.348],[-121.072,48.318],[-121.002,48.296],[-122.304,48.298],[-122.18,48.167],[-122.107,48.207],[-122.114,48.155],[-122.059,48.086],[-122.013,48.083],[-122.013,47.996],[-122,47.963],[-121.949,47.953],[-121.932,47.872],[-122.038,47.823],[-122,47.775],[-122.113,47.776],[-122.126,47.747],[-122.089,47.716],[-122.079,47.623],[-122.101,47.545],[-122.143,47.527],[-122.122,47.474],[-122.164,47.478],[-122.124,47.437],[-122.176,47.43],[-122.179,47.33],[-122.229,47.276],[-122.187,47.253],[-122.219,47.242],[-122.195,47.192],[-122.242,47.186],[-122.231,47.086],[-122.294,47.096],[-122.398,47.053],[-122.435,47.084],[-122.539,47.004],[-122.566,46.94]]]},"properties":{"STATE":"53","GEOID":"5308","NAME":"Congressional District 8"}},{"type":"Feature","geometry":{"type":"Polygon","coordinates":[[[-124.849,48.181],[-124.785,48.087],[-124.795,47.967],[-124.54,47.716],[-124.555,47.644],[-124.461,47.625],[-124.407,47.428],[-124.419,47.384],[-124.306,47.248],[-124.244,47.059],[-124.247,46.918],[-124.181,46.794],[-123.161,46.793],[-123.158,46.996],[-123.203,46.997],[-123.202,47.085],[-123.075,47.085],[-122.938,47.19],[-122.896,47.157],[-122.821,47.194],[-122.76,47.141],[-122.675,47.251],[-122.622,47.209],[-122.565,47.247],[-122.505,47.243],[-122.505,47.185],[-122.453,47.185],[-122.452,47.223],[-122.419,47.238],[-122.32,47.207],[-122.326,47.238],[-122.294,47.243],[-122.437,47.334],[-122.539,47.34],[-122.519,47.462],[-122.445,47.543],[-122.46,47.676],[-122.427,47.745],[-122.433,47.842],[-122.502,47.93],[-122.626,47.993],[-122.657,48.125],[-122.852,48.226],[-122.863,48.37],[-123.541,48.225],[-124.012,48.297],[-124.763,48.5],[-124.746,48.446],[-124.818,48.391],[-124.761,48.296],[-124.781,48.229],[-124.849,48.181]]]},"properties":{"STATE":"53","GEOID":"5306","NAME":"Congressional District 6"}},{"type":"Feature","geometry":{"type":"Polygon","coordinates":[[[-121.613,45.885],[-121.609,45.783],[-121.514,45.782],[-121.538,45.77],[-121.524,45.725],[-121.216,45.671],[-121.168,45.606],[-121.064,45.652],[-120.896,45.643],[-120.635,45.746],[-120.483,45.694],[-120.211,45.726],[-119.966,45.824],[-119.67,45.857],[-119.572,45.925],[-119.488,45.906],[-119.126,45.933],[-118.942,46.027],[-118.968,46.131],[-119.04,46.196],[-118.779,46.293],[-118.951,46.283],[-118.988,46.329],[-118.988,46.3],[-119.116,46.285],[-119.115,46.373],[-119.269,46.37],[-119.27,46.52],[-119.458,46.674],[-119.369,46.678],[-119.369,46.738],[-119.081,46.738],[-119.133,46.762],[-119.144,46.9],[-118.983,46.911],[-118.974,47.943],[-118.846,47.963],[-118.844,48.482],[-118.87,48.482],[-118.87,48.626],[-118.87,48.654],[-118.837,48.654],[-118.837,49],[-120.852,49],[-120.886,48.975],[-120.833,48.939],[-120.757,48.944],[-120.77,48.882],[-120.731,48.854],[-120.735,48.786],[-120.656,48.725],[-120.785,48.605],[-120.689,48.576],[-120.702,48.532],[-120.651,48.536],[-120.632,48.469],[-120.669,48.45],[-120.65,48.398],[-120.563,48.371],[-120.587,48.32],[-120.51,48.311],[-120.356,48.218],[-120.349,48.144],[-120.143,48.065],[-120.067,47.966],[-119.861,47.947],[-119.995,47.781],[-120.209,47.748],[-120.199,47.682],[-120.317,47.471],[-120.287,47.393],[-120.086,47.339],[-120.091,47.24],[-120.004,47.216],[-120.001,47.128],[-120.043,47.072],[-119.966,46.943],[-119.965,46.857],[-119.927,46.798],[-119.973,46.737],[-120.51,46.738],[-120.509,46.825],[-120.634,46.826],[-120.635,46.912],[-121.027,46.911],[-121.09,46.991],[-121.219,47.066],[-121.38,47.087],[-121.456,46.924],[-121.523,46.873],[-121.443,46.793],[-121.43,46.74],[-121.353,46.712],[-121.413,46.676],[-121.387,46.621],[-121.456,46.517],[-121.387,46.41],[-121.522,46.388],[-121.522,46.044],[-121.612,46.044],[-121.613,45.885]]]},"properties":{"STATE":"53","GEOID":"5304","NAME":"Congressional District 4"}},{"type":"Feature","geometry":{"type":"Polygon","coordinates":[[[-123.203,46.997],[-123.158,46.996],[-123.161,46.837],[-123.132,46.829],[-123.039,46.858],[-123.049,46.829],[-122.989,46.81],[-122.853,46.864],[-122.713,46.876],[-122.643,46.938],[-122.564,46.927],[-122.543,46.999],[-122.435,47.084],[-122.398,47.053],[-122.294,47.096],[-122.232,47.086],[-122.242,47.186],[-122.195,47.192],[-122.219,47.242],[-122.187,47.254],[-122.295,47.257],[-122.32,47.207],[-122.418,47.238],[-122.452,47.223],[-122.453,47.185],[-122.521,47.196],[-122.505,47.243],[-122.565,47.247],[-122.622,47.209],[-122.675,47.251],[-122.76,47.141],[-122.821,47.194],[-122.896,47.157],[-122.94,47.19],[-123.075,47.085],[-123.202,47.085],[-123.203,46.997]]]},"properties":{"STATE":"53","GEOID":"5310","NAME":"Congressional District 10"}},{"type":"Feature","geometry":{"type":"Polygon","coordinates":[[[-122.542,47.349],[-122.468,47.319],[-122.351,47.378],[-122.365,47.409],[-122.327,47.408],[-122.292,47.489],[-122.318,47.532],[-122.291,47.524],[-122.33,47.603],[-122.265,47.601],[-122.23,47.668],[-122.272,47.72],[-122.271,47.777],[-122.438,47.778],[-122.445,47.543],[-122.519,47.462],[-122.542,47.349]]]},"properties":{"STATE":"53","GEOID":"5307","NAME":"Congressional District 7"}},{"type":"Feature","geometry":{"type":"Polygon","coordinates":[[[-104.049,48.933],[-104.046,45.945],[-96.563,45.937],[-96.578,46.027],[-96.554,46.084],[-96.593,46.175],[-96.599,46.33],[-96.722,46.44],[-96.747,46.582],[-96.798,46.63],[-96.775,46.767],[-96.803,46.812],[-96.753,46.924],[-96.792,46.928],[-96.84,47.007],[-96.813,47.039],[-96.841,47.152],[-96.822,47.184],[-96.845,47.194],[-96.829,47.328],[-96.858,47.368],[-96.837,47.39],[-96.872,47.419],[-96.851,47.599],[-96.935,47.767],[-96.992,47.808],[-96.974,47.823],[-97.055,47.948],[-97.072,48.048],[-97.147,48.142],[-97.121,48.16],[-97.148,48.171],[-97.139,48.217],[-97.118,48.21],[-97.152,48.22],[-97.121,48.225],[-97.145,48.269],[-97.112,48.296],[-97.156,48.366],[-97.133,48.382],[-97.163,48.393],[-97.123,48.418],[-97.151,48.441],[-97.128,48.474],[-97.163,48.478],[-97.127,48.52],[-97.175,48.562],[-97.09,48.684],[-97.182,48.799],[-97.158,48.81],[-97.19,48.815],[-97.178,48.876],[-97.234,48.947],[-97.229,49],[-104.049,49],[-104.049,48.933]]]},"properties":{"STATE":"38","GEOID":"3800","NAME":"Congressional District (at Large)"}},{"type":"Feature","geometry":{"type":"Polygon","coordinates":[[[-83.427,42.287],[-83.423,42.179],[-83.154,42.185],[-83.078,42.309],[-82.83,42.373],[-82.75,42.451],[-83.151,42.446],[-83.143,42.294],[-83.309,42.268],[-83.427,42.287]]]},"properties":{"STATE":"26","GEOID":"2613","NAME":"Congressional District 13"}},{"type":"Feature","geometry":{"type":"Polygon","coordinates":[[[-87.108,43.118],[-87.059,42.765],[-86.209,42.768],[-86.219,42.943],[-85.876,42.958],[-85.782,42.911],[-85.782,42.768],[-85.546,42.768],[-85.546,42.854],[-85.429,42.856],[-85.431,43.118],[-85.546,43.117],[-85.549,43.147],[-85.578,43.117],[-85.907,43.119],[-85.908,43.206],[-86.145,43.205],[-86.204,43.272],[-86.348,43.245],[-86.361,43.264],[-86.272,43.118],[-87.108,43.118]]]},"properties":{"STATE":"26","GEOID":"2603","NAME":"Congressional District 3"}},{"type":"Feature","geometry":{"type":"Polygon","coordinates":[[[-83.712,43.832],[-83.696,43.266],[-83.622,43.266],[-83.611,43.222],[-83.46,43.215],[-83.453,42.876],[-83.689,42.871],[-83.677,42.606],[-83.56,42.582],[-83.55,42.7],[-82.977,42.716],[-82.974,42.657],[-82.801,42.631],[-82.759,42.593],[-82.77,42.561],[-82.864,42.53],[-82.864,42.451],[-82.75,42.451],[-82.66,42.543],[-82.59,42.551],[-82.523,42.607],[-82.468,42.762],[-82.456,42.926],[-82.123,43.591],[-82.25,44.159],[-83.185,44.168],[-83.712,43.832]]]},"properties":{"STATE":"26","GEOID":"2609","NAME":"Congressional District 9"}},{"type":"Feature","geometry":{"type":"Polygon","coordinates":[[[-90.418,46.566],[-90.393,46.532],[-90.332,46.553],[-90.317,46.517],[-90.217,46.502],[-90.121,46.337],[-89.092,46.138],[-88.816,46.021],[-88.679,46.014],[-88.671,45.989],[-88.515,46.02],[-88.489,45.991],[-88.102,45.922],[-88.101,45.882],[-88.07,45.873],[-88.13,45.81],[-87.877,45.754],[-87.782,45.683],[-87.824,45.648],[-87.777,45.588],[-87.834,45.562],[-87.793,45.5],[-87.862,45.434],[-87.849,45.404],[-87.888,45.355],[-87.754,45.349],[-87.694,45.39],[-87.657,45.369],[-87.648,45.339],[-87.742,45.197],[-87.66,45.108],[-87.443,45.076],[-87.406,45.202],[-87.171,45.353],[-87.101,45.444],[-86.754,45.444],[-86.25,45.236],[-86.5,45.081],[-86.686,44.881],[-86.847,44.519],[-85.757,44.513],[-85.759,44.424],[-85.338,44.425],[-85.335,44.165],[-84.166,44.162],[-84.166,43.997],[-84.045,43.997],[-84.045,43.911],[-83.908,43.91],[-83.709,43.834],[-83.185,44.168],[-82.25,44.159],[-82.521,45.336],[-83.484,45.772],[-83.637,45.774],[-83.434,45.999],[-83.571,46.106],[-83.655,46.122],[-83.826,46.119],[-83.955,46.057],[-84.006,46.15],[-84.108,46.241],[-84.146,46.419],[-84.111,46.504],[-84.129,46.53],[-84.226,46.534],[-84.276,46.493],[-84.42,46.501],[-84.476,46.453],[-84.557,46.461],[-84.763,46.634],[-84.859,46.889],[-86.25,47.478],[-88.37,48.306],[-88.677,48.245],[-89.338,47.974],[-89.483,48.014],[-90.418,46.566]]]},"properties":{"STATE":"26","GEOID":"2601","NAME":"Congressional District 1"}},{"type":"Feature","geometry":{"type":"Polygon","coordinates":[[[-84.489,43.532],[-84.489,43.466],[-84.37,43.466],[-84.368,43.128],[-83.929,43.133],[-83.924,42.817],[-83.894,42.781],[-83.686,42.783],[-83.689,42.871],[-83.453,42.876],[-83.461,43.223],[-83.611,43.222],[-83.622,43.266],[-83.696,43.266],[-83.709,43.834],[-83.908,43.91],[-84.045,43.911],[-84.045,43.997],[-84.166,43.997],[-84.167,43.826],[-84.367,43.828],[-84.368,43.726],[-84.487,43.727],[-84.489,43.532]]]},"properties":{"STATE":"26","GEOID":"2608","NAME":"Congressional District 8"}},{"type":"Feature","geometry":{"type":"Polygon","coordinates":[[[-87.206,41.766],[-84.806,41.76],[-84.806,41.696],[-83.416,41.734],[-83.112,41.959],[-83.144,42.028],[-83.295,42.094],[-84.132,42.072],[-84.131,42.425],[-85.065,42.422],[-85.061,42.247],[-85.297,42.246],[-85.295,42.158],[-85.765,42.157],[-85.763,42.069],[-86.436,42.073],[-86.533,42.036],[-86.5,42.116],[-86.365,42.243],[-87.088,42.235],[-87.206,41.766]]]},"properties":{"STATE":"26","GEOID":"2605","NAME":"Congressional District 5"}},{"type":"Feature","geometry":{"type":"Polygon","coordinates":[[[-83.434,42.439],[-83.427,42.287],[-83.309,42.268],[-83.141,42.297],[-83.151,42.446],[-83.201,42.445],[-83.204,42.532],[-83.321,42.529],[-83.317,42.442],[-83.434,42.439]]]},"properties":{"STATE":"26","GEOID":"2612","NAME":"Congressional District 12"}},{"type":"Feature","geometry":{"type":"Polygon","coordinates":[[[-84.134,42.16],[-84.132,42.072],[-83.295,42.094],[-83.184,42.028],[-83.144,42.028],[-83.122,42.125],[-83.131,42.203],[-83.423,42.179],[-83.438,42.527],[-83.555,42.493],[-83.552,42.435],[-84.131,42.425],[-84.134,42.16]]]},"properties":{"STATE":"26","GEOID":"2606","NAME":"Congressional District 6"}},{"type":"Feature","geometry":{"type":"Polygon","coordinates":[[[-87.085,42.25],[-86.365,42.243],[-86.5,42.116],[-86.533,42.036],[-86.436,42.073],[-85.763,42.069],[-85.765,42.157],[-85.295,42.158],[-85.297,42.246],[-85.061,42.247],[-85.065,42.422],[-85.543,42.421],[-85.546,42.768],[-85.782,42.768],[-85.782,42.911],[-85.876,42.958],[-86.219,42.943],[-86.209,42.768],[-87.059,42.765],[-87.02,42.494],[-87.085,42.25]]]},"properties":{"STATE":"26","GEOID":"2604","NAME":"Congressional District 4"}},{"type":"Feature","geometry":{"type":"Polygon","coordinates":[[[-87.147,43.38],[-87.108,43.118],[-86.272,43.118],[-86.361,43.264],[-86.348,43.245],[-86.219,43.272],[-86.144,43.234],[-86.145,43.205],[-85.908,43.206],[-85.907,43.119],[-85.578,43.117],[-85.549,43.147],[-85.546,43.117],[-85.431,43.118],[-85.429,42.856],[-85.546,42.854],[-85.543,42.421],[-85.072,42.421],[-85.074,42.509],[-85.015,42.509],[-85.014,42.582],[-84.956,42.597],[-84.956,42.77],[-84.837,42.77],[-84.837,43.119],[-84.368,43.118],[-84.37,43.466],[-84.489,43.466],[-84.487,43.727],[-84.368,43.726],[-84.367,43.828],[-84.167,43.826],[-84.166,44.162],[-85.335,44.165],[-85.338,44.425],[-85.759,44.424],[-85.757,44.513],[-86.847,44.519],[-87.049,44],[-87.125,43.67],[-87.147,43.38]]]},"properties":{"STATE":"26","GEOID":"2602","NAME":"Congressional District 2"}},{"type":"Feature","geometry":{"type":"Polygon","coordinates":[[[-83.214,42.71],[-83.209,42.621],[-83.091,42.624],[-83.083,42.447],[-82.864,42.451],[-82.855,42.541],[-82.758,42.575],[-82.801,42.631],[-82.974,42.657],[-82.977,42.716],[-83.214,42.71]]]},"properties":{"STATE":"26","GEOID":"2610","NAME":"Congressional District 10"}},{"type":"Feature","geometry":{"type":"Polygon","coordinates":[[[-85.074,42.509],[-85.072,42.421],[-83.552,42.435],[-83.56,42.582],[-83.677,42.606],[-83.686,42.783],[-83.894,42.781],[-83.924,42.817],[-83.929,43.133],[-84.837,43.119],[-84.837,42.77],[-84.956,42.77],[-84.956,42.597],[-85.014,42.582],[-85.015,42.509],[-85.074,42.509]]]},"properties":{"STATE":"26","GEOID":"2607","NAME":"Congressional District 7"}},{"type":"Feature","geometry":{"type":"Polygon","coordinates":[[[-83.566,42.691],[-83.555,42.493],[-83.438,42.527],[-83.434,42.439],[-83.317,42.442],[-83.321,42.529],[-83.204,42.532],[-83.201,42.445],[-83.083,42.447],[-83.091,42.624],[-83.209,42.621],[-83.214,42.71],[-83.566,42.691]]]},"properties":{"STATE":"26","GEOID":"2611","NAME":"Congressional District 11"}},{"type":"Feature","geometry":{"type":"Polygon","coordinates":[[[-97.929,30.186],[-97.814,30.099],[-97.729,30.281],[-97.671,30.309],[-97.668,30.371],[-97.621,30.419],[-97.761,30.478],[-97.757,30.502],[-97.843,30.427],[-97.906,30.421],[-97.914,30.381],[-97.83,30.392],[-97.776,30.314],[-97.788,30.294],[-97.857,30.355],[-97.9,30.34],[-97.901,30.289],[-97.854,30.305],[-97.811,30.243],[-97.894,30.25],[-97.929,30.186]]]},"properties":{"STATE":"48","GEOID":"4837","NAME":"Congressional District 37"}},{"type":"Feature","geometry":{"type":"Polygon","coordinates":[[[-97.497,32.134],[-97.47,32.092],[-97.486,32.018],[-97.426,32.029],[-97.377,31.98],[-97.439,31.93],[-97.359,31.89],[-97.383,31.871],[-97.28,31.841],[-97.327,31.788],[-97.277,31.745],[-97.037,31.863],[-96.932,31.709],[-96.719,31.815],[-96.374,31.766],[-96.281,31.641],[-96.107,31.653],[-96.014,31.619],[-95.955,31.671],[-95.79,31.649],[-95.768,31.597],[-95.736,31.654],[-95.71,31.615],[-95.716,31.554],[-95.759,31.534],[-95.739,31.504],[-95.493,31.565],[-95.172,31.585],[-95.1,31.519],[-95.101,31.468],[-95.003,31.426],[-94.866,31.527],[-94.892,31.578],[-94.924,31.579],[-94.965,31.694],[-94.967,31.754],[-94.926,31.76],[-94.978,31.793],[-94.935,31.835],[-94.985,31.846],[-94.985,32.138],[-95.46,32.136],[-95.429,32.084],[-96.053,32.006],[-96.066,32.086],[-96.118,32.095],[-96.104,32.152],[-96.176,32.168],[-96.147,32.212],[-96.191,32.203],[-96.235,32.251],[-96.285,32.255],[-96.299,32.301],[-96.452,32.345],[-96.434,32.411],[-96.498,32.453],[-96.512,32.536],[-97.055,32.551],[-97.08,32.716],[-96.993,32.732],[-96.995,32.778],[-96.919,32.786],[-96.963,32.815],[-96.93,32.837],[-96.904,32.805],[-96.878,32.858],[-96.898,32.908],[-96.959,32.896],[-97.004,32.817],[-97.034,32.816],[-97.035,32.76],[-97.123,32.721],[-97.075,32.641],[-97.189,32.578],[-97.177,32.551],[-97.233,32.551],[-97.261,32.516],[-97.24,32.473],[-97.3,32.453],[-97.27,32.227],[-97.476,32.182],[-97.457,32.164],[-97.497,32.134]]]},"properties":{"STATE":"48","GEOID":"4806","NAME":"Congressional District 6"}},{"type":"Feature","geometry":{"type":"Polygon","coordinates":[[[-102.799,32.086],[-102.799,31.652],[-101.267,31.651],[-101.275,31.079],[-100.115,31.088],[-100.116,30.29],[-99.302,30.287],[-99.304,30.5],[-98.351,30.486],[-98.352,30.558],[-98.405,30.566],[-98.442,30.666],[-98.403,30.677],[-98.414,30.704],[-98.371,30.742],[-98.43,30.757],[-98.432,30.79],[-98.377,30.834],[-98.422,30.835],[-98.457,30.879],[-98.415,30.94],[-98.453,30.964],[-98.44,31.03],[-97.912,31.035],[-97.828,30.904],[-97.73,30.888],[-97.704,30.978],[-97.646,30.996],[-97.631,31.042],[-97.685,31.077],[-97.654,31.124],[-97.698,31.141],[-97.907,31.069],[-98.18,31.464],[-98.271,31.416],[-98.493,31.724],[-98.668,31.701],[-98.924,32.078],[-102.799,32.086]]]},"properties":{"STATE":"48","GEOID":"4811","NAME":"Congressional District 11"}},{"type":"Feature","geometry":{"type":"Polygon","coordinates":[[[-96.675,32.8],[-96.559,32.735],[-96.585,32.712],[-96.557,32.687],[-96.622,32.618],[-96.503,32.527],[-96.498,32.453],[-96.434,32.411],[-96.452,32.345],[-96.299,32.301],[-96.285,32.255],[-96.235,32.251],[-96.191,32.203],[-96.147,32.212],[-96.176,32.168],[-96.104,32.152],[-96.118,32.095],[-96.066,32.086],[-96.053,32.006],[-95.429,32.084],[-95.479,32.147],[-95.462,32.202],[-95.489,32.232],[-95.447,32.296],[-95.449,32.359],[-95.594,32.48],[-95.595,32.687],[-95.475,32.606],[-95.346,32.609],[-95.205,32.572],[-95.183,32.541],[-95.153,32.57],[-95.153,32.661],[-95.026,32.739],[-95.035,32.862],[-94.906,32.863],[-94.908,32.774],[-94.766,32.651],[-94.702,32.652],[-94.702,32.821],[-94.672,32.835],[-94.72,32.905],[-95.152,32.903],[-95.152,33.013],[-95.173,32.962],[-95.665,32.96],[-95.635,32.721],[-95.659,32.711],[-95.765,32.772],[-95.851,32.771],[-95.934,32.837],[-96.519,32.814],[-96.517,32.983],[-96.641,32.985],[-96.668,32.868],[-96.635,32.844],[-96.675,32.8]]]},"properties":{"STATE":"48","GEOID":"4805","NAME":"Congressional District 5"}},{"type":"Feature","geometry":{"type":"Polygon","coordinates":[[[-100.212,28.197],[-100.084,28.145],[-99.991,27.995],[-99.932,27.981],[-99.877,27.798],[-99.813,27.774],[-99.712,27.658],[-99.596,27.64],[-99.585,27.604],[-99.555,27.614],[-99.512,27.568],[-99.528,27.499],[-99.479,27.479],[-99.505,27.339],[-99.538,27.317],[-99.442,27.25],[-99.446,27.023],[-99.269,26.843],[-99.209,26.725],[-99.171,26.542],[-99.092,26.477],[-99.111,26.426],[-99.082,26.397],[-98.962,26.398],[-98.947,26.37],[-98.926,26.394],[-98.897,26.353],[-98.807,26.369],[-98.668,26.236],[-98.586,26.258],[-98.321,26.783],[-98.423,26.784],[-98.418,27.055],[-98.467,27.055],[-98.493,27.235],[-98.537,27.265],[-98.232,27.262],[-98.235,28.058],[-98.334,28.058],[-98.335,28.613],[-98.098,28.787],[-98.407,29.114],[-98.137,29.44],[-98.08,29.434],[-98.045,29.483],[-98.072,29.541],[-98.024,29.567],[-98.027,29.621],[-98.064,29.676],[-98.311,29.594],[-98.348,29.555],[-98.346,29.517],[-98.246,29.524],[-98.224,29.488],[-98.389,29.423],[-98.487,29.429],[-98.484,29.141],[-98.805,29.251],[-98.803,28.057],[-99.389,28.03],[-99.394,28.205],[-100.212,28.197]]]},"properties":{"STATE":"48","GEOID":"4828","NAME":"Congressional District 28"}},{"type":"Feature","geometry":{"type":"Polygon","coordinates":[[[-92.808,44.752],[-92.549,44.568],[-92.336,44.554],[-92.231,44.444],[-91.967,44.364],[-91.919,44.323],[-91.875,44.201],[-91.592,44.031],[-91.439,44.001],[-91.367,43.937],[-91.244,43.775],[-91.273,43.667],[-91.217,43.512],[-91.215,43.366],[-91.058,43.255],[-91.178,43.129],[-91.145,42.906],[-91.101,42.883],[-91.054,42.738],[-90.949,42.686],[-90.709,42.636],[-90.643,42.508],[-90.426,42.507],[-90.43,43.201],[-90.298,43.208],[-90.194,43.164],[-90.192,43.467],[-90.148,43.46],[-90.11,43.504],[-90.073,43.482],[-90.072,43.642],[-89.6,43.643],[-89.598,44.246],[-89.225,44.243],[-89.224,44.681],[-89.964,44.685],[-89.964,44.424],[-90.08,44.424],[-90.081,44.249],[-89.903,44.249],[-89.927,44.194],[-89.903,44.179],[-89.929,44.15],[-89.97,44.167],[-89.976,44.124],[-90.026,44.092],[-89.952,43.924],[-90.113,43.923],[-90.152,43.886],[-90.192,43.9],[-90.192,43.981],[-90.44,43.987],[-90.505,44.026],[-90.525,44.004],[-90.505,43.994],[-90.553,43.986],[-90.559,44.422],[-90.822,44.406],[-90.843,44.473],[-90.842,44.433],[-91.044,44.423],[-91.044,44.597],[-90.922,44.596],[-90.923,44.944],[-91.106,44.944],[-91.105,44.857],[-91.141,44.857],[-91.227,44.857],[-91.228,44.949],[-91.304,44.967],[-91.337,44.937],[-91.358,44.966],[-91.529,44.944],[-91.529,45.031],[-91.651,45.03],[-91.666,45.208],[-92.156,45.21],[-92.136,44.858],[-92.77,44.862],[-92.808,44.752]]]},"properties":{"STATE":"55","GEOID":"5503","NAME":"Congressional District 3"}},{"type":"Feature","geometry":{"type":"Polygon","coordinates":[[[-89.131,42.752],[-89.122,42.716],[-89.062,42.719],[-89.08,42.628],[-89.026,42.606],[-88.995,42.634],[-88.975,42.547],[-88.948,42.538],[-89.003,42.539],[-89.011,42.569],[-89.056,42.526],[-89.071,42.555],[-89.067,42.496],[-87.02,42.494],[-87.098,43.042],[-87.878,43.042],[-87.853,42.986],[-87.894,42.973],[-87.889,42.923],[-88.069,42.952],[-88.07,42.843],[-88.306,42.842],[-88.31,42.756],[-88.426,42.756],[-88.424,42.843],[-89.014,42.848],[-89.014,42.76],[-89.131,42.752]]]},"properties":{"STATE":"55","GEOID":"5501","NAME":"Congressional District 1"}},{"type":"Feature","geometry":{"type":"Polygon","coordinates":[[[-89.225,44.244],[-88.766,44.243],[-88.765,44.169],[-88.725,44.188],[-88.665,44.155],[-88.565,44.2],[-88.565,44.244],[-88.404,44.244],[-88.404,44.001],[-88.042,43.979],[-88.043,44.241],[-87.888,44.24],[-87.888,44.328],[-86.923,44.329],[-86.686,44.881],[-86.5,45.081],[-86.25,45.236],[-86.754,45.444],[-87.101,45.444],[-87.171,45.353],[-87.406,45.202],[-87.443,45.076],[-87.66,45.108],[-87.742,45.197],[-87.648,45.339],[-87.657,45.369],[-87.694,45.39],[-87.754,45.349],[-87.888,45.355],[-87.849,45.404],[-87.862,45.434],[-87.793,45.5],[-87.834,45.562],[-87.792,45.563],[-87.775,45.602],[-87.824,45.648],[-87.781,45.674],[-87.807,45.708],[-87.877,45.754],[-87.963,45.758],[-87.993,45.796],[-88.058,45.781],[-88.059,45.713],[-88.425,45.722],[-88.428,45.377],[-88.678,45.379],[-88.68,45.205],[-88.638,45.205],[-88.641,45.117],[-88.982,45.118],[-88.982,45.029],[-89.224,45.029],[-89.225,44.244]]]},"properties":{"STATE":"55","GEOID":"5508","NAME":"Congressional District 8"}},{"type":"Feature","geometry":{"type":"Polygon","coordinates":[[[-89.014,42.849],[-88.424,42.843],[-88.426,42.756],[-88.31,42.756],[-88.306,42.842],[-88.07,42.843],[-88.069,42.952],[-87.949,42.93],[-87.953,42.981],[-88.038,42.974],[-88.017,43.011],[-88.067,43.031],[-88.041,43.542],[-88.521,43.544],[-88.49,43.537],[-88.49,43.5],[-88.445,43.526],[-88.45,43.457],[-88.765,43.459],[-88.765,43.502],[-88.805,43.503],[-88.805,43.459],[-88.856,43.429],[-88.868,43.492],[-88.889,43.459],[-89.006,43.459],[-89.014,42.849]]]},"properties":{"STATE":"55","GEOID":"5505","NAME":"Congressional District 5"}},{"type":"Feature","geometry":{"type":"Polygon","coordinates":[[[-89.786,43.641],[-89.718,43.598],[-89.731,43.57],[-89.599,43.558],[-89.601,43.381],[-89.679,43.36],[-89.72,43.293],[-89.009,43.285],[-89.006,43.459],[-88.889,43.459],[-88.868,43.492],[-88.856,43.429],[-88.805,43.459],[-88.805,43.503],[-88.765,43.502],[-88.765,43.459],[-88.45,43.457],[-88.445,43.526],[-88.49,43.5],[-88.49,43.537],[-88.521,43.544],[-88.041,43.542],[-88.063,43.192],[-87.119,43.191],[-87.147,43.38],[-87.125,43.67],[-87.013,44.132],[-86.923,44.329],[-87.888,44.328],[-87.888,44.24],[-88.043,44.241],[-88.042,43.979],[-88.404,44.001],[-88.404,44.244],[-88.565,44.244],[-88.565,44.2],[-88.665,44.155],[-88.725,44.188],[-88.765,44.169],[-88.766,44.243],[-89.598,44.246],[-89.6,43.643],[-89.786,43.641]]]},"properties":{"STATE":"55","GEOID":"5506","NAME":"Congressional District 6"}},{"type":"Feature","geometry":{"type":"Polygon","coordinates":[[[-88.067,43.031],[-88.017,43.011],[-88.038,42.974],[-87.953,42.981],[-87.965,42.938],[-87.931,42.921],[-87.889,42.923],[-87.894,42.973],[-87.853,42.986],[-87.878,43.042],[-87.098,43.042],[-87.119,43.191],[-88.063,43.192],[-88.067,43.031]]]},"properties":{"STATE":"55","GEOID":"5504","NAME":"Congressional District 4"}},{"type":"Feature","geometry":{"type":"Polygon","coordinates":[[[-90.43,43.13],[-90.426,42.507],[-89.067,42.496],[-89.071,42.555],[-89.056,42.526],[-89.011,42.569],[-89.003,42.539],[-88.948,42.538],[-88.975,42.547],[-88.995,42.634],[-89.026,42.606],[-89.08,42.628],[-89.062,42.719],[-89.131,42.725],[-89.131,42.76],[-89.014,42.76],[-89.009,43.285],[-89.72,43.293],[-89.679,43.36],[-89.601,43.381],[-89.599,43.558],[-89.731,43.57],[-89.718,43.598],[-89.786,43.641],[-90.072,43.642],[-90.073,43.482],[-90.11,43.504],[-90.148,43.46],[-90.192,43.467],[-90.194,43.164],[-90.298,43.208],[-90.43,43.201],[-90.43,43.13]]]},"properties":{"STATE":"55","GEOID":"5502","NAME":"Congressional District 2"}},{"type":"Feature","geometry":{"type":"Polygon","coordinates":[[[-92.889,45.641],[-92.884,45.575],[-92.77,45.567],[-92.647,45.442],[-92.65,45.399],[-92.762,45.288],[-92.74,45.116],[-92.803,45.063],[-92.762,45.024],[-92.77,44.862],[-92.136,44.858],[-92.156,45.21],[-91.666,45.208],[-91.651,45.03],[-91.529,45.031],[-91.529,44.944],[-91.358,44.966],[-91.337,44.937],[-91.313,44.968],[-91.228,44.949],[-91.227,44.857],[-91.105,44.857],[-91.106,44.944],[-90.923,44.944],[-90.922,44.596],[-91.044,44.597],[-91.044,44.423],[-90.842,44.433],[-90.843,44.473],[-90.822,44.406],[-90.559,44.422],[-90.553,43.986],[-90.505,43.994],[-90.525,44.004],[-90.505,44.026],[-90.44,43.987],[-90.192,43.981],[-90.192,43.9],[-90.152,43.886],[-90.113,43.923],[-89.981,43.906],[-89.951,43.927],[-90.026,44.092],[-89.976,44.124],[-89.97,44.167],[-89.929,44.15],[-89.903,44.179],[-89.927,44.194],[-89.903,44.249],[-90.081,44.249],[-90.08,44.424],[-89.964,44.424],[-89.964,44.685],[-89.224,44.681],[-89.224,45.029],[-88.982,45.029],[-88.982,45.118],[-88.641,45.117],[-88.638,45.205],[-88.68,45.205],[-88.678,45.379],[-88.428,45.377],[-88.425,45.722],[-88.059,45.713],[-88.058,45.781],[-88.136,45.819],[-88.07,45.873],[-88.101,45.882],[-88.095,45.916],[-88.19,45.952],[-88.327,45.955],[-88.515,46.02],[-88.671,45.989],[-88.679,46.014],[-88.816,46.021],[-89.092,46.138],[-90.121,46.337],[-90.217,46.502],[-90.317,46.517],[-90.332,46.553],[-90.393,46.532],[-90.418,46.566],[-89.957,47.291],[-90.655,47.31],[-92.02,46.704],[-92.117,46.749],[-92.205,46.704],[-92.176,46.686],[-92.207,46.652],[-92.291,46.668],[-92.294,46.074],[-92.352,46.016],[-92.429,46.024],[-92.47,45.974],[-92.527,45.983],[-92.713,45.892],[-92.785,45.764],[-92.869,45.718],[-92.889,45.641]]]},"properties":{"STATE":"55","GEOID":"5507","NAME":"Congressional District 7"}},{"type":"Feature","geometry":{"type":"Polygon","coordinates":[[[-107.443,40.335],[-107.439,40.223],[-107.038,40.225],[-107.034,39.919],[-107.114,39.919],[-107.114,39.625],[-106.972,39.655],[-106.973,39.586],[-106.92,39.581],[-106.94,39.635],[-106.885,39.617],[-106.891,39.639],[-106.844,39.655],[-106.804,39.61],[-106.784,39.639],[-106.823,39.652],[-106.75,39.655],[-106.695,39.619],[-106.743,39.601],[-106.668,39.595],[-106.668,39.573],[-106.761,39.596],[-106.747,39.49],[-106.696,39.452],[-106.646,39.464],[-106.561,39.43],[-106.509,39.362],[-106.4,39.381],[-106.284,39.349],[-106.136,39.38],[-106.032,39.359],[-105.952,39.414],[-105.966,39.439],[-105.854,39.505],[-105.86,39.532],[-105.823,39.53],[-105.83,39.565],[-105.399,39.566],[-105.398,39.841],[-105.276,39.843],[-105.304,39.884],[-105.24,39.866],[-105.239,39.914],[-105.147,39.914],[-105.128,39.954],[-105.109,39.926],[-105.053,39.958],[-105.053,40],[-104.99,40.008],[-104.981,40.08],[-105.042,40.09],[-105.028,40.127],[-104.989,40.117],[-104.999,40.157],[-105.037,40.16],[-104.998,40.197],[-105.046,40.204],[-105.027,40.233],[-105.055,40.233],[-105.055,40.262],[-105.102,40.261],[-105.103,40.326],[-105.136,40.349],[-105.097,40.348],[-105.097,40.378],[-105.16,40.397],[-105.133,40.451],[-104.949,40.492],[-104.936,40.588],[-104.996,40.581],[-105.001,40.654],[-105.07,40.662],[-105.076,40.798],[-105.039,40.798],[-105.038,40.765],[-104.989,40.776],[-104.943,40.998],[-107.318,41.003],[-107.314,40.6],[-107.371,40.6],[-107.371,40.542],[-107.429,40.542],[-107.443,40.335]]]},"properties":{"STATE":"08","GEOID":"0802","NAME":"Congressional District 2"}},{"type":"Feature","geometry":{"type":"Polygon","coordinates":[[[-106.599,39.036],[-106.596,38.991],[-106.554,38.999],[-106.465,38.91],[-106.326,38.911],[-106.349,38.855],[-106.416,38.824],[-106.417,38.728],[-106.452,38.699],[-106.364,38.614],[-106.344,38.505],[-106.247,38.423],[-106.077,38.424],[-106.059,38.457],[-106.019,38.454],[-105.673,38.159],[-105.584,37.968],[-105.473,37.896],[-105.414,37.891],[-105.317,37.939],[-105.283,37.9],[-105.169,38.019],[-105.126,37.951],[-105.078,37.953],[-105.05,37.915],[-105.049,38.258],[-104.94,38.258],[-104.94,38.797],[-105.072,38.799],[-105.066,38.869],[-105.029,38.869],[-105.009,38.929],[-105.033,39.13],[-105.329,39.129],[-105.217,39.261],[-105.171,39.408],[-105.123,39.434],[-105.135,39.471],[-105.078,39.512],[-105.073,39.545],[-105.111,39.536],[-105.157,39.598],[-105.054,39.61],[-105.11,39.627],[-105.054,39.651],[-105.081,39.669],[-105.053,39.668],[-105.053,39.914],[-104.997,39.943],[-105.016,39.981],[-104.988,39.968],[-104.961,40.044],[-104.99,40.008],[-105.053,40],[-105.053,39.958],[-105.109,39.926],[-105.128,39.954],[-105.147,39.914],[-105.239,39.914],[-105.24,39.866],[-105.304,39.884],[-105.276,39.843],[-105.398,39.841],[-105.399,39.566],[-105.83,39.565],[-105.823,39.53],[-105.86,39.532],[-105.854,39.505],[-106.035,39.358],[-106.226,39.38],[-106.284,39.349],[-106.404,39.38],[-106.432,39.316],[-106.503,39.298],[-106.494,39.198],[-106.511,39.164],[-106.561,39.156],[-106.599,39.036]]]},"properties":{"STATE":"08","GEOID":"0807","NAME":"Congressional District 7"}},{"type":"Feature","geometry":{"type":"Polygon","coordinates":[[[-121.863,38.068],[-121.777,38.019],[-121.7,38.045],[-121.673,38.094],[-121.567,38.097],[-121.584,38.12],[-121.472,38.26],[-121.345,38.228],[-121.029,38.299],[-121.041,38.541],[-121.174,38.493],[-121.386,38.543],[-121.383,38.567],[-121.485,38.602],[-121.583,38.602],[-121.583,38.447],[-121.533,38.43],[-121.523,38.362],[-121.631,38.292],[-121.609,38.288],[-121.668,38.231],[-121.656,38.183],[-121.711,38.086],[-121.863,38.068]]]},"properties":{"STATE":"06","GEOID":"0607","NAME":"Congressional District 7"}},{"type":"Feature","geometry":{"type":"Polygon","coordinates":[[[-75.568,40.399],[-75.461,40.336],[-75.475,40.315],[-75.443,40.331],[-75.206,40.194],[-75.143,40.17],[-75.107,40.192],[-74.965,40.119],[-74.974,40.049],[-74.722,40.15],[-74.94,40.338],[-74.967,40.398],[-75.059,40.418],[-75.069,40.542],[-75.185,40.568],[-75.197,40.609],[-75.484,40.419],[-75.53,40.447],[-75.568,40.399]]]},"properties":{"STATE":"42","GEOID":"4201","NAME":"Congressional District 1"}},{"type":"Feature","geometry":{"type":"Polygon","coordinates":[[[-115.846,35.986],[-114.633,35.002],[-114.603,35.069],[-114.647,35.102],[-114.578,35.129],[-114.569,35.172],[-114.6,35.341],[-114.679,35.498],[-114.659,35.588],[-115.207,35.59],[-115.216,35.897],[-115.155,35.993],[-115.101,36.021],[-115.118,36.05],[-115.078,36.086],[-115.181,36.077],[-115.177,36.137],[-115.243,36.144],[-115.247,36.226],[-115.279,36.226],[-115.279,36.263],[-115.331,36.263],[-115.333,36.321],[-115.424,36.293],[-115.423,36.189],[-115.388,36.145],[-115.426,36.129],[-115.508,36.163],[-115.574,36.109],[-115.579,36.167],[-115.656,36.165],[-115.846,36.122],[-115.846,35.986]]]},"properties":{"STATE":"32","GEOID":"3203","NAME":"Congressional District 3"}},{"type":"Feature","geometry":{"type":"Polygon","coordinates":[[[-115.216,35.897],[-115.207,35.59],[-114.659,35.588],[-114.712,35.806],[-114.706,35.851],[-114.662,35.871],[-114.708,35.91],[-114.744,35.985],[-114.722,36.029],[-114.771,36.082],[-114.875,36.132],[-114.913,36.088],[-114.975,36.09],[-114.99,36.202],[-115.025,36.218],[-115.134,36.188],[-115.18,36.133],[-115.181,36.077],[-115.078,36.084],[-115.216,35.897]]]},"properties":{"STATE":"32","GEOID":"3201","NAME":"Congressional District 1"}},{"type":"Feature","geometry":{"type":"Polygon","coordinates":[[[-119.348,38.801],[-119.264,38.634],[-119.288,38.57],[-119.33,38.588],[-119.33,38.535],[-117.5,37.22],[-115.846,35.964],[-115.846,36.122],[-115.604,36.168],[-115.574,36.162],[-115.574,36.109],[-115.508,36.163],[-115.413,36.134],[-115.388,36.154],[-115.423,36.189],[-115.424,36.293],[-115.347,36.324],[-115.331,36.263],[-115.279,36.263],[-115.279,36.226],[-115.247,36.226],[-115.243,36.144],[-115.179,36.136],[-115.134,36.188],[-115.025,36.218],[-114.99,36.202],[-114.975,36.09],[-114.938,36.102],[-114.939,36.078],[-114.879,36.133],[-114.741,36.065],[-114.749,36.095],[-114.63,36.142],[-114.445,36.125],[-114.406,36.147],[-114.326,36.104],[-114.312,36.058],[-114.214,36.015],[-114.147,36.026],[-114.121,36.111],[-114.044,36.193],[-114.05,38.677],[-114.63,38.677],[-114.648,38.586],[-114.759,38.588],[-114.836,38.677],[-115.001,38.677],[-115.907,39.162],[-117.332,39.163],[-117.865,39.074],[-118.478,39.074],[-118.478,39.113],[-118.57,39.142],[-118.793,39.142],[-118.792,39.171],[-118.848,39.171],[-118.891,39.227],[-118.967,39.226],[-119.04,39.268],[-119.05,39.165],[-119.107,39.165],[-119.088,39.153],[-119.117,39.128],[-119.015,39.122],[-118.996,39.084],[-118.923,39.069],[-119.015,38.944],[-119,38.852],[-119.348,38.801]]]},"properties":{"STATE":"32","GEOID":"3204","NAME":"Congressional District 4"}},{"type":"Feature","geometry":{"type":"Polygon","coordinates":[[[-120.006,39.278],[-120.001,39],[-119.33,38.536],[-119.33,38.588],[-119.288,38.57],[-119.264,38.634],[-119.348,38.802],[-119,38.852],[-119.015,38.944],[-118.923,39.069],[-118.996,39.084],[-119.015,39.122],[-119.117,39.128],[-119.088,39.153],[-119.107,39.165],[-119.05,39.165],[-119.04,39.268],[-118.967,39.226],[-118.891,39.227],[-118.848,39.171],[-118.792,39.171],[-118.793,39.142],[-118.57,39.142],[-118.478,39.113],[-118.478,39.074],[-117.865,39.074],[-117.332,39.163],[-115.907,39.162],[-115.001,38.677],[-114.836,38.677],[-114.759,38.588],[-114.648,38.586],[-114.63,38.677],[-114.05,38.677],[-114.041,41.994],[-119.999,41.995],[-120.006,39.278]]]},"properties":{"STATE":"32","GEOID":"3202","NAME":"Congressional District 2"}},{"type":"Feature","geometry":{"type":"MultiPolygon","coordinates":[[[[145.468,14.853],[145.483,14.799],[145.562,14.774],[145.695,14.873],[145.748,14.971],[145.75,15.067],[145.876,15.135],[145.909,15.274],[145.876,15.334],[145.803,15.358],[145.752,15.327],[145.648,15.139],[145.535,15.089],[145.513,15],[145.563,14.934],[145.489,14.899],[145.468,14.853]]],[[[146.002,16.029],[146.044,15.948],[146.133,15.981],[146.154,16.023],[146.138,16.075],[146.094,16.097],[146.051,16.093],[146.002,16.029]]],[[[145.764,17.344],[145.774,17.273],[145.847,17.225],[145.912,17.271],[145.937,17.34],[145.851,17.401],[145.764,17.344]]],[[[145.747,17.599],[145.777,17.536],[145.868,17.518],[145.918,17.567],[145.918,17.655],[145.857,17.691],[145.8,17.684],[145.747,17.599]]],[[[145.701,16.724],[145.712,16.666],[145.763,16.632],[145.842,16.648],[145.868,16.691],[145.868,16.742],[145.792,16.792],[145.701,16.724]]],[[[145.644,18.058],[145.695,17.99],[145.778,18.003],[145.875,18.087],[145.88,18.186],[145.84,18.234],[145.76,18.241],[145.691,18.189],[145.644,18.058]]],[[[145.563,18.779],[145.609,18.682],[145.661,18.659],[145.737,18.688],[145.77,18.75],[145.75,18.827],[145.676,18.881],[145.608,18.866],[145.563,18.779]]],[[[145.559,16.374],[145.575,16.306],[145.65,16.274],[145.733,16.293],[145.783,16.36],[145.75,16.438],[145.676,16.452],[145.625,16.442],[145.559,16.374]]],[[[145.306,19.698],[145.33,19.615],[145.4,19.588],[145.455,19.605],[145.496,19.68],[145.473,19.727],[145.397,19.765],[145.306,19.698]]],[[[145.132,20.04],[145.143,19.986],[145.212,19.947],[145.282,19.969],[145.315,20.033],[145.234,20.103],[145.161,20.086],[145.132,20.04]]],[[[145.059,14.125],[145.078,14.06],[145.178,14.037],[145.34,14.108],[145.374,14.201],[145.352,14.244],[145.236,14.267],[145.114,14.217],[145.059,14.125]]],[[[144.815,20.563],[144.827,20.492],[144.862,20.467],[144.926,20.47],[144.979,20.526],[144.971,20.581],[144.923,20.614],[144.846,20.605],[144.815,20.563]]]]},"properties":{"STATE":"69","GEOID":"6998","NAME":"Delegate District (at Large)"}},{"type":"Feature","geometry":{"type":"Polygon","coordinates":[[[-96.945,33.853],[-96.944,33.416],[-96.834,33.405],[-96.839,33.219],[-96.904,33.203],[-96.88,33.204],[-96.882,33.163],[-96.923,33.133],[-96.84,33.153],[-96.844,32.987],[-96.756,32.986],[-96.654,33.051],[-96.709,33.089],[-96.737,33.08],[-96.734,33.027],[-96.829,33.028],[-96.825,33.066],[-96.77,33.052],[-96.771,33.101],[-96.734,33.101],[-96.733,33.125],[-96.805,33.097],[-96.803,33.153],[-96.733,33.152],[-96.733,33.219],[-96.812,33.219],[-96.792,33.294],[-96.67,33.294],[-96.727,33.403],[-96.385,33.398],[-96.384,33.341],[-95.859,33.41],[-95.863,32.98],[-95.945,32.98],[-95.968,32.914],[-96.115,32.937],[-96.128,32.909],[-96.296,32.898],[-96.297,32.982],[-96.517,32.983],[-96.519,32.814],[-95.934,32.837],[-95.851,32.771],[-95.77,32.773],[-95.635,32.72],[-95.665,32.96],[-95.309,32.963],[-95.311,33.663],[-95.265,33.673],[-95.115,33.613],[-95.046,33.628],[-94.468,33.472],[-94.382,33.479],[-94.409,33.474],[-94.416,33.404],[-94.297,33.378],[-94.206,33.404],[-94.171,33.459],[-94.202,33.465],[-94.212,33.564],[-94.252,33.558],[-94.24,33.589],[-94.277,33.557],[-94.287,33.583],[-94.31,33.552],[-94.387,33.545],[-94.383,33.583],[-94.41,33.568],[-94.471,33.602],[-94.449,33.643],[-94.528,33.616],[-94.522,33.641],[-94.57,33.628],[-94.548,33.66],[-94.59,33.645],[-94.56,33.667],[-94.588,33.686],[-94.655,33.66],[-94.644,33.702],[-94.716,33.688],[-94.702,33.703],[-94.734,33.716],[-94.736,33.692],[-94.733,33.725],[-94.789,33.736],[-94.763,33.76],[-94.803,33.733],[-94.823,33.769],[-94.82,33.734],[-94.861,33.742],[-94.97,33.862],[-95.047,33.863],[-95.067,33.917],[-95.09,33.881],[-95.08,33.921],[-95.121,33.905],[-95.125,33.935],[-95.217,33.963],[-95.289,33.873],[-95.544,33.881],[-95.554,33.927],[-95.594,33.943],[-95.633,33.905],[-95.752,33.895],[-95.758,33.85],[-95.816,33.86],[-95.83,33.835],[-95.925,33.885],[-95.951,33.857],[-96.003,33.874],[-96.017,33.841],[-96.149,33.837],[-96.187,33.755],[-96.294,33.769],[-96.347,33.686],[-96.424,33.776],[-96.501,33.773],[-96.532,33.824],[-96.628,33.845],[-96.585,33.891],[-96.66,33.917],[-96.701,33.838],[-96.762,33.824],[-96.794,33.869],[-96.871,33.857],[-96.924,33.959],[-96.945,33.853]]]},"properties":{"STATE":"48","GEOID":"4804","NAME":"Congressional District 4"}},{"type":"Feature","geometry":{"type":"Polygon","coordinates":[[[-96.94,32.989],[-96.808,32.954],[-96.856,32.924],[-96.804,32.925],[-96.786,32.979],[-96.734,32.976],[-96.788,32.9],[-96.758,32.886],[-96.736,32.912],[-96.701,32.864],[-96.759,32.883],[-96.793,32.803],[-96.7,32.778],[-96.633,32.691],[-96.575,32.703],[-96.559,32.735],[-96.675,32.8],[-96.635,32.844],[-96.668,32.868],[-96.665,32.952],[-96.613,33.01],[-96.683,33.044],[-96.756,32.986],[-96.844,32.987],[-96.846,33.012],[-96.94,32.989]]]},"properties":{"STATE":"48","GEOID":"4832","NAME":"Congressional District 32"}},{"type":"Feature","geometry":{"type":"Polygon","coordinates":[[[-119.455,34.422],[-119.451,34.398],[-119.377,34.392],[-119.285,34.469],[-119.228,34.464],[-119.294,34.316],[-119.236,34.32],[-119.18,34.369],[-119.146,34.276],[-119.193,34.268],[-119.199,34.237],[-119.265,34.262],[-119.239,34.237],[-119.336,34.238],[-119.218,34.062],[-119.159,34.04],[-118.952,33.993],[-118.941,34.075],[-118.856,34.127],[-118.757,34.141],[-118.711,34.104],[-118.606,34.129],[-118.694,34.151],[-118.668,34.199],[-118.715,34.216],[-118.632,34.24],[-118.637,34.292],[-118.88,34.789],[-119.243,34.814],[-119.243,34.858],[-119.276,34.872],[-119.444,34.901],[-119.455,34.422]]]},"properties":{"STATE":"06","GEOID":"0626","NAME":"Congressional District 26"}},{"type":"Feature","geometry":{"type":"Polygon","coordinates":[[[-85.605,34.985],[-85.387,33.902],[-85.037,33.904],[-85.038,33.812],[-84.879,33.775],[-84.724,33.789],[-84.724,33.904],[-84.588,33.916],[-84.649,33.953],[-84.618,34.065],[-85.047,34.083],[-85.006,34.392],[-85.104,34.404],[-85.112,34.462],[-85.09,34.464],[-85.09,34.542],[-85.064,34.543],[-85.06,34.622],[-84.716,34.623],[-84.731,34.599],[-84.655,34.583],[-84.657,34.729],[-84.582,34.825],[-84.623,34.857],[-84.621,34.988],[-85.605,34.985]]]},"properties":{"STATE":"13","GEOID":"1314","NAME":"Congressional District 14"}},{"type":"Feature","geometry":{"type":"Polygon","coordinates":[[[-84.348,33.886],[-84.309,33.877],[-84.313,33.841],[-84.247,33.846],[-84.252,33.738],[-84.306,33.715],[-84.306,33.662],[-84.244,33.68],[-84.116,33.615],[-84.024,33.753],[-84.208,33.878],[-84.061,33.96],[-84.089,34.033],[-84.247,33.999],[-84.28,33.956],[-84.347,33.968],[-84.348,33.886]]]},"properties":{"STATE":"13","GEOID":"1304","NAME":"Congressional District 4"}},{"type":"Feature","geometry":{"type":"Polygon","coordinates":[[[-84.523,33.664],[-84.458,33.629],[-84.459,33.551],[-84.395,33.487],[-84.386,33.558],[-84.333,33.553],[-84.294,33.592],[-84.322,33.689],[-84.252,33.738],[-84.247,33.846],[-84.313,33.841],[-84.309,33.877],[-84.348,33.882],[-84.348,33.825],[-84.408,33.82],[-84.502,33.749],[-84.523,33.664]]]},"properties":{"STATE":"13","GEOID":"1305","NAME":"Congressional District 5"}},{"type":"Feature","geometry":{"type":"Polygon","coordinates":[[[-84.448,33.909],[-84.117,34.036],[-84.062,34.169],[-83.878,34.123],[-83.854,34.187],[-83.919,34.2],[-83.86,34.274],[-83.906,34.335],[-83.871,34.372],[-83.935,34.449],[-83.833,34.524],[-83.877,34.629],[-83.857,34.723],[-83.964,34.727],[-84.037,34.642],[-84.128,34.664],[-84.189,34.603],[-84.255,34.597],[-84.255,34.568],[-84.346,34.567],[-84.32,34.468],[-84.257,34.467],[-84.258,34.381],[-84.414,34.378],[-84.393,34.302],[-84.431,34.277],[-84.397,34.212],[-84.446,34.195],[-84.416,34.169],[-84.427,34.125],[-84.388,34.118],[-84.418,34.109],[-84.419,34.055],[-84.375,33.979],[-84.448,33.909]]]},"properties":{"STATE":"13","GEOID":"1307","NAME":"Congressional District 7"}},{"type":"Feature","geometry":{"type":"Polygon","coordinates":[[[-93.929,29.803],[-93.837,29.69],[-93.814,29.597],[-93.77,29.624],[-93.77,29.671],[-93.723,29.688],[-93.488,29.718],[-93.339,29.695],[-93.241,29.727],[-92.625,29.528],[-92.294,29.481],[-92.078,29.531],[-91.913,29.42],[-91.877,29.363],[-91.777,29.396],[-91.712,29.361],[-91.644,29.376],[-91.421,29.303],[-91.293,29.196],[-90.975,29.122],[-91.023,29.059],[-90.97,29.005],[-90.757,28.988],[-90.553,29.037],[-90.41,28.995],[-90.384,29.366],[-90.778,29.72],[-90.599,29.7],[-90.582,29.715],[-90.627,29.75],[-90.505,29.766],[-90.468,29.803],[-90.489,29.859],[-90.537,29.891],[-90.779,29.922],[-90.886,29.905],[-90.885,29.871],[-90.813,29.84],[-90.81,29.776],[-90.874,29.763],[-90.849,29.803],[-90.925,29.83],[-91.083,29.627],[-91.106,29.644],[-91.096,29.809],[-91.187,29.849],[-91.251,29.958],[-91.259,30],[-91.222,30.039],[-91.367,30.055],[-91.389,30.102],[-91.464,30.103],[-91.475,30.229],[-91.588,30.257],[-91.648,30.365],[-91.625,30.394],[-91.64,30.443],[-91.701,30.498],[-91.756,30.498],[-91.679,30.395],[-91.978,30.408],[-91.949,30.277],[-91.977,30.261],[-91.943,30.23],[-92.004,30.208],[-92.091,30.254],[-92.043,30.376],[-92.142,30.299],[-92.176,30.35],[-92.176,30.437],[-92.244,30.437],[-92.245,30.48],[-92.774,30.488],[-92.776,30.438],[-93.131,30.424],[-93.131,30.38],[-93.031,30.379],[-93.031,30.306],[-93.086,30.302],[-93.081,30.276],[-93.165,30.309],[-93.167,30.288],[-93.219,30.31],[-93.314,30.291],[-93.296,30.238],[-93.376,30.211],[-93.376,30.184],[-93.266,30.169],[-93.249,30.11],[-93.213,30.107],[-93.18,30.176],[-93.179,30.052],[-93.721,30.052],[-93.929,29.803]]]},"properties":{"STATE":"22","GEOID":"2203","NAME":"Congressional District 3"}},{"type":"Feature","geometry":{"type":"Polygon","coordinates":[[[-94.043,32.522],[-94.042,31.993],[-93.931,31.891],[-93.901,31.897],[-93.873,31.815],[-93.823,31.775],[-93.837,31.75],[-93.794,31.703],[-93.835,31.586],[-93.788,31.527],[-93.711,31.512],[-93.749,31.469],[-93.704,31.455],[-93.671,31.366],[-93.639,31.372],[-93.687,31.306],[-93.62,31.271],[-93.589,31.166],[-93.533,31.183],[-93.564,31.095],[-93.508,31.032],[-93.578,31],[-93.526,30.938],[-93.574,30.885],[-93.554,30.824],[-93.614,30.76],[-93.63,30.68],[-93.683,30.641],[-93.679,30.594],[-93.74,30.54],[-93.708,30.521],[-93.697,30.443],[-93.766,30.344],[-93.705,30.29],[-93.721,30.21],[-93.688,30.141],[-93.734,30.088],[-93.7,30.063],[-93.721,30.052],[-93.179,30.052],[-93.18,30.176],[-93.213,30.107],[-93.249,30.11],[-93.266,30.169],[-93.376,30.184],[-93.376,30.211],[-93.296,30.238],[-93.314,30.291],[-93.219,30.31],[-93.167,30.288],[-93.165,30.309],[-93.081,30.276],[-93.086,30.302],[-93.031,30.306],[-93.031,30.379],[-93.131,30.38],[-93.131,30.424],[-92.776,30.438],[-92.774,30.488],[-92.493,30.48],[-92.449,30.534],[-92.263,30.539],[-92.262,30.568],[-92.211,30.568],[-92.172,30.768],[-92.208,30.786],[-92.281,30.965],[-92.344,30.971],[-92.436,31.069],[-92.401,31.099],[-92.431,31.245],[-92.494,31.224],[-92.521,31.261],[-92.494,31.296],[-92.649,31.316],[-92.715,31.341],[-92.721,31.371],[-92.847,31.336],[-92.89,31.352],[-92.921,31.324],[-92.992,31.36],[-93.237,31.364],[-93.237,31.538],[-93.338,31.538],[-93.338,31.714],[-93.442,31.714],[-93.441,31.845],[-93.714,31.845],[-93.73,31.889],[-93.782,31.889],[-93.761,31.944],[-93.782,31.972],[-93.851,31.938],[-93.793,32.067],[-93.714,32.074],[-93.816,32.137],[-93.815,32.229],[-93.718,32.227],[-93.759,32.305],[-93.87,32.287],[-93.88,32.334],[-93.835,32.333],[-93.81,32.396],[-93.843,32.381],[-93.89,32.412],[-93.862,32.442],[-93.951,32.464],[-93.897,32.511],[-93.868,32.486],[-93.814,32.51],[-93.847,32.544],[-93.846,32.602],[-93.74,32.551],[-93.729,32.534],[-93.767,32.539],[-93.699,32.493],[-93.755,32.5],[-93.736,32.401],[-93.777,32.36],[-93.662,32.315],[-93.594,32.206],[-93.535,32.192],[-93.509,32.131],[-93.54,32.102],[-93.321,31.889],[-93.24,31.904],[-93.238,31.973],[-93.121,31.973],[-93.158,32.01],[-93.136,32.056],[-93.187,32.149],[-92.939,32.148],[-92.872,31.946],[-92.899,31.857],[-92.95,31.856],[-92.976,31.712],[-92.903,31.66],[-92.906,31.624],[-92.801,31.597],[-92.683,31.499],[-92.708,31.464],[-92.68,31.446],[-92.693,31.4],[-92.196,31.478],[-92.277,31.495],[-92.27,31.53],[-92.323,31.576],[-92.305,31.588],[-92.385,31.62],[-92.346,31.63],[-92.369,31.632],[-92.347,31.691],[-92.369,31.722],[-92.337,31.761],[-92.363,31.807],[-92.312,31.896],[-92.312,32.277],[-92.034,32.277],[-91.994,32.398],[-92.035,32.423],[-92.055,32.388],[-92.173,32.44],[-92.196,32.412],[-92.329,32.408],[-92.359,32.506],[-92.415,32.471],[-92.415,32.522],[-92.188,32.498],[-92.155,32.553],[-92.125,32.506],[-92.003,32.655],[-91.935,32.655],[-91.975,32.712],[-92.04,32.713],[-92.05,32.686],[-92.066,32.709],[-92.069,33.008],[-94.043,33.019],[-94.043,32.522]]]},"properties":{"STATE":"22","GEOID":"2204","NAME":"Congressional District 4"}},{"type":"Feature","geometry":{"type":"Polygon","coordinates":[[[-92.416,32.489],[-92.359,32.506],[-92.329,32.408],[-92.196,32.412],[-92.173,32.44],[-92.055,32.388],[-92.035,32.423],[-91.994,32.398],[-92.034,32.277],[-92.312,32.277],[-92.312,31.896],[-92.363,31.807],[-92.337,31.761],[-92.369,31.722],[-92.347,31.691],[-92.369,31.632],[-92.346,31.63],[-92.385,31.62],[-92.305,31.588],[-92.323,31.576],[-92.27,31.53],[-92.277,31.495],[-92.164,31.472],[-92.149,31.405],[-92.072,31.344],[-92.146,31.302],[-92.193,31.334],[-92.233,31.322],[-92.227,31.075],[-92.185,31.08],[-92.182,31.023],[-92.072,31.023],[-92.079,31.058],[-92.034,31.099],[-91.987,31.061],[-91.956,31.087],[-91.975,31.05],[-91.924,31.072],[-91.921,31.018],[-91.907,31.05],[-91.857,31.02],[-91.806,31.032],[-91.797,30.983],[-91.691,31.019],[-91.645,30.929],[-91.657,30.851],[-91.559,30.84],[-91.564,30.883],[-91.614,30.918],[-91.519,30.884],[-91.539,30.791],[-91.596,30.76],[-91.571,30.735],[-91.381,30.759],[-91.337,30.662],[-91.298,30.65],[-91.255,30.705],[-91.053,30.712],[-91.095,30.663],[-91.101,30.544],[-91.071,30.501],[-90.994,30.482],[-91.009,30.403],[-91.054,30.399],[-91.111,30.445],[-91.133,30.436],[-91.086,30.395],[-91.106,30.373],[-91.166,30.431],[-91.206,30.408],[-91.172,30.357],[-91.03,30.346],[-90.968,30.271],[-90.947,30.313],[-90.905,30.284],[-90.905,30.312],[-90.882,30.298],[-90.852,30.332],[-90.81,30.275],[-90.711,30.285],[-90.735,30.339],[-90.791,30.357],[-90.67,30.416],[-90.674,30.475],[-90.453,30.479],[-90.415,30.564],[-90.371,30.508],[-90.244,30.504],[-90.256,30.712],[-89.839,30.669],[-89.816,30.739],[-89.835,30.77],[-89.782,30.819],[-89.732,31.005],[-91.637,30.999],[-91.56,31.054],[-91.627,31.119],[-91.589,31.189],[-91.654,31.256],[-91.516,31.278],[-91.509,31.315],[-91.576,31.41],[-91.543,31.433],[-91.522,31.375],[-91.475,31.369],[-91.523,31.522],[-91.405,31.576],[-91.493,31.59],[-91.515,31.63],[-91.401,31.62],[-91.369,31.747],[-91.263,31.755],[-91.366,31.761],[-91.345,31.844],[-91.294,31.86],[-91.283,31.816],[-91.254,31.814],[-91.268,31.863],[-91.182,31.916],[-91.185,31.966],[-91.076,32.017],[-91.159,32.073],[-91.081,32.048],[-91.004,32.146],[-91.058,32.181],[-91.054,32.124],[-91.163,32.133],[-91.164,32.197],[-91.039,32.242],[-90.995,32.193],[-90.979,32.294],[-90.922,32.299],[-90.876,32.372],[-90.912,32.339],[-90.994,32.354],[-90.97,32.439],[-91.051,32.438],[-91.116,32.483],[-91.094,32.549],[-91.038,32.49],[-90.987,32.496],[-91.08,32.556],[-91.008,32.604],[-91.016,32.642],[-91.12,32.585],[-91.152,32.62],[-91.055,32.719],[-91.166,32.753],[-91.145,32.843],[-91.064,32.901],[-91.097,32.986],[-91.136,32.98],[-91.133,32.919],[-91.17,32.899],[-91.214,32.93],[-91.166,33.004],[-92.069,33.008],[-92.066,32.709],[-92.05,32.686],[-92.04,32.713],[-91.975,32.712],[-91.935,32.655],[-92.003,32.655],[-92.125,32.506],[-92.155,32.553],[-92.168,32.502],[-92.415,32.522],[-92.416,32.489]]]},"properties":{"STATE":"22","GEOID":"2205","NAME":"Congressional District 5"}},{"type":"Feature","geometry":{"type":"Polygon","coordinates":[[[-93.951,32.455],[-93.862,32.442],[-93.89,32.412],[-93.843,32.381],[-93.81,32.396],[-93.835,32.333],[-93.88,32.334],[-93.87,32.287],[-93.759,32.305],[-93.718,32.227],[-93.815,32.229],[-93.816,32.137],[-93.714,32.074],[-93.793,32.067],[-93.851,31.938],[-93.782,31.972],[-93.761,31.944],[-93.782,31.889],[-93.73,31.889],[-93.714,31.845],[-93.441,31.845],[-93.442,31.714],[-93.338,31.714],[-93.338,31.538],[-93.237,31.538],[-93.237,31.364],[-92.992,31.36],[-92.921,31.324],[-92.89,31.352],[-92.847,31.336],[-92.721,31.371],[-92.715,31.341],[-92.649,31.316],[-92.494,31.296],[-92.521,31.261],[-92.494,31.224],[-92.431,31.245],[-92.401,31.099],[-92.436,31.069],[-92.344,30.971],[-92.281,30.965],[-92.208,30.786],[-92.172,30.768],[-92.172,30.674],[-92.2,30.656],[-92.211,30.568],[-92.262,30.568],[-92.263,30.539],[-92.449,30.534],[-92.493,30.48],[-92.245,30.48],[-92.244,30.437],[-92.176,30.437],[-92.176,30.35],[-92.142,30.299],[-92.048,30.381],[-92.091,30.254],[-92.004,30.208],[-91.943,30.23],[-91.977,30.261],[-91.949,30.277],[-91.978,30.408],[-91.679,30.395],[-91.756,30.498],[-91.485,30.497],[-91.311,30.322],[-91.018,30.324],[-91.14,30.374],[-91.172,30.357],[-91.206,30.408],[-91.166,30.431],[-91.106,30.373],[-91.086,30.395],[-91.133,30.436],[-91.111,30.445],[-91.054,30.399],[-91.009,30.403],[-90.994,30.482],[-91.071,30.501],[-91.101,30.544],[-91.095,30.663],[-91.053,30.712],[-91.255,30.705],[-91.309,30.652],[-91.381,30.759],[-91.553,30.731],[-91.594,30.749],[-91.539,30.791],[-91.516,30.875],[-91.549,30.916],[-91.614,30.918],[-91.564,30.883],[-91.559,30.84],[-91.657,30.851],[-91.645,30.929],[-91.681,31.016],[-91.749,31.019],[-91.797,30.983],[-91.806,31.032],[-91.857,31.02],[-91.907,31.05],[-91.921,31.018],[-91.924,31.072],[-91.975,31.05],[-91.956,31.087],[-91.987,31.061],[-92.034,31.099],[-92.079,31.058],[-92.072,31.023],[-92.201,31.041],[-92.178,31.065],[-92.227,31.075],[-92.233,31.322],[-92.193,31.334],[-92.146,31.302],[-92.072,31.343],[-92.149,31.405],[-92.164,31.472],[-92.695,31.401],[-92.68,31.446],[-92.708,31.464],[-92.683,31.499],[-92.801,31.597],[-92.906,31.624],[-92.903,31.66],[-92.976,31.712],[-92.95,31.856],[-92.899,31.857],[-92.872,31.946],[-92.939,32.148],[-93.187,32.149],[-93.136,32.056],[-93.158,32.01],[-93.121,31.973],[-93.238,31.973],[-93.24,31.904],[-93.321,31.889],[-93.54,32.102],[-93.509,32.131],[-93.535,32.192],[-93.594,32.206],[-93.662,32.315],[-93.777,32.36],[-93.736,32.401],[-93.755,32.5],[-93.699,32.493],[-93.767,32.539],[-93.729,32.534],[-93.74,32.551],[-93.846,32.602],[-93.847,32.544],[-93.814,32.51],[-93.868,32.486],[-93.897,32.511],[-93.951,32.455]]]},"properties":{"STATE":"22","GEOID":"2206","NAME":"Congressional District 6"}},{"type":"Feature","geometry":{"type":"MultiPolygon","coordinates":[[[[-156.119,19.736],[-156.079,19.625],[-156.03,19.587],[-155.943,19.344],[-155.975,19.13],[-155.954,19.054],[-155.916,19],[-155.694,18.867],[-155.566,18.935],[-155.466,19.095],[-155.268,19.219],[-155.176,19.211],[-154.94,19.313],[-154.786,19.44],[-154.757,19.507],[-154.778,19.56],[-154.929,19.674],[-154.964,19.769],[-155.033,19.793],[-155.032,19.875],[-155.14,19.989],[-155.837,20.321],[-155.916,20.301],[-155.959,20.227],[-155.948,20.124],[-155.884,20.018],[-155.962,19.909],[-156.091,19.821],[-156.119,19.736]]],[[[-156.756,20.53],[-156.75,20.454],[-156.546,20.461],[-156.489,20.5],[-156.485,20.579],[-156.375,20.529],[-156.039,20.601],[-155.933,20.713],[-155.939,20.837],[-155.959,20.875],[-156,20.852],[-156.082,20.881],[-156.263,21.002],[-156.451,20.969],[-156.56,21.082],[-156.67,21.077],[-156.75,20.961],[-156.738,20.868],[-156.625,20.75],[-156.512,20.735],[-156.496,20.692],[-156.704,20.605],[-156.756,20.53]]],[[[-157.116,20.903],[-157.048,20.821],[-157.027,20.729],[-156.974,20.687],[-156.817,20.72],[-156.75,20.808],[-156.823,20.931],[-156.905,20.976],[-157.049,20.979],[-157.116,20.903]]],[[[-157.366,21.117],[-157.321,21.051],[-157.078,21.058],[-156.878,20.993],[-156.75,21.044],[-156.651,21.134],[-156.667,21.193],[-156.722,21.226],[-156.91,21.23],[-156.971,21.274],[-157.057,21.244],[-157.25,21.28],[-157.305,21.253],[-157.366,21.117]]],[[[-158.345,21.583],[-158.135,21.242],[-158.085,21.239],[-158.09,21.332],[-158.019,21.39],[-158.028,21.492],[-157.896,21.502],[-157.782,21.337],[-157.598,21.314],[-157.656,21.492],[-157.762,21.526],[-157.942,21.755],[-158.05,21.74],[-158.149,21.642],[-158.312,21.622],[-158.345,21.583]]],[[[-159.851,22.027],[-159.794,21.94],[-159.631,21.847],[-159.444,21.818],[-159.284,21.941],[-159.246,22.167],[-159.309,22.25],[-159.39,22.288],[-159.596,22.278],[-159.773,22.181],[-159.851,22.027]]],[[[-160.304,21.854],[-160.266,21.746],[-160.177,21.736],[-160.122,21.825],[-160.031,21.869],[-159.997,21.993],[-160.057,22.068],[-160.125,22.081],[-160.174,21.991],[-160.28,21.921],[-160.304,21.854]]],[[[-160.601,21.658],[-160.546,21.6],[-160.483,21.64],[-160.532,21.712],[-160.601,21.658]]],[[[-161.988,23.07],[-161.976,23.026],[-161.932,23.005],[-161.875,23.019],[-161.858,23.061],[-161.919,23.114],[-161.988,23.07]]],[[[-164.765,23.582],[-164.75,23.536],[-164.701,23.517],[-164.64,23.576],[-164.689,23.623],[-164.765,23.582]]],[[[-166.387,23.846],[-166.314,23.804],[-166.303,23.729],[-166.227,23.727],[-166.211,23.6],[-166.117,23.611],[-166.133,23.685],[-166.107,23.743],[-166.182,23.902],[-166.307,23.925],[-166.38,23.884],[-166.387,23.846]]],[[[-168.058,25],[-168,24.948],[-167.944,24.99],[-168,25.052],[-168.058,25]]],[[[-170.685,25.506],[-170.63,25.456],[-170.573,25.505],[-170.631,25.557],[-170.685,25.506]]],[[[-171.81,25.781],[-171.737,25.707],[-171.687,25.728],[-171.668,25.781],[-171.688,25.824],[-171.75,25.838],[-171.81,25.781]]],[[[-174.067,26.06],[-174.046,26.002],[-174,25.99],[-173.903,26.06],[-173.929,26.12],[-174.007,26.137],[-174.052,26.113],[-174.067,26.06]]],[[[-176.043,27.796],[-175.97,27.693],[-175.746,27.733],[-175.666,27.875],[-175.67,27.942],[-175.735,28],[-175.81,28.006],[-175.981,27.913],[-175.989,27.862],[-175.924,27.814],[-176,27.835],[-176.043,27.796]]],[[[-178.444,28.419],[-178.375,28.335],[-178.289,28.329],[-178.233,28.375],[-178.238,28.456],[-178.315,28.516],[-178.396,28.5],[-178.444,28.419]]]]},"properties":{"STATE":"15","GEOID":"1502","NAME":"Congressional District 2"}},{"type":"Feature","geometry":{"type":"Polygon","coordinates":[[[-158.091,21.327],[-158.085,21.239],[-157.899,21.25],[-157.81,21.199],[-157.676,21.214],[-157.598,21.295],[-157.782,21.337],[-157.896,21.502],[-158.029,21.491],[-158.019,21.39],[-158.091,21.327]]]},"properties":{"STATE":"15","GEOID":"1501","NAME":"Congressional District 1"}},{"type":"Feature","geometry":{"type":"Polygon","coordinates":[[[-121.595,39.198],[-121.591,39.163],[-121.484,39.19],[-121.485,39.1],[-121.452,39.1],[-121.433,39.145],[-121.28,39.143],[-121.28,39.035],[-121.366,39.032],[-121.415,38.998],[-121.414,38.926],[-121.469,38.926],[-121.484,38.735],[-121.243,38.718],[-121.262,38.679],[-121.195,38.61],[-121.214,38.593],[-121.13,38.57],[-121.142,38.533],[-121.104,38.539],[-121.122,38.517],[-121.041,38.541],[-121.119,38.718],[-121.142,38.712],[-121.061,38.846],[-120.915,38.801],[-120.887,38.828],[-120.849,38.77],[-120.741,38.777],[-120.749,38.733],[-120.717,38.719],[-120.761,38.698],[-120.662,38.683],[-120.677,38.648],[-120.603,38.608],[-120.664,38.604],[-120.613,38.581],[-120.567,38.507],[-120.275,38.559],[-120.078,38.709],[-120.073,38.447],[-119.885,38.356],[-119.705,38.416],[-119.7,38.365],[-119.639,38.327],[-119.652,38.286],[-119.605,38.239],[-119.633,38.199],[-119.547,38.143],[-119.496,38.157],[-119.46,38.096],[-119.431,38.116],[-119.346,38.083],[-119.305,38.024],[-119.313,37.953],[-119.2,37.886],[-119.203,37.796],[-119.26,37.727],[-119.124,37.734],[-119.065,37.685],[-119.02,37.583],[-118.917,37.55],[-118.85,37.476],[-118.795,37.487],[-118.759,37.442],[-118.787,37.343],[-118.716,37.328],[-118.665,37.262],[-118.686,37.228],[-118.667,37.155],[-118.437,37.06],[-118.361,36.888],[-118.362,36.844],[-118.394,36.83],[-118.336,36.716],[-118.366,36.69],[-118.275,36.597],[-118.291,36.559],[-118.239,36.524],[-118.25,36.482],[-118.214,36.434],[-118.141,36.421],[-118.163,36.389],[-118.1,36.346],[-118.128,36.28],[-118.059,36.17],[-118.067,36.093],[-117.983,35.927],[-118.008,35.789],[-115.648,35.809],[-117.876,37.497],[-120.001,39],[-120.001,39.722],[-120.147,39.708],[-120.111,39.766],[-120.1,39.91],[-120.247,40.108],[-120.379,40.13],[-120.511,40.249],[-120.652,40.308],[-120.796,40.301],[-120.891,40.192],[-121.042,40.235],[-121.061,40.447],[-121.498,40.446],[-121.472,40.352],[-121.342,40.31],[-121.377,40.298],[-121.349,40.273],[-121.368,40.213],[-121.444,40.191],[-121.446,40.156],[-121.405,40.152],[-121.367,40.086],[-121.419,40.016],[-121.43,39.9],[-121.077,39.597],[-121.159,39.52],[-121.305,39.52],[-121.373,39.365],[-121.569,39.308],[-121.595,39.198]]]},"properties":{"STATE":"06","GEOID":"0603","NAME":"Congressional District 3"}},{"type":"Feature","geometry":{"type":"Polygon","coordinates":[[[-122.791,45.623],[-122.669,45.528],[-122.623,45.533],[-122.666,45.464],[-122.566,45.478],[-122.502,45.396],[-122.417,45.386],[-122.382,45.356],[-122.387,45.316],[-122.292,45.23],[-122.022,45.201],[-122.003,45.261],[-121.938,45.272],[-121.86,45.221],[-121.784,45.214],[-121.683,45.229],[-121.696,45.258],[-121.482,45.258],[-121.482,45.52],[-121.441,45.519],[-121.441,45.697],[-121.499,45.721],[-121.811,45.707],[-121.983,45.623],[-122.267,45.544],[-122.762,45.656],[-122.791,45.623]]]},"properties":{"STATE":"41","GEOID":"4103","NAME":"Congressional District 3"}},{"type":"Feature","geometry":{"type":"Polygon","coordinates":[[[-124.159,46.261],[-124.051,46.164],[-124.003,46.028],[-124.092,45.943],[-124.038,45.842],[-124.068,45.75],[-124.011,45.708],[-124.027,45.538],[-124.065,45.468],[-124.036,45.413],[-124.077,45.342],[-124.042,45.282],[-124.045,45.166],[-124.096,45.044],[-123.725,45.044],[-123.724,45.077],[-123.784,45.077],[-123.785,45.216],[-123.464,45.216],[-123.465,45.433],[-123.135,45.433],[-122.929,45.346],[-122.831,45.402],[-122.836,45.466],[-122.744,45.487],[-122.731,45.445],[-122.623,45.512],[-122.789,45.616],[-122.761,45.759],[-122.796,45.81],[-122.814,45.961],[-122.904,46.084],[-123.006,46.135],[-123.166,46.189],[-123.28,46.145],[-123.371,46.146],[-123.431,46.182],[-123.428,46.229],[-123.48,46.269],[-123.741,46.269],[-123.873,46.235],[-124.025,46.299],[-124.036,46.264],[-124.159,46.261]]]},"properties":{"STATE":"41","GEOID":"4101","NAME":"Congressional District 1"}},{"type":"Feature","geometry":{"type":"Polygon","coordinates":[[[-123.246,44.333],[-123.193,44.306],[-123.15,44.227],[-123.165,44.2],[-122.906,44.201],[-122.904,44.259],[-122.866,44.259],[-122.865,44.287],[-122.731,44.288],[-122.577,44.228],[-122.38,44.209],[-122.327,44.253],[-121.799,44.258],[-121.772,44.091],[-121.834,44.04],[-121.869,43.912],[-121.928,43.909],[-121.975,43.857],[-121.975,43.812],[-121.913,43.795],[-121.456,43.863],[-121.463,43.819],[-121.429,43.819],[-121.351,43.913],[-121.326,43.995],[-121.244,44.008],[-121.254,44.087],[-121.174,44.16],[-121.103,44.169],[-121.108,44.391],[-121.675,44.393],[-121.714,44.43],[-121.846,44.425],[-121.787,44.689],[-121.784,44.773],[-121.82,44.8],[-121.776,44.82],[-121.752,44.931],[-121.796,44.937],[-121.805,45.011],[-121.735,45.046],[-121.748,45.204],[-121.7,45.24],[-121.855,45.22],[-121.938,45.272],[-122.003,45.261],[-122.022,45.201],[-122.292,45.23],[-122.387,45.316],[-122.398,45.373],[-122.502,45.396],[-122.57,45.479],[-122.744,45.443],[-122.719,45.395],[-122.744,45.299],[-122.716,45.284],[-122.747,45.223],[-122.976,45.022],[-122.95,44.906],[-122.854,44.846],[-122.835,44.791],[-122.875,44.792],[-122.865,44.758],[-123,44.687],[-123.062,44.748],[-123.144,44.749],[-123.146,44.711],[-123.073,44.651],[-123.165,44.638],[-123.198,44.603],[-123.207,44.43],[-123.245,44.383],[-123.219,44.361],[-123.246,44.333]]]},"properties":{"STATE":"41","GEOID":"4105","NAME":"Congressional District 5"}},{"type":"Feature","geometry":{"type":"Polygon","coordinates":[[[-123.786,45.16],[-123.784,45.077],[-123.724,45.077],[-123.704,44.721],[-123.149,44.72],[-123.113,44.759],[-123.019,44.725],[-123,44.687],[-122.865,44.758],[-122.875,44.792],[-122.835,44.791],[-122.854,44.846],[-122.95,44.906],[-122.976,45.022],[-122.747,45.223],[-122.716,45.284],[-122.744,45.299],[-122.722,45.411],[-122.744,45.487],[-122.836,45.466],[-122.831,45.402],[-122.929,45.346],[-123.135,45.433],[-123.465,45.433],[-123.464,45.216],[-123.785,45.216],[-123.786,45.16]]]},"properties":{"STATE":"41","GEOID":"4106","NAME":"Congressional District 6"}},{"type":"Feature","geometry":{"type":"Polygon","coordinates":[[[-124.704,42.77],[-124.665,42.72],[-124.585,42.719],[-124.53,42.632],[-124.474,42.615],[-124.465,42.553],[-124.57,42.455],[-124.494,42.396],[-124.482,42.224],[-124.375,42.029],[-124.329,41.998],[-123.822,41.996],[-123.85,42.045],[-123.822,42.087],[-123.859,42.135],[-123.792,42.238],[-123.888,42.351],[-124.027,42.359],[-124.042,42.388],[-124.009,42.42],[-124.009,42.496],[-123.875,42.513],[-123.831,42.632],[-123.716,42.784],[-123.812,42.788],[-123.821,42.965],[-123.748,42.974],[-123.651,43.065],[-123.502,43.116],[-123.356,43.072],[-123.365,43.181],[-123.338,43.199],[-123.171,43.206],[-123.075,43.271],[-122.981,43.269],[-122.945,43.299],[-123.015,43.33],[-122.993,43.358],[-123.019,43.375],[-122.893,43.517],[-122.742,43.518],[-122.742,43.437],[-122.132,43.44],[-122.153,43.448],[-122.131,43.557],[-121.965,43.627],[-121.987,43.654],[-121.975,43.857],[-121.928,43.909],[-121.869,43.912],[-121.834,44.04],[-121.773,44.091],[-121.79,44.249],[-122.327,44.253],[-122.38,44.209],[-122.577,44.228],[-122.731,44.288],[-122.865,44.287],[-122.866,44.259],[-122.904,44.259],[-122.906,44.201],[-123.165,44.2],[-123.151,44.227],[-123.193,44.306],[-123.246,44.332],[-123.219,44.362],[-123.245,44.384],[-123.207,44.43],[-123.198,44.603],[-123.165,44.638],[-123.077,44.647],[-123.088,44.674],[-123.149,44.72],[-123.704,44.721],[-123.725,45.044],[-124.096,45.044],[-124.098,44.93],[-124.142,44.833],[-124.134,44.583],[-124.195,44.097],[-124.266,43.702],[-124.36,43.434],[-124.477,43.329],[-124.465,43.2],[-124.516,43.125],[-124.531,43],[-124.704,42.77]]]},"properties":{"STATE":"41","GEOID":"4104","NAME":"Congressional District 4"}},{"type":"Feature","geometry":{"type":"Polygon","coordinates":[[[-124.042,42.388],[-124.027,42.359],[-123.888,42.351],[-123.792,42.238],[-123.859,42.135],[-123.822,42.087],[-123.85,42.045],[-123.822,41.996],[-117.026,42],[-117.033,43.83],[-116.962,43.918],[-116.976,43.975],[-116.935,43.989],[-116.977,44.085],[-116.894,44.162],[-116.972,44.197],[-116.976,44.243],[-117.051,44.229],[-117.104,44.28],[-117.198,44.274],[-117.223,44.298],[-117.19,44.337],[-117.243,44.396],[-117.215,44.427],[-117.225,44.482],[-117.149,44.536],[-117.062,44.727],[-116.935,44.784],[-116.852,44.888],[-116.826,44.982],[-116.858,44.977],[-116.848,45.023],[-116.73,45.142],[-116.674,45.322],[-116.464,45.616],[-116.535,45.691],[-116.547,45.752],[-116.665,45.782],[-116.71,45.826],[-116.782,45.825],[-116.933,45.996],[-118.987,46],[-119.126,45.933],[-119.601,45.92],[-119.67,45.857],[-119.966,45.824],[-120.211,45.726],[-120.483,45.694],[-120.635,45.746],[-120.896,45.643],[-121.064,45.652],[-121.146,45.608],[-121.196,45.617],[-121.216,45.671],[-121.441,45.697],[-121.441,45.519],[-121.482,45.52],[-121.482,45.258],[-121.696,45.258],[-121.683,45.229],[-121.748,45.204],[-121.735,45.046],[-121.805,45.011],[-121.796,44.937],[-121.752,44.931],[-121.776,44.82],[-121.82,44.8],[-121.784,44.773],[-121.794,44.594],[-121.848,44.429],[-121.714,44.43],[-121.675,44.393],[-121.108,44.391],[-121.103,44.169],[-121.174,44.16],[-121.254,44.087],[-121.244,44.008],[-121.326,43.995],[-121.351,43.913],[-121.429,43.819],[-121.463,43.819],[-121.452,43.863],[-121.6,43.826],[-121.965,43.808],[-121.987,43.654],[-121.965,43.627],[-122.131,43.557],[-122.153,43.448],[-122.132,43.44],[-122.742,43.437],[-122.742,43.518],[-122.893,43.517],[-123.019,43.375],[-122.993,43.358],[-123.015,43.33],[-122.945,43.299],[-122.981,43.269],[-123.075,43.271],[-123.171,43.206],[-123.338,43.199],[-123.365,43.181],[-123.356,43.072],[-123.502,43.116],[-123.651,43.065],[-123.748,42.974],[-123.821,42.965],[-123.812,42.788],[-123.716,42.784],[-123.831,42.632],[-123.875,42.513],[-124.009,42.496],[-124.009,42.42],[-124.042,42.388]]]},"properties":{"STATE":"41","GEOID":"4102","NAME":"Congressional District 2"}},{"type":"Feature","geometry":{"type":"Polygon","coordinates":[[[-79.074,40.266],[-79.01,40.227],[-78.933,40.285],[-78.885,40.245],[-78.658,40.243],[-78.763,40.057],[-78.757,39.823],[-78.808,39.723],[-76.999,39.72],[-77,39.831],[-76.955,39.857],[-77.019,40.014],[-77.137,40.07],[-77.186,40.03],[-77.354,40.003],[-77.455,40.099],[-77.406,40.136],[-77.458,40.175],[-77.333,40.213],[-77.323,40.271],[-76.915,40.328],[-77.029,40.387],[-76.949,40.469],[-76.993,40.564],[-76.939,40.641],[-76.997,40.636],[-77.038,40.68],[-77.11,40.692],[-77.354,40.702],[-77.364,40.847],[-77.711,40.715],[-77.825,40.744],[-77.944,40.692],[-78.132,40.743],[-78.802,40.725],[-78.975,40.392],[-79.074,40.266]]]},"properties":{"STATE":"42","GEOID":"4213","NAME":"Congressional District 13"}},{"type":"Feature","geometry":{"type":"Polygon","coordinates":[[[-80.52,42.327],[-80.519,40.851],[-80.159,40.855],[-80.148,40.674],[-79.693,40.67],[-79.689,41.169],[-79.905,41.172],[-79.917,41.275],[-79.873,41.326],[-79.772,41.329],[-79.818,41.392],[-79.725,41.424],[-79.73,41.47],[-79.843,41.484],[-79.835,41.537],[-79.893,41.574],[-79.829,41.622],[-79.613,41.617],[-79.611,41.999],[-79.762,41.999],[-79.762,42.516],[-80.08,42.394],[-80.52,42.327]]]},"properties":{"STATE":"42","GEOID":"4216","NAME":"Congressional District 16"}},{"type":"Feature","geometry":{"type":"Polygon","coordinates":[[[-104.054,41.157],[-104.053,41.001],[-102.052,41.002],[-102.052,40.003],[-95.308,40],[-95.415,40.04],[-95.393,40.119],[-95.479,40.186],[-95.479,40.244],[-95.552,40.262],[-95.562,40.297],[-95.657,40.311],[-95.623,40.342],[-95.7,40.505],[-95.653,40.542],[-95.679,40.563],[-95.709,40.522],[-95.767,40.532],[-95.75,40.607],[-95.889,40.732],[-95.834,40.784],[-96.464,40.784],[-96.464,40.523],[-96.913,40.524],[-96.913,40.698],[-97.368,40.699],[-97.368,41.163],[-97.58,41.177],[-97.56,41.235],[-97.598,41.395],[-97.704,41.395],[-97.704,41.527],[-97.83,41.526],[-97.835,42.09],[-96.556,42.09],[-96.555,41.742],[-96.444,41.742],[-96.425,41.48],[-96.329,41.437],[-96.329,41.393],[-95.938,41.391],[-95.92,41.448],[-96.014,41.478],[-96.005,41.543],[-96.041,41.507],[-96.094,41.539],[-96.081,41.578],[-96.118,41.615],[-96.095,41.65],[-96.123,41.683],[-96.073,41.704],[-96.106,41.738],[-96.065,41.797],[-96.162,41.902],[-96.13,41.973],[-96.241,41.999],[-96.222,42.03],[-96.274,42.049],[-96.269,42.114],[-96.349,42.168],[-96.36,42.211],[-96.329,42.255],[-96.418,42.351],[-96.393,42.481],[-96.501,42.483],[-96.549,42.521],[-96.611,42.506],[-96.71,42.605],[-96.691,42.656],[-96.793,42.666],[-96.806,42.704],[-96.907,42.734],[-96.962,42.72],[-96.979,42.76],[-97.13,42.772],[-97.21,42.809],[-97.219,42.846],[-97.307,42.868],[-97.686,42.842],[-97.845,42.868],[-97.935,42.777],[-98.013,42.762],[-98.147,42.84],[-98.444,42.929],[-98.499,42.999],[-104.053,43.001],[-104.054,41.157]]]},"properties":{"STATE":"31","GEOID":"3103","NAME":"Congressional District 3"}},{"type":"Feature","geometry":{"type":"Polygon","coordinates":[[[-97.835,42.09],[-97.83,41.526],[-97.704,41.527],[-97.704,41.395],[-97.598,41.395],[-97.56,41.235],[-97.58,41.177],[-97.368,41.163],[-97.368,40.699],[-96.913,40.698],[-96.913,40.524],[-96.464,40.523],[-96.464,40.784],[-95.834,40.784],[-95.849,40.861],[-95.809,40.893],[-95.882,41.061],[-95.856,41.187],[-96.174,41.191],[-96.158,41.133],[-96.005,41.129],[-96.005,41.061],[-96.1,41.053],[-96.214,40.994],[-96.319,41.045],[-96.37,41.015],[-96.464,41.016],[-96.464,41.045],[-96.909,41.046],[-96.906,41.453],[-96.329,41.393],[-96.329,41.437],[-96.435,41.495],[-96.444,41.742],[-96.555,41.742],[-96.556,42.09],[-97.835,42.09]]]},"properties":{"STATE":"31","GEOID":"3101","NAME":"Congressional District 1"}},{"type":"Feature","geometry":{"type":"Polygon","coordinates":[[[-96.909,41.264],[-96.909,41.046],[-96.464,41.045],[-96.464,41.016],[-96.37,41.015],[-96.319,41.045],[-96.219,40.994],[-96.1,41.053],[-96.005,41.061],[-96.005,41.129],[-96.158,41.133],[-96.174,41.191],[-95.924,41.191],[-95.928,41.298],[-95.903,41.274],[-95.871,41.297],[-95.955,41.342],[-95.939,41.393],[-96.488,41.393],[-96.569,41.433],[-96.906,41.453],[-96.909,41.264]]]},"properties":{"STATE":"31","GEOID":"3102","NAME":"Congressional District 2"}},{"type":"Feature","geometry":{"type":"Polygon","coordinates":[[[-73.769,40.624],[-73.737,40.593],[-73.769,40.534],[-73.485,40.521],[-73.484,40.703],[-73.553,40.756],[-73.73,40.722],[-73.725,40.652],[-73.769,40.624]]]},"properties":{"STATE":"36","GEOID":"3604","NAME":"Congressional District 4"}},{"type":"Feature","geometry":{"type":"Polygon","coordinates":[[[-71.607,42.013],[-71.575,41.859],[-71.496,41.869],[-71.472,41.837],[-71.43,41.861],[-71.407,41.812],[-71.437,41.789],[-71.378,41.784],[-71.326,41.693],[-71.38,41.656],[-71.409,41.468],[-71.509,41.308],[-71.089,41.431],[-71.121,41.493],[-71.133,41.66],[-71.195,41.675],[-71.34,41.797],[-71.339,41.899],[-71.381,41.894],[-71.381,42.019],[-71.607,42.013]]]},"properties":{"STATE":"44","GEOID":"4401","NAME":"Congressional District 1"}},{"type":"Feature","geometry":{"type":"MultiPolygon","coordinates":[[[[-71.907,41.305],[-71.791,41.184],[-71.791,41.272],[-71.575,41.321],[-71.509,41.308],[-71.409,41.468],[-71.38,41.656],[-71.326,41.693],[-71.378,41.784],[-71.437,41.789],[-71.407,41.812],[-71.43,41.861],[-71.472,41.837],[-71.496,41.869],[-71.575,41.859],[-71.607,42.013],[-71.799,42.008],[-71.798,41.417],[-71.842,41.41],[-71.829,41.342],[-71.907,41.305]]],[[[-71.679,41.159],[-71.619,41.099],[-71.518,41.107],[-71.477,41.156],[-71.489,41.235],[-71.536,41.286],[-71.592,41.289],[-71.635,41.264],[-71.679,41.159]]]]},"properties":{"STATE":"44","GEOID":"4402","NAME":"Congressional District 2"}},{"type":"Feature","geometry":{"type":"Polygon","coordinates":[[[-95.262,29.587],[-95.254,29.554],[-95.193,29.56],[-95.163,29.498],[-95.059,29.559],[-94.911,29.496],[-94.793,29.551],[-94.756,29.525],[-94.558,29.575],[-94.499,29.544],[-94.354,29.611],[-94.358,29.89],[-94.251,29.926],[-94.204,29.983],[-94.212,30.076],[-94.15,30.093],[-94.116,30.058],[-94.086,30.089],[-94.118,30.242],[-93.706,30.247],[-93.705,30.291],[-93.766,30.333],[-93.758,30.39],[-93.698,30.442],[-93.708,30.521],[-93.74,30.54],[-93.679,30.594],[-93.683,30.641],[-93.63,30.68],[-93.614,30.76],[-93.554,30.824],[-93.574,30.885],[-93.526,30.938],[-93.578,31],[-93.508,31.032],[-93.564,31.095],[-93.533,31.184],[-93.911,31.158],[-94.473,31.026],[-94.562,31.059],[-94.658,31.012],[-94.538,30.491],[-94.849,30.494],[-95.166,30.345],[-95.031,29.993],[-94.986,29.973],[-95.062,29.889],[-95.036,29.888],[-94.998,29.802],[-95.013,29.77],[-95.07,29.796],[-95.124,29.757],[-95.19,29.769],[-95.164,29.681],[-95.219,29.649],[-95.191,29.592],[-95.239,29.61],[-95.262,29.587]]]},"properties":{"STATE":"48","GEOID":"4836","NAME":"Congressional District 36"}},{"type":"Feature","geometry":{"type":"Polygon","coordinates":[[[-98.214,26.245],[-98.163,26.217],[-98.18,26.121],[-98.147,26.116],[-98.137,26.174],[-98.129,26.129],[-98.108,26.202],[-98.073,26.174],[-98.077,26.036],[-98.028,26.067],[-97.862,26.07],[-97.737,26.021],[-97.663,26.038],[-97.568,25.952],[-97.583,25.933],[-97.537,25.931],[-97.521,25.886],[-97.456,25.884],[-97.425,25.841],[-97.41,25.862],[-97.373,25.84],[-97.375,25.908],[-97.277,25.935],[-97.285,25.959],[-97.09,25.961],[-97.125,26.248],[-97.283,26.763],[-97.323,27.01],[-97.297,27.25],[-97.165,27.568],[-97.841,27.558],[-97.932,27.636],[-98.06,27.636],[-98.058,27.261],[-97.986,27.26],[-97.985,26.616],[-97.957,26.612],[-98.004,26.449],[-97.862,26.434],[-97.862,26.348],[-98.014,26.333],[-98.013,26.296],[-98.155,26.3],[-98.159,26.245],[-98.214,26.245]]]},"properties":{"STATE":"48","GEOID":"4834","NAME":"Congressional District 34"}},{"type":"Feature","geometry":{"type":"Polygon","coordinates":[[[-95.623,29.675],[-95.571,29.649],[-95.598,29.647],[-95.583,29.581],[-95.532,29.574],[-95.562,29.563],[-95.527,29.511],[-95.463,29.508],[-95.475,29.46],[-95.551,29.438],[-95.463,29.439],[-95.446,29.5],[-95.401,29.483],[-95.371,29.525],[-95.314,29.516],[-95.331,29.552],[-95.306,29.56],[-95.386,29.586],[-95.297,29.597],[-95.305,29.621],[-95.243,29.641],[-95.311,29.712],[-95.379,29.691],[-95.39,29.725],[-95.463,29.68],[-95.493,29.678],[-95.503,29.713],[-95.623,29.675]]]},"properties":{"STATE":"48","GEOID":"4809","NAME":"Congressional District 9"}},{"type":"Feature","geometry":{"type":"Polygon","coordinates":[[[-80.297,26.236],[-80.192,26.214],[-80.099,26.327],[-80.169,26.107],[-80.049,26.093],[-80.007,26.426],[-80.171,26.409],[-80.237,26.384],[-80.25,26.341],[-80.297,26.356],[-80.297,26.236]]]},"properties":{"STATE":"12","GEOID":"1223","NAME":"Congressional District 23"}},{"type":"Feature","geometry":{"type":"Polygon","coordinates":[[[-83.021,27.881],[-82.994,27.778],[-82.915,27.684],[-82.925,27.645],[-82.747,27.647],[-82.736,27.61],[-82.673,27.645],[-82.68,27.837],[-82.652,27.886],[-82.709,27.959],[-82.649,27.966],[-82.651,28.173],[-83.019,28.171],[-82.997,28.013],[-83.021,27.881]]]},"properties":{"STATE":"12","GEOID":"1213","NAME":"Congressional District 13"}},{"type":"Feature","geometry":{"type":"Polygon","coordinates":[[[-80.886,26.949],[-80.873,25.979],[-80.439,25.957],[-80.447,26.146],[-80.363,26.127],[-80.363,26.102],[-80.314,26.123],[-80.314,26.161],[-80.234,26.106],[-80.149,26.122],[-80.161,26.165],[-80.098,26.327],[-80.192,26.214],[-80.297,26.229],[-80.297,26.356],[-80.25,26.341],[-80.222,26.513],[-80.364,26.685],[-80.07,26.676],[-80.043,26.804],[-80.085,26.808],[-80.092,26.77],[-80.132,26.796],[-80.1,26.707],[-80.3,26.745],[-80.309,26.707],[-80.363,26.71],[-80.386,26.769],[-80.58,26.929],[-80.58,26.958],[-80.886,26.949]]]},"properties":{"STATE":"12","GEOID":"1220","NAME":"Congressional District 20"}},{"type":"Feature","geometry":{"type":"Polygon","coordinates":[[[-83.575,29.527],[-83.533,29.408],[-83.357,29.292],[-83.188,28.987],[-82.762,28.992],[-82.712,29.031],[-82.613,29.009],[-82.478,29.053],[-82.311,28.96],[-82.124,28.96],[-82.185,29.121],[-82.079,29.135],[-82.054,29.194],[-82.152,29.246],[-82.11,29.435],[-82.056,29.442],[-82.05,30.362],[-82.193,30.379],[-82.201,30.485],[-82.24,30.538],[-82.215,30.569],[-83.309,30.634],[-83.269,30.621],[-83.244,30.473],[-83.171,30.385],[-83.237,30.262],[-83.283,30.253],[-83.293,30.129],[-83.368,30.129],[-83.371,29.888],[-83.353,29.822],[-83.319,29.823],[-83.363,29.669],[-83.415,29.666],[-83.575,29.527]]]},"properties":{"STATE":"12","GEOID":"1203","NAME":"Congressional District 3"}},{"type":"Feature","geometry":{"type":"Polygon","coordinates":[[[-81.674,28.347],[-81.659,28.254],[-81.567,28.242],[-81.524,28.201],[-81.529,28.034],[-81.387,28.003],[-81.309,27.922],[-81.302,27.862],[-81.208,27.821],[-81.142,27.643],[-80.873,27.642],[-80.873,28.37],[-80.941,28.392],[-80.979,28.453],[-81.23,28.451],[-81.248,28.51],[-81.303,28.521],[-81.397,28.51],[-81.405,28.434],[-81.472,28.42],[-81.532,28.347],[-81.674,28.347]]]},"properties":{"STATE":"12","GEOID":"1209","NAME":"Congressional District 9"}},{"type":"Feature","geometry":{"type":"Polygon","coordinates":[[[-87.635,30.866],[-87.533,30.743],[-87.394,30.646],[-87.45,30.514],[-87.367,30.437],[-87.505,30.324],[-87.45,30.311],[-87.518,30.284],[-87.518,30.126],[-86.688,30.245],[-86.385,30.225],[-86.18,30.172],[-86.18,30.375],[-86.088,30.53],[-86.122,30.677],[-86.167,30.731],[-86.12,30.787],[-86.133,30.993],[-87.599,30.997],[-87.635,30.866]]]},"properties":{"STATE":"12","GEOID":"1201","NAME":"Congressional District 1"}},{"type":"Feature","geometry":{"type":"Polygon","coordinates":[[[-81.095,28.549],[-81.061,28.452],[-80.979,28.453],[-80.863,28.347],[-80.873,27.642],[-80.778,27.643],[-80.777,27.559],[-80.264,27.557],[-80.333,27.761],[-80.5,28.077],[-80.544,28.271],[-80.471,28.472],[-80.523,28.608],[-80.663,28.791],[-80.968,28.79],[-80.964,28.613],[-81.068,28.613],[-81.095,28.549]]]},"properties":{"STATE":"12","GEOID":"1208","NAME":"Congressional District 8"}},{"type":"Feature","geometry":{"type":"Polygon","coordinates":[[[-82.935,27.595],[-82.851,27.391],[-82.252,27.386],[-82.254,27.209],[-82.056,27.208],[-82.055,27.927],[-82.354,27.949],[-82.347,27.864],[-82.385,27.864],[-82.385,27.78],[-82.515,27.65],[-82.697,27.645],[-82.736,27.61],[-82.747,27.647],[-82.925,27.645],[-82.935,27.595]]]},"properties":{"STATE":"12","GEOID":"1216","NAME":"Congressional District 16"}},{"type":"Feature","geometry":{"type":"Polygon","coordinates":[[[-81.692,30.147],[-81.688,30.026],[-81.605,29.963],[-81.583,29.845],[-81.395,29.861],[-81.337,29.817],[-81.318,29.845],[-81.27,29.819],[-81.206,29.838],[-81.331,30.299],[-81.317,30.396],[-81.607,30.364],[-81.606,30.329],[-81.664,30.321],[-81.684,30.283],[-81.649,30.228],[-81.692,30.147]]]},"properties":{"STATE":"12","GEOID":"1205","NAME":"Congressional District 5"}},{"type":"Feature","geometry":{"type":"Polygon","coordinates":[[[-83.188,28.987],[-83.082,28.946],[-82.946,28.964],[-82.924,28.767],[-82.839,28.575],[-82.897,28.357],[-83,28.285],[-83.019,28.171],[-82.405,28.186],[-82.367,28.238],[-82.297,28.256],[-82.274,28.325],[-82.225,28.334],[-82.056,28.259],[-82.054,28.521],[-82.212,28.574],[-82.274,28.655],[-82.17,28.796],[-82.316,28.974],[-82.478,29.053],[-82.613,29.009],[-82.712,29.031],[-82.762,28.992],[-83.188,28.987]]]},"properties":{"STATE":"12","GEOID":"1212","NAME":"Congressional District 12"}},{"type":"Feature","geometry":{"type":"Polygon","coordinates":[[[-80.293,25.925],[-80.243,25.871],[-80.249,25.815],[-80.185,25.811],[-80.204,25.789],[-80.083,25.729],[-80.063,25.977],[-80.279,25.994],[-80.293,25.925]]]},"properties":{"STATE":"12","GEOID":"1224","NAME":"Congressional District 24"}},{"type":"Feature","geometry":{"type":"Polygon","coordinates":[[[-82.185,29.09],[-82.124,28.96],[-81.954,28.96],[-81.953,28.887],[-81.839,28.895],[-81.751,28.835],[-81.692,28.838],[-81.687,28.788],[-81.593,28.786],[-81.42,28.815],[-81.314,28.984],[-81.258,28.956],[-81.232,29.018],[-81.084,29.012],[-81.088,29.106],[-81.048,29.12],[-81.045,29.155],[-80.979,29.155],[-80.998,29.206],[-80.946,29.227],[-81.206,29.838],[-81.27,29.819],[-81.318,29.845],[-81.34,29.817],[-81.395,29.861],[-81.812,29.836],[-81.914,29.791],[-81.939,29.747],[-82.056,29.718],[-82.056,29.442],[-82.11,29.435],[-82.151,29.339],[-82.152,29.242],[-82.054,29.194],[-82.079,29.135],[-82.185,29.121],[-82.185,29.09]]]},"properties":{"STATE":"12","GEOID":"1206","NAME":"Congressional District 6"}},{"type":"Feature","geometry":{"type":"Polygon","coordinates":[[[-82.851,27.391],[-82.671,27.154],[-82.462,26.787],[-81.931,26.77],[-81.882,26.657],[-81.84,26.689],[-81.788,26.642],[-81.764,26.657],[-81.767,26.627],[-81.681,26.616],[-81.678,26.566],[-81.635,26.542],[-81.564,26.542],[-81.563,27.034],[-82.058,27.032],[-82.056,27.208],[-82.254,27.209],[-82.252,27.386],[-82.851,27.391]]]},"properties":{"STATE":"12","GEOID":"1217","NAME":"Congressional District 17"}},{"type":"Feature","geometry":{"type":"Polygon","coordinates":[[[-82.058,27.126],[-82.058,27.032],[-81.563,27.034],[-81.564,26.513],[-81.435,26.486],[-81.434,26.418],[-81.272,26.423],[-81.268,26.253],[-80.88,26.259],[-80.886,26.959],[-80.677,27.122],[-80.68,27.559],[-80.777,27.559],[-80.778,27.643],[-81.142,27.643],[-81.208,27.821],[-81.302,27.862],[-81.309,27.922],[-81.387,28.003],[-81.529,28.034],[-81.524,28.201],[-81.565,28.241],[-81.621,28.254],[-81.777,28.165],[-81.789,28.186],[-81.836,28.154],[-81.906,28.172],[-81.974,28.128],[-81.957,27.982],[-82.055,27.927],[-82.058,27.126]]]},"properties":{"STATE":"12","GEOID":"1218","NAME":"Congressional District 18"}},{"type":"Feature","geometry":{"type":"Polygon","coordinates":[[[-80.45,26.142],[-80.439,25.957],[-80.295,25.957],[-80.279,25.994],[-80.063,25.977],[-80.049,26.093],[-80.234,26.106],[-80.298,26.16],[-80.346,26.102],[-80.45,26.142]]]},"properties":{"STATE":"12","GEOID":"1225","NAME":"Congressional District 25"}},{"type":"Feature","geometry":{"type":"Polygon","coordinates":[[[-82.549,28.131],[-82.542,28.061],[-82.352,28.013],[-82.36,27.962],[-82.32,27.938],[-82.03,27.924],[-81.957,27.982],[-81.975,28.165],[-82.163,28.328],[-82.274,28.325],[-82.297,28.256],[-82.367,28.238],[-82.404,28.186],[-82.544,28.189],[-82.549,28.131]]]},"properties":{"STATE":"12","GEOID":"1215","NAME":"Congressional District 15"}},{"type":"Feature","geometry":{"type":"MultiPolygon","coordinates":[[[[-82.325,24.59],[-82.215,24.584],[-82.217,24.534],[-82.179,24.5],[-82.067,24.524],[-81.974,24.471],[-81.974,24.421],[-81.921,24.396],[-81.801,24.427],[-81.792,24.496],[-81.75,24.438],[-81.697,24.432],[-81.54,24.486],[-81.515,24.565],[-81.375,24.571],[-81.148,24.649],[-81.048,24.64],[-80.771,24.766],[-80.453,24.964],[-80.101,25.459],[-80.112,25.54],[-80.317,25.533],[-80.359,25.556],[-80.389,25.665],[-80.352,25.762],[-80.369,25.797],[-80.417,25.761],[-80.649,25.761],[-80.827,25.762],[-80.873,25.805],[-81.848,25.801],[-81.762,25.697],[-81.576,25.686],[-81.425,25.552],[-81.325,25.391],[-81.342,25.225],[-81.295,25.098],[-81.17,24.962],[-81.255,24.987],[-81.488,24.966],[-81.894,24.764],[-82.027,24.726],[-82.201,24.738],[-82.282,24.676],[-82.325,24.59]]],[[[-83.109,24.629],[-83.083,24.537],[-83,24.477],[-83,24.584],[-82.872,24.562],[-82.657,24.584],[-82.64,24.655],[-82.71,24.773],[-82.869,24.798],[-83.041,24.741],[-83.109,24.629]]]]},"properties":{"STATE":"12","GEOID":"1228","NAME":"Congressional District 28"}},{"type":"Feature","geometry":{"type":"Polygon","coordinates":[[[-86.181,30.37],[-86.18,30.172],[-85.931,30.067],[-85.59,29.838],[-85.545,29.653],[-85.468,29.549],[-85.366,29.506],[-85.26,29.525],[-85.051,29.436],[-84.707,29.554],[-84.42,29.747],[-84.259,29.768],[-84.19,29.83],[-84.161,29.921],[-84.065,29.94],[-83.785,29.794],[-83.71,29.649],[-83.582,29.563],[-83.575,29.527],[-83.415,29.666],[-83.363,29.669],[-83.319,29.823],[-83.353,29.822],[-83.371,29.888],[-83.368,30.129],[-83.293,30.129],[-83.283,30.253],[-83.237,30.262],[-83.171,30.385],[-83.244,30.473],[-83.276,30.629],[-84.865,30.712],[-84.914,30.754],[-84.934,30.884],[-85.002,31.001],[-85.244,31.001],[-86.133,30.993],[-86.12,30.787],[-86.167,30.731],[-86.122,30.677],[-86.088,30.53],[-86.181,30.37]]]},"properties":{"STATE":"12","GEOID":"1202","NAME":"Congressional District 2"}},{"type":"Feature","geometry":{"type":"Polygon","coordinates":[[[-81.509,28.519],[-81.474,28.416],[-81.405,28.434],[-81.39,28.515],[-81.248,28.51],[-81.23,28.451],[-81.061,28.452],[-81.095,28.549],[-81.068,28.613],[-81.328,28.611],[-81.328,28.64],[-81.458,28.64],[-81.498,28.626],[-81.509,28.519]]]},"properties":{"STATE":"12","GEOID":"1210","NAME":"Congressional District 10"}},{"type":"Feature","geometry":{"type":"Polygon","coordinates":[[[-81.46,28.643],[-81.328,28.64],[-81.328,28.611],[-80.964,28.613],[-80.968,28.79],[-80.663,28.791],[-80.946,29.227],[-80.998,29.206],[-80.979,29.155],[-81.045,29.155],[-81.048,29.12],[-81.088,29.106],[-81.084,29.012],[-81.179,29.03],[-81.232,29.018],[-81.258,28.956],[-81.332,28.975],[-81.333,28.92],[-81.418,28.823],[-81.46,28.643]]]},"properties":{"STATE":"12","GEOID":"1207","NAME":"Congressional District 7"}},{"type":"Feature","geometry":{"type":"Polygon","coordinates":[[[-80.364,26.685],[-80.233,26.541],[-80.237,26.384],[-80.007,26.426],[-79.975,26.773],[-80.05,26.769],[-80.07,26.676],[-80.364,26.685]]]},"properties":{"STATE":"12","GEOID":"1222","NAME":"Congressional District 22"}},{"type":"Feature","geometry":{"type":"Polygon","coordinates":[[[-82.462,26.787],[-82.304,26.375],[-82.145,26.281],[-82.005,26.284],[-81.963,26.05],[-81.848,25.801],[-81.625,25.802],[-81.642,25.924],[-81.71,25.963],[-81.699,26.063],[-81.746,26.105],[-81.751,26.174],[-81.719,26.169],[-81.717,26.193],[-81.746,26.317],[-81.658,26.318],[-81.66,26.421],[-81.562,26.423],[-81.564,26.542],[-81.635,26.542],[-81.678,26.566],[-81.681,26.616],[-81.767,26.627],[-81.764,26.657],[-81.788,26.642],[-81.84,26.689],[-81.882,26.657],[-81.931,26.77],[-82.462,26.787]]]},"properties":{"STATE":"12","GEOID":"1219","NAME":"Congressional District 19"}},{"type":"Feature","geometry":{"type":"Polygon","coordinates":[[[-77.12,38.934],[-77.039,38.87],[-77.039,38.792],[-76.909,38.893],[-77.041,38.996],[-77.12,38.934]]]},"properties":{"STATE":"11","GEOID":"1198","NAME":"Delegate District (at Large)"}},{"type":"Feature","geometry":{"type":"Polygon","coordinates":[[[-81.751,26.174],[-81.746,26.105],[-81.699,26.063],[-81.71,25.963],[-81.643,25.925],[-81.625,25.802],[-80.873,25.805],[-80.826,25.762],[-80.427,25.761],[-80.385,25.797],[-80.223,25.783],[-80.185,25.805],[-80.249,25.815],[-80.243,25.871],[-80.292,25.896],[-80.279,25.971],[-80.873,25.979],[-80.88,26.259],[-81.268,26.253],[-81.272,26.423],[-81.434,26.418],[-81.435,26.486],[-81.544,26.513],[-81.562,26.423],[-81.66,26.421],[-81.658,26.318],[-81.746,26.317],[-81.717,26.193],[-81.719,26.169],[-81.751,26.174]]]},"properties":{"STATE":"12","GEOID":"1226","NAME":"Congressional District 26"}},{"type":"Feature","geometry":{"type":"Polygon","coordinates":[[[-96.83,33.055],[-96.829,33.028],[-96.753,33.019],[-96.709,33.089],[-96.655,33.073],[-96.682,33.031],[-96.613,33.01],[-96.613,32.984],[-96.297,32.982],[-96.297,32.898],[-96.128,32.909],[-96.115,32.937],[-95.968,32.914],[-95.945,32.98],[-95.863,32.98],[-95.859,33.41],[-96.384,33.341],[-96.385,33.398],[-96.727,33.403],[-96.67,33.294],[-96.792,33.294],[-96.812,33.219],[-96.733,33.219],[-96.733,33.152],[-96.803,33.153],[-96.805,33.097],[-96.733,33.125],[-96.734,33.101],[-96.771,33.101],[-96.77,33.052],[-96.83,33.055]]]},"properties":{"STATE":"48","GEOID":"4803","NAME":"Congressional District 3"}},{"type":"Feature","geometry":{"type":"Polygon","coordinates":[[[-112.313,33.493],[-112.221,33.452],[-112.272,33.436],[-112.273,33.381],[-112.235,33.389],[-112.148,33.305],[-111.957,33.356],[-111.978,33.466],[-112.013,33.466],[-112.048,33.516],[-112.203,33.538],[-112.203,33.509],[-112.294,33.522],[-112.313,33.493]]]},"properties":{"STATE":"04","GEOID":"0403","NAME":"Congressional District 3"}},{"type":"Feature","geometry":{"type":"Polygon","coordinates":[[[-114.755,36.086],[-114.722,36.029],[-114.741,35.976],[-114.662,35.871],[-114.706,35.851],[-114.712,35.806],[-114.69,35.651],[-114.654,35.61],[-114.679,35.498],[-114.605,35.355],[-114.569,35.183],[-114.578,35.129],[-114.647,35.102],[-114.603,35.069],[-114.638,35.027],[-114.635,34.875],[-114.47,34.711],[-114.437,34.596],[-114.381,34.53],[-114.387,34.458],[-114.177,34.349],[-114.131,34.263],[-114.434,34.087],[-114.438,34.023],[-114.536,33.934],[-114.508,33.904],[-114.528,33.815],[-114.494,33.708],[-114.532,33.675],[-114.524,33.553],[-114.643,33.417],[-114.725,33.405],[-114.698,33.352],[-114.731,33.302],[-114.672,33.258],[-114.706,33.088],[-114.662,33.033],[-114.52,33.03],[-114.467,32.965],[-114.469,32.845],[-114.53,32.795],[-114.535,32.733],[-114.614,32.726],[-114.599,32.68],[-114.685,32.684],[-114.684,32.626],[-114.633,32.626],[-114.632,32.553],[-114.563,32.553],[-114.542,32.626],[-114.116,32.62],[-113.747,32.694],[-113.747,32.726],[-113.617,32.767],[-113.334,32.768],[-113.334,33.023],[-113.145,33.098],[-113.027,33.204],[-112.828,33.203],[-112.828,33.117],[-112.496,33.131],[-112.496,33.218],[-112.461,33.218],[-112.461,33.189],[-112.358,33.189],[-112.358,33.486],[-112.294,33.522],[-112.203,33.509],[-112.203,33.538],[-112.307,33.551],[-112.308,33.639],[-112.46,33.638],[-112.306,33.718],[-112.395,33.753],[-112.395,33.782],[-112.447,33.782],[-112.428,33.921],[-112.744,34],[-113.333,34],[-113.334,35.508],[-113.62,35.495],[-113.784,35.655],[-113.83,35.67],[-113.831,35.607],[-113.873,35.589],[-113.852,35.623],[-113.92,35.621],[-113.985,35.708],[-114.043,35.725],[-113.905,35.82],[-113.904,36.093],[-113.782,36.025],[-113.713,35.885],[-113.647,35.824],[-113.606,35.849],[-113.514,35.768],[-113.384,35.755],[-113.31,35.863],[-113.354,36.04],[-113.32,36.097],[-113.225,36.091],[-113.163,36.172],[-113.018,36.237],[-112.794,36.284],[-112.629,36.392],[-112.648,36.447],[-112.622,36.485],[-112.66,36.543],[-112.621,36.596],[-112.639,36.674],[-112.597,36.83],[-112.827,36.832],[-112.83,37.001],[-114.051,37],[-114.044,36.193],[-114.121,36.111],[-114.137,36.038],[-114.244,36.015],[-114.406,36.147],[-114.445,36.125],[-114.63,36.142],[-114.755,36.086]]]},"properties":{"STATE":"04","GEOID":"0409","NAME":"Congressional District 9"}},{"type":"Feature","geometry":{"type":"Polygon","coordinates":[[[-112.115,33.7],[-112.1,33.517],[-112.048,33.516],[-111.955,33.445],[-111.939,33.465],[-111.856,33.437],[-111.715,33.5],[-111.672,33.469],[-111.604,33.496],[-111.581,33.466],[-111.04,33.466],[-111.153,33.678],[-111.224,33.603],[-111.387,33.75],[-111.372,33.824],[-111.405,33.919],[-111.452,33.921],[-111.433,33.984],[-111.454,34.005],[-111.996,34.03],[-111.996,33.901],[-112.031,33.901],[-112.031,33.844],[-111.995,33.748],[-112.026,33.699],[-112.115,33.7]]]},"properties":{"STATE":"04","GEOID":"0401","NAME":"Congressional District 1"}},{"type":"Feature","geometry":{"type":"Polygon","coordinates":[[[-112.46,33.638],[-112.308,33.639],[-112.307,33.551],[-112.1,33.531],[-112.115,33.7],[-112.026,33.699],[-111.995,33.748],[-112.031,33.844],[-112.031,33.901],[-111.996,33.901],[-111.996,34.03],[-112.165,34.048],[-112.161,34.018],[-112.24,33.957],[-112.235,33.916],[-112.276,33.882],[-112.428,33.921],[-112.447,33.782],[-112.395,33.782],[-112.395,33.753],[-112.306,33.718],[-112.46,33.638]]]},"properties":{"STATE":"04","GEOID":"0408","NAME":"Congressional District 8"}},{"type":"Feature","geometry":{"type":"Polygon","coordinates":[[[-111.894,33.291],[-111.893,33.203],[-111.686,33.205],[-111.686,33.118],[-111.486,33.118],[-111.488,33.162],[-111.466,33.153],[-111.529,33.249],[-111.519,33.293],[-111.409,33.309],[-111.494,33.386],[-111.477,33.466],[-111.65,33.495],[-111.684,33.473],[-111.637,33.415],[-111.688,33.379],[-111.841,33.379],[-111.824,33.283],[-111.894,33.291]]]},"properties":{"STATE":"04","GEOID":"0405","NAME":"Congressional District 5"}},{"type":"Feature","geometry":{"type":"Polygon","coordinates":[[[-111.878,32.875],[-111.843,32.872],[-111.826,32.828],[-111.757,32.828],[-111.672,32.646],[-111.5,32.647],[-111.5,32.618],[-111.465,32.615],[-111.466,32.501],[-111.342,32.499],[-111.304,32.392],[-111.234,32.402],[-111.234,32.366],[-111.144,32.381],[-111.123,32.316],[-111.044,32.316],[-110.927,32.265],[-110.91,32.222],[-110.829,32.221],[-110.81,32.192],[-110.909,32.195],[-110.91,32.134],[-110.858,32.142],[-110.859,31.963],[-110.944,31.95],[-110.964,31.896],[-111.012,31.891],[-111.058,31.726],[-110.452,31.731],[-110.46,31.4],[-110.436,31.425],[-110.399,31.377],[-110.239,31.348],[-110.207,31.351],[-110.207,31.38],[-110.241,31.409],[-110.037,31.38],[-110.004,31.469],[-110.053,31.469],[-110.053,31.553],[-109.852,31.557],[-109.817,31.436],[-109.63,31.437],[-109.646,31.466],[-109.482,31.455],[-109.464,31.386],[-109.494,31.334],[-109.05,31.332],[-109.047,33.777],[-109.349,33.778],[-109.353,33.725],[-109.484,33.687],[-109.515,33.035],[-109.56,33.052],[-109.595,33.016],[-109.666,33.015],[-109.76,33.07],[-109.77,33.126],[-109.817,33.119],[-109.85,33.162],[-109.894,33.146],[-110.055,33.305],[-110.055,32.875],[-110.137,32.958],[-110.395,33.007],[-110.449,32.987],[-110.449,32.771],[-111.249,32.787],[-111.26,32.763],[-111.362,32.763],[-111.361,32.85],[-111.498,32.85],[-111.515,32.778],[-111.515,32.836],[-111.602,32.85],[-111.593,32.88],[-111.654,32.85],[-111.654,32.894],[-111.809,32.912],[-111.878,32.875]]]},"properties":{"STATE":"04","GEOID":"0406","NAME":"Congressional District 6"}},{"type":"Feature","geometry":{"type":"Polygon","coordinates":[[[-112.146,33.305],[-111.824,33.283],[-111.841,33.379],[-111.688,33.379],[-111.636,33.427],[-111.684,33.5],[-111.856,33.437],[-111.939,33.465],[-111.981,33.451],[-111.957,33.356],[-112.146,33.305]]]},"properties":{"STATE":"04","GEOID":"0404","NAME":"Congressional District 4"}},{"type":"Feature","geometry":{"type":"Polygon","coordinates":[[[-114.042,35.725],[-113.985,35.708],[-113.92,35.621],[-113.852,35.623],[-113.873,35.589],[-113.831,35.607],[-113.83,35.67],[-113.784,35.655],[-113.62,35.495],[-113.334,35.508],[-113.333,34],[-112.744,34],[-112.276,33.882],[-112.235,33.916],[-112.24,33.957],[-112.161,34.018],[-112.165,34.048],[-111.726,34],[-111.454,34.005],[-111.433,33.984],[-111.452,33.921],[-111.405,33.919],[-111.372,33.824],[-111.387,33.75],[-111.331,33.688],[-111.222,33.602],[-111.153,33.678],[-111.04,33.466],[-111.477,33.466],[-111.494,33.386],[-111.409,33.309],[-111.519,33.293],[-111.529,33.249],[-111.466,33.153],[-111.488,33.162],[-111.486,33.118],[-111.686,33.118],[-111.686,33.205],[-111.893,33.203],[-111.894,33.291],[-112.134,33.29],[-112.235,33.389],[-112.309,33.381],[-112.306,33.247],[-112.202,33.247],[-112.197,32.978],[-112.048,32.986],[-112.067,32.85],[-112.032,32.85],[-112.032,32.879],[-111.878,32.872],[-111.805,32.912],[-111.654,32.894],[-111.654,32.85],[-111.593,32.88],[-111.602,32.85],[-111.515,32.836],[-111.515,32.778],[-111.498,32.85],[-111.454,32.851],[-111.361,32.85],[-111.362,32.763],[-111.26,32.763],[-111.249,32.787],[-110.449,32.771],[-110.449,32.987],[-110.395,33.007],[-110.137,32.958],[-110.055,32.875],[-110.055,33.305],[-109.894,33.146],[-109.85,33.162],[-109.817,33.119],[-109.77,33.126],[-109.76,33.07],[-109.666,33.015],[-109.595,33.016],[-109.56,33.052],[-109.515,33.035],[-109.484,33.687],[-109.353,33.725],[-109.349,33.778],[-109.047,33.777],[-109.045,36.999],[-112.83,37.001],[-112.827,36.832],[-112.597,36.829],[-112.639,36.674],[-112.621,36.596],[-112.66,36.543],[-112.622,36.485],[-112.657,36.357],[-112.723,36.347],[-112.723,36.32],[-112.794,36.284],[-113.018,36.237],[-113.163,36.172],[-113.225,36.091],[-113.32,36.097],[-113.354,36.04],[-113.31,35.863],[-113.387,35.753],[-113.514,35.768],[-113.606,35.849],[-113.647,35.824],[-113.713,35.885],[-113.782,36.025],[-113.904,36.093],[-113.905,35.82],[-114.042,35.725]]]},"properties":{"STATE":"04","GEOID":"0402","NAME":"Congressional District 2"}},{"type":"Feature","geometry":{"type":"Polygon","coordinates":[[[-114.816,32.508],[-111.075,31.332],[-109.487,31.334],[-109.464,31.386],[-109.503,31.465],[-109.817,31.436],[-109.852,31.557],[-110.053,31.553],[-110.053,31.469],[-110.004,31.469],[-110.037,31.38],[-110.241,31.409],[-110.207,31.351],[-110.287,31.353],[-110.403,31.379],[-110.436,31.425],[-110.46,31.4],[-110.452,31.731],[-111.058,31.726],[-111.012,31.891],[-110.964,31.896],[-110.944,31.95],[-110.859,31.963],[-110.858,32.142],[-110.91,32.134],[-110.909,32.195],[-110.81,32.192],[-110.829,32.221],[-110.91,32.222],[-110.927,32.265],[-111.044,32.316],[-111.123,32.316],[-111.144,32.381],[-111.234,32.366],[-111.234,32.402],[-111.304,32.392],[-111.342,32.499],[-111.466,32.501],[-111.465,32.615],[-111.5,32.618],[-111.5,32.647],[-111.672,32.646],[-111.757,32.828],[-111.826,32.828],[-111.843,32.872],[-112.032,32.879],[-112.032,32.85],[-112.067,32.85],[-112.048,32.986],[-112.203,32.993],[-112.202,33.247],[-112.306,33.247],[-112.309,33.381],[-112.273,33.381],[-112.272,33.436],[-112.221,33.437],[-112.272,33.494],[-112.358,33.486],[-112.358,33.189],[-112.461,33.189],[-112.461,33.218],[-112.496,33.218],[-112.496,33.131],[-112.828,33.117],[-112.828,33.203],[-113.027,33.204],[-113.145,33.098],[-113.334,33.023],[-113.334,32.768],[-113.617,32.767],[-113.747,32.726],[-113.747,32.694],[-114.116,32.62],[-114.542,32.626],[-114.563,32.553],[-114.632,32.553],[-114.633,32.626],[-114.684,32.626],[-114.685,32.684],[-114.599,32.68],[-114.614,32.726],[-114.55,32.721],[-114.527,32.76],[-114.617,32.728],[-114.702,32.746],[-114.808,32.619],[-114.814,32.562],[-114.791,32.556],[-114.816,32.508]]]},"properties":{"STATE":"04","GEOID":"0407","NAME":"Congressional District 7"}},{"type":"Feature","geometry":{"type":"Polygon","coordinates":[[[-75.031,39.992],[-74.969,39.946],[-74.984,39.927],[-74.931,39.886],[-74.895,39.783],[-74.807,39.783],[-74.668,39.684],[-74.655,39.627],[-74.435,39.542],[-74.39,39.596],[-74.39,39.773],[-74.553,40.079],[-74.342,40.217],[-74.269,40.206],[-74.224,40.261],[-74.225,40.339],[-74.149,40.325],[-74.133,40.427],[-74.209,40.405],[-74.209,40.382],[-74.262,40.395],[-74.461,40.251],[-74.573,40.301],[-74.599,40.247],[-74.65,40.242],[-74.713,40.358],[-74.762,40.284],[-74.724,40.146],[-74.823,40.127],[-75.031,39.992]]]},"properties":{"STATE":"34","GEOID":"3403","NAME":"Congressional District 3"}},{"type":"Feature","geometry":{"type":"Polygon","coordinates":[[[-75.267,39.808],[-75.194,39.793],[-75.229,39.758],[-75.14,39.715],[-75.168,39.685],[-75.053,39.678],[-74.912,39.578],[-74.736,39.73],[-74.807,39.784],[-74.903,39.791],[-74.931,39.886],[-75.02,39.968],[-75.031,40.016],[-75.131,39.959],[-75.141,39.886],[-75.257,39.852],[-75.236,39.82],[-75.267,39.808]]]},"properties":{"STATE":"34","GEOID":"3401","NAME":"Congressional District 1"}},{"type":"Feature","geometry":{"type":"Polygon","coordinates":[[[-74.254,40.67],[-74.201,40.633],[-74.056,40.651],[-73.985,40.798],[-74.018,40.823],[-74.091,40.749],[-74.109,40.778],[-74.163,40.754],[-74.148,40.78],[-74.172,40.788],[-74.193,40.756],[-74.167,40.72],[-74.117,40.71],[-74.089,40.738],[-74.055,40.717],[-74.137,40.674],[-74.254,40.67]],[[-74.047,40.691],[-74.044,40.69],[-74.044,40.689],[-74.047,40.691]],[[-74.041,40.7],[-74.038,40.699],[-74.04,40.699],[-74.041,40.7]]]},"properties":{"STATE":"34","GEOID":"3408","NAME":"Congressional District 8"}},{"type":"Feature","geometry":{"type":"Polygon","coordinates":[[[-74.872,41.201],[-74.811,41.06],[-74.763,41.069],[-74.788,41.006],[-74.752,40.977],[-74.732,40.996],[-74.74,40.97],[-74.689,41.009],[-74.639,41.119],[-74.536,41.059],[-74.5,41.086],[-74.498,41.034],[-74.447,41.054],[-74.435,41.02],[-74.35,41.004],[-74.301,40.999],[-74.249,41.064],[-74.17,41.028],[-74.192,40.979],[-74.141,40.966],[-74.14,40.924],[-74.054,40.906],[-74.068,40.876],[-73.977,40.828],[-73.896,40.982],[-74.696,41.358],[-74.796,41.32],[-74.872,41.201]]]},"properties":{"STATE":"34","GEOID":"3405","NAME":"Congressional District 5"}},{"type":"Feature","geometry":{"type":"Polygon","coordinates":[[[-74.943,40.342],[-74.752,40.184],[-74.729,40.221],[-74.762,40.284],[-74.713,40.358],[-74.65,40.242],[-74.599,40.247],[-74.573,40.301],[-74.461,40.251],[-74.393,40.28],[-74.261,40.413],[-74.305,40.415],[-74.314,40.451],[-74.362,40.417],[-74.385,40.487],[-74.489,40.474],[-74.459,40.497],[-74.52,40.556],[-74.395,40.601],[-74.383,40.629],[-74.409,40.644],[-74.524,40.57],[-74.688,40.555],[-74.708,40.528],[-74.655,40.478],[-74.808,40.417],[-74.802,40.385],[-74.87,40.378],[-74.856,40.347],[-74.943,40.342]]]},"properties":{"STATE":"34","GEOID":"3412","NAME":"Congressional District 12"}},{"type":"Feature","geometry":{"type":"Polygon","coordinates":[[[-74.52,40.556],[-74.459,40.497],[-74.489,40.474],[-74.385,40.487],[-74.362,40.417],[-74.314,40.451],[-74.305,40.415],[-74.209,40.382],[-74.122,40.439],[-74.024,40.4],[-74.012,40.382],[-74.09,40.339],[-74.047,40.33],[-74,40.256],[-74.095,40.206],[-74.005,40.195],[-74.028,40.117],[-73.965,40.098],[-73.891,40.311],[-73.89,40.487],[-73.978,40.519],[-74.225,40.477],[-74.258,40.509],[-74.214,40.604],[-74.455,40.596],[-74.52,40.556]]]},"properties":{"STATE":"34","GEOID":"3406","NAME":"Congressional District 6"}},{"type":"Feature","geometry":{"type":"Polygon","coordinates":[[[-74.553,40.079],[-74.417,39.823],[-74.25,39.798],[-74.204,39.841],[-74.2,39.811],[-74.103,39.796],[-74.087,39.875],[-74.168,39.867],[-74.175,39.904],[-74.097,39.941],[-74.077,39.913],[-74.036,40.094],[-74.007,40.098],[-74.028,40.117],[-74.005,40.195],[-74.095,40.206],[-74.077,40.234],[-74.009,40.235],[-74.003,40.276],[-74.09,40.339],[-74.015,40.389],[-74.131,40.436],[-74.149,40.325],[-74.225,40.339],[-74.224,40.261],[-74.269,40.206],[-74.342,40.217],[-74.553,40.079]]]},"properties":{"STATE":"34","GEOID":"3404","NAME":"Congressional District 4"}},{"type":"Feature","geometry":{"type":"Polygon","coordinates":[[[-75.564,39.483],[-75.316,39.245],[-75.015,38.789],[-74.908,38.879],[-74.824,38.896],[-74.743,38.959],[-74.565,39.211],[-74.462,39.301],[-74.369,39.321],[-74.266,39.422],[-74.044,39.736],[-73.965,40.098],[-74.034,40.1],[-74.077,39.913],[-74.097,39.941],[-74.171,39.915],[-74.17,39.868],[-74.087,39.875],[-74.103,39.796],[-74.2,39.811],[-74.204,39.841],[-74.25,39.798],[-74.417,39.823],[-74.39,39.773],[-74.39,39.596],[-74.435,39.542],[-74.655,39.627],[-74.668,39.684],[-74.736,39.73],[-74.912,39.578],[-75.053,39.678],[-75.168,39.685],[-75.14,39.715],[-75.229,39.758],[-75.194,39.793],[-75.267,39.808],[-75.236,39.82],[-75.257,39.852],[-75.323,39.85],[-75.451,39.775],[-75.557,39.633],[-75.512,39.567],[-75.527,39.499],[-75.564,39.483]]]},"properties":{"STATE":"34","GEOID":"3402","NAME":"Congressional District 2"}},{"type":"Feature","geometry":{"type":"Polygon","coordinates":[[[-74.334,40.65],[-74.266,40.627],[-74.216,40.644],[-74.254,40.67],[-74.094,40.687],[-74.055,40.732],[-74.167,40.72],[-74.165,40.751],[-74.219,40.788],[-74.208,40.825],[-74.227,40.795],[-74.22,40.834],[-74.285,40.847],[-74.305,40.758],[-74.235,40.751],[-74.256,40.713],[-74.294,40.72],[-74.334,40.65]]]},"properties":{"STATE":"34","GEOID":"3410","NAME":"Congressional District 10"}},{"type":"Feature","geometry":{"type":"Polygon","coordinates":[[[-75.204,40.691],[-75.177,40.676],[-75.195,40.577],[-75.069,40.542],[-75.059,40.419],[-74.967,40.399],[-74.932,40.339],[-74.856,40.347],[-74.87,40.378],[-74.802,40.385],[-74.808,40.417],[-74.655,40.478],[-74.708,40.528],[-74.687,40.555],[-74.524,40.57],[-74.409,40.644],[-74.383,40.629],[-74.395,40.601],[-74.2,40.598],[-74.216,40.644],[-74.275,40.625],[-74.334,40.649],[-74.296,40.712],[-74.369,40.739],[-74.444,40.688],[-74.449,40.717],[-74.514,40.698],[-74.549,40.734],[-74.538,40.811],[-74.631,40.805],[-74.646,40.837],[-74.566,40.908],[-74.595,40.902],[-74.641,40.962],[-74.536,41.059],[-74.639,41.119],[-74.689,41.009],[-74.74,40.97],[-74.732,40.996],[-74.752,40.977],[-74.788,41.006],[-74.763,41.069],[-74.811,41.06],[-74.872,41.201],[-74.982,41.108],[-74.97,41.086],[-75.131,40.99],[-75.051,40.866],[-75.096,40.847],[-75.109,40.791],[-75.197,40.752],[-75.204,40.691]]]},"properties":{"STATE":"34","GEOID":"3407","NAME":"Congressional District 7"}},{"type":"Feature","geometry":{"type":"Polygon","coordinates":[[[-74.646,40.837],[-74.631,40.805],[-74.538,40.811],[-74.549,40.734],[-74.514,40.698],[-74.449,40.717],[-74.444,40.688],[-74.372,40.74],[-74.253,40.715],[-74.235,40.751],[-74.305,40.758],[-74.285,40.847],[-74.22,40.834],[-74.227,40.795],[-74.208,40.825],[-74.219,40.788],[-74.189,40.768],[-74.13,40.82],[-74.198,40.857],[-74.174,40.901],[-74.206,40.917],[-74.198,40.956],[-74.435,41.02],[-74.447,41.054],[-74.498,41.034],[-74.501,41.086],[-74.641,40.963],[-74.595,40.902],[-74.566,40.908],[-74.646,40.837]]]},"properties":{"STATE":"34","GEOID":"3411","NAME":"Congressional District 11"}},{"type":"Feature","geometry":{"type":"Polygon","coordinates":[[[-85.387,33.902],[-85.184,32.861],[-85.122,32.774],[-85.143,32.76],[-85.113,32.736],[-85.105,32.641],[-84.999,32.507],[-84.97,32.516],[-84.984,32.489],[-84.922,32.523],[-84.937,32.563],[-84.967,32.542],[-84.982,32.608],[-84.695,32.584],[-84.701,32.845],[-84.477,32.878],[-84.457,32.829],[-84.421,32.839],[-84.383,32.78],[-84.256,32.723],[-84.236,32.738],[-84.203,32.69],[-84.149,32.801],[-84.124,32.801],[-84.123,32.932],[-84.044,32.948],[-84.041,33.168],[-84.041,33.203],[-84.124,33.203],[-84.103,33.299],[-84.151,33.336],[-84.247,33.336],[-84.247,33.371],[-84.181,33.427],[-84.203,33.452],[-84.354,33.436],[-84.354,33.353],[-84.388,33.352],[-84.397,33.486],[-84.422,33.456],[-84.469,33.488],[-84.496,33.448],[-84.557,33.528],[-84.609,33.503],[-84.851,33.511],[-84.816,33.521],[-84.826,33.562],[-84.753,33.629],[-84.767,33.787],[-84.879,33.775],[-85.038,33.812],[-85.037,33.904],[-85.387,33.902]]]},"properties":{"STATE":"13","GEOID":"1303","NAME":"Congressional District 3"}},{"type":"Feature","geometry":{"type":"Polygon","coordinates":[[[-85.142,31.782],[-85.041,31.542],[-85.115,31.277],[-85.108,31.186],[-85.036,31.108],[-85.006,30.976],[-84.934,30.884],[-84.92,30.766],[-84.865,30.712],[-83.744,30.658],[-83.736,31.038],[-84.004,31.042],[-83.982,31.563],[-84.033,31.715],[-83.986,31.765],[-84.008,31.802],[-83.927,31.863],[-83.961,32.031],[-83.61,32.028],[-83.606,32.288],[-83.848,32.291],[-83.847,32.469],[-83.798,32.447],[-83.787,32.513],[-83.723,32.521],[-83.719,32.631],[-83.537,32.575],[-83.556,32.653],[-83.612,32.695],[-83.602,32.741],[-83.489,32.824],[-83.598,32.888],[-83.659,32.888],[-83.662,32.854],[-83.711,32.858],[-83.705,32.833],[-83.745,32.861],[-83.767,32.819],[-83.873,32.859],[-84.124,32.85],[-84.124,32.801],[-84.149,32.801],[-84.203,32.69],[-84.236,32.738],[-84.256,32.723],[-84.383,32.78],[-84.421,32.839],[-84.457,32.829],[-84.477,32.878],[-84.701,32.845],[-84.695,32.584],[-84.982,32.608],[-84.967,32.542],[-84.937,32.563],[-84.923,32.522],[-84.967,32.482],[-84.97,32.516],[-84.999,32.507],[-84.963,32.424],[-85.007,32.328],[-84.888,32.259],[-85.062,32.133],[-85.049,32.022],[-85.134,31.892],[-85.142,31.782]]]},"properties":{"STATE":"13","GEOID":"1302","NAME":"Congressional District 2"}},{"type":"Feature","geometry":{"type":"Polygon","coordinates":[[[-84.851,33.512],[-84.609,33.503],[-84.557,33.528],[-84.496,33.448],[-84.469,33.488],[-84.422,33.456],[-84.397,33.486],[-84.459,33.551],[-84.458,33.629],[-84.523,33.665],[-84.464,33.788],[-84.348,33.825],[-84.348,33.93],[-84.447,33.9],[-84.544,33.922],[-84.573,33.898],[-84.724,33.904],[-84.724,33.789],[-84.781,33.76],[-84.747,33.708],[-84.753,33.629],[-84.826,33.562],[-84.816,33.521],[-84.851,33.512]]]},"properties":{"STATE":"13","GEOID":"1306","NAME":"Congressional District 6"}},{"type":"Feature","geometry":{"type":"Polygon","coordinates":[[[-84.249,33.353],[-84.151,33.336],[-84.089,33.286],[-84.124,33.203],[-83.843,33.197],[-83.816,33.132],[-83.263,33.189],[-83.098,33.152],[-83.101,33.05],[-83.009,33.081],[-82.748,33.238],[-82.786,33.268],[-82.823,33.426],[-82.867,33.467],[-82.815,33.521],[-82.747,33.512],[-82.68,33.6],[-82.813,33.656],[-82.879,33.62],[-82.938,33.715],[-82.866,33.726],[-82.812,33.776],[-82.811,33.829],[-82.78,33.813],[-82.729,33.86],[-82.771,33.973],[-82.656,33.991],[-82.564,33.956],[-82.575,33.992],[-82.717,34.151],[-82.747,34.267],[-82.887,34.481],[-82.999,34.472],[-83.104,34.537],[-83.178,34.477],[-83.398,34.461],[-83.394,34.325],[-83.338,34.261],[-83.402,34.197],[-83.362,34.158],[-83.387,34.05],[-83.359,34.04],[-83.537,33.966],[-83.574,34.039],[-83.764,34.065],[-83.818,34.127],[-83.865,34.013],[-83.911,34.015],[-83.939,33.979],[-83.843,33.895],[-83.982,33.786],[-83.915,33.744],[-83.925,33.633],[-83.849,33.654],[-83.804,33.611],[-83.823,33.557],[-83.891,33.518],[-83.955,33.548],[-84.056,33.526],[-84.097,33.56],[-84.144,33.491],[-84.217,33.482],[-84.181,33.427],[-84.249,33.353]]]},"properties":{"STATE":"13","GEOID":"1310","NAME":"Congressional District 10"}},{"type":"Feature","geometry":{"type":"Polygon","coordinates":[[[-82.05,30.676],[-82.005,30.564],[-82.05,30.361],[-82.049,29.719],[-81.939,29.747],[-81.914,29.791],[-81.812,29.836],[-81.581,29.84],[-81.605,29.963],[-81.689,30.029],[-81.691,30.172],[-81.649,30.228],[-81.684,30.283],[-81.664,30.321],[-81.606,30.329],[-81.607,30.364],[-81.553,30.362],[-81.556,30.385],[-81.317,30.396],[-81.38,30.563],[-81.347,30.712],[-81.61,30.716],[-81.939,30.83],[-81.978,30.777],[-82.023,30.788],[-82.05,30.676]]]},"properties":{"STATE":"12","GEOID":"1204","NAME":"Congressional District 4"}},{"type":"Feature","geometry":{"type":"Polygon","coordinates":[[[-109.047,35.393],[-109.046,35.176],[-108.848,35.177],[-108.856,35.106],[-108.807,35.119],[-108.826,35.075],[-108.763,35.056],[-108.715,35.065],[-108.736,35.099],[-108.705,35.112],[-108.54,35.122],[-108.539,35.292],[-108.492,35.306],[-107.734,35.305],[-107.734,35.348],[-107.628,35.348],[-107.629,35.304],[-107.239,35.306],[-107.197,35.219],[-106.962,35.218],[-106.976,35.284],[-106.856,35.293],[-106.862,35.357],[-106.718,35.322],[-106.635,35.371],[-106.558,35.324],[-106.481,35.358],[-106.395,35.348],[-106.355,35.366],[-106.356,35.449],[-106.325,35.462],[-106.249,35.443],[-106.245,35.239],[-106.157,35.225],[-106.156,35.142],[-105.98,35.142],[-106.03,35.041],[-105.291,35.042],[-105.291,35.216],[-104.125,35.216],[-104.129,34.605],[-103.949,34.605],[-103.946,34.082],[-103.842,34.082],[-103.842,33.819],[-103.717,33.82],[-103.718,33.704],[-103.771,33.728],[-103.884,33.67],[-104.206,33.644],[-104.349,33.588],[-104.488,33.437],[-104.559,33.438],[-104.595,33.394],[-104.885,33.369],[-104.905,32.963],[-104.551,32.964],[-104.593,32.843],[-104.631,32.828],[-104.518,32.787],[-104.531,32.756],[-104.413,32.785],[-104.413,32.828],[-104.396,32.784],[-104.32,32.76],[-104.15,32.8],[-104.108,32.965],[-103.815,32.965],[-103.814,32.77],[-103.351,32.769],[-103.351,32.697],[-103.124,32.697],[-103.111,32.737],[-103.065,32.727],[-103.042,36.5],[-103.002,36.501],[-103.002,37],[-109.045,36.999],[-109.047,35.393]]]},"properties":{"STATE":"35","GEOID":"3503","NAME":"Congressional District 3"}},{"type":"Feature","geometry":{"type":"Polygon","coordinates":[[[-106.981,35.26],[-106.962,35.218],[-106.681,35.197],[-106.727,35.124],[-106.629,35.045],[-106.664,34.947],[-106.38,34.947],[-106.412,34.87],[-106.464,34.87],[-106.465,34.811],[-106.668,34.811],[-106.684,34.871],[-106.72,34.872],[-106.748,34.708],[-106.745,34.66],[-106.715,34.658],[-106.726,34.639],[-106.565,34.474],[-106.417,34.44],[-106.416,34.26],[-105.926,34.26],[-105.925,33.826],[-106.053,33.826],[-106.053,33.65],[-106.374,33.661],[-106.372,33.391],[-105.932,33.39],[-105.93,33.218],[-105.749,33.229],[-105.694,33.117],[-105.46,33.024],[-105.484,33.005],[-105.316,33.003],[-105.317,33.132],[-104.905,33.139],[-104.885,33.369],[-104.595,33.394],[-104.559,33.438],[-104.488,33.437],[-104.349,33.588],[-104.206,33.644],[-103.884,33.67],[-103.771,33.728],[-103.718,33.704],[-103.717,33.82],[-103.842,33.819],[-103.842,34.082],[-103.946,34.082],[-103.949,34.605],[-104.129,34.605],[-104.125,35.216],[-105.291,35.216],[-105.291,35.042],[-106.03,35.041],[-105.98,35.142],[-106.156,35.142],[-106.157,35.225],[-106.245,35.239],[-106.249,35.443],[-106.325,35.462],[-106.356,35.449],[-106.355,35.366],[-106.395,35.348],[-106.481,35.358],[-106.558,35.324],[-106.635,35.371],[-106.718,35.322],[-106.862,35.357],[-106.856,35.293],[-106.973,35.286],[-106.981,35.26]]]},"properties":{"STATE":"35","GEOID":"3501","NAME":"Congressional District 1"}},{"type":"Feature","geometry":{"type":"Polygon","coordinates":[[[-109.05,31.528],[-109.05,31.332],[-108.208,31.333],[-108.208,31.784],[-106.528,31.784],[-106.636,31.866],[-106.618,32],[-103.065,32],[-103.065,32.727],[-103.111,32.737],[-103.124,32.697],[-103.351,32.697],[-103.351,32.769],[-103.814,32.77],[-103.815,32.965],[-104.108,32.965],[-104.15,32.8],[-104.32,32.76],[-104.396,32.784],[-104.413,32.828],[-104.413,32.785],[-104.531,32.756],[-104.518,32.787],[-104.631,32.828],[-104.593,32.843],[-104.551,32.964],[-104.905,32.963],[-104.905,33.139],[-105.317,33.132],[-105.316,33.003],[-105.419,32.992],[-105.694,33.117],[-105.749,33.229],[-105.93,33.218],[-105.932,33.39],[-106.372,33.391],[-106.374,33.661],[-106.053,33.65],[-106.053,33.826],[-105.925,33.826],[-105.925,34.217],[-105.926,34.26],[-106.416,34.26],[-106.417,34.44],[-106.565,34.474],[-106.726,34.639],[-106.715,34.658],[-106.745,34.66],[-106.72,34.872],[-106.684,34.871],[-106.668,34.811],[-106.465,34.811],[-106.464,34.87],[-106.412,34.87],[-106.38,34.947],[-106.664,34.947],[-106.629,35.045],[-106.727,35.124],[-106.68,35.194],[-106.728,35.192],[-106.723,35.216],[-107.197,35.219],[-107.239,35.306],[-107.629,35.304],[-107.628,35.348],[-107.734,35.348],[-107.734,35.305],[-108.522,35.3],[-108.54,35.122],[-108.706,35.112],[-108.741,35.057],[-108.826,35.075],[-108.807,35.119],[-108.856,35.106],[-108.848,35.177],[-109.046,35.176],[-109.05,31.528]]]},"properties":{"STATE":"35","GEOID":"3502","NAME":"Congressional District 2"}},{"type":"Feature","geometry":{"type":"Polygon","coordinates":[[[-82.709,27.959],[-82.652,27.886],[-82.68,27.837],[-82.672,27.645],[-82.514,27.651],[-82.385,27.78],[-82.385,27.864],[-82.347,27.864],[-82.351,28.012],[-82.542,28.061],[-82.536,28.173],[-82.651,28.173],[-82.649,27.966],[-82.709,27.959]]]},"properties":{"STATE":"12","GEOID":"1214","NAME":"Congressional District 14"}},{"type":"Feature","geometry":{"type":"Polygon","coordinates":[[[-80.886,26.959],[-80.58,26.958],[-80.58,26.929],[-80.386,26.769],[-80.363,26.71],[-80.309,26.707],[-80.3,26.745],[-80.1,26.707],[-80.132,26.796],[-80.092,26.77],[-80.085,26.808],[-80.043,26.804],[-80.049,26.769],[-79.975,26.773],[-80.039,27.03],[-80.264,27.557],[-80.68,27.559],[-80.677,27.122],[-80.886,26.959]]]},"properties":{"STATE":"12","GEOID":"1221","NAME":"Congressional District 21"}},{"type":"Feature","geometry":{"type":"Polygon","coordinates":[[[-122.437,47.334],[-122.335,47.257],[-122.229,47.258],[-122.179,47.33],[-122.176,47.43],[-122.124,47.437],[-122.164,47.478],[-122.122,47.474],[-122.149,47.503],[-122.101,47.545],[-122.097,47.602],[-122.324,47.609],[-122.292,47.489],[-122.33,47.404],[-122.365,47.409],[-122.351,47.378],[-122.437,47.334]]]},"properties":{"STATE":"53","GEOID":"5309","NAME":"Congressional District 9"}},{"type":"Feature","geometry":{"type":"Polygon","coordinates":[[[-75.166,39.944],[-74.976,40.048],[-74.965,40.118],[-75.015,40.138],[-75.109,40.046],[-75.139,40.063],[-75.166,39.944]]]},"properties":{"STATE":"42","GEOID":"4202","NAME":"Congressional District 2"}},{"type":"Feature","geometry":{"type":"Polygon","coordinates":[[[-92.909,36.809],[-92.765,36.806],[-92.772,36.498],[-90.152,36.498],[-90.139,36.414],[-90.064,36.384],[-90.064,36.303],[-90.32,36.09],[-90.378,35.996],[-89.707,36.001],[-89.679,36.085],[-89.592,36.142],[-89.702,36.246],[-89.535,36.253],[-89.62,36.323],[-89.532,36.339],[-89.51,36.374],[-89.567,36.565],[-89.48,36.569],[-89.494,36.474],[-89.464,36.458],[-89.366,36.625],[-89.325,36.631],[-89.263,36.566],[-89.219,36.575],[-89.159,36.666],[-89.198,36.74],[-89.117,36.766],[-89.179,36.83],[-89.138,36.847],[-89.099,36.958],[-89.123,36.983],[-89.185,36.974],[-89.255,37.072],[-89.308,37.068],[-89.26,37.023],[-89.279,36.989],[-89.384,37.046],[-89.377,37.091],[-89.456,37.188],[-89.459,37.249],[-89.518,37.285],[-89.421,37.388],[-89.517,37.537],[-89.52,37.583],[-89.476,37.593],[-89.518,37.641],[-89.516,37.693],[-89.663,37.75],[-89.67,37.8],[-89.843,37.905],[-89.939,37.874],[-89.975,37.927],[-89.925,37.96],[-90,37.965],[-90.241,38.11],[-90.364,38.236],[-90.336,38.454],[-90.411,38.453],[-90.405,38.501],[-90.513,38.501],[-90.519,38.156],[-90.492,38.139],[-90.533,38.145],[-90.538,38.108],[-90.64,38.077],[-90.645,37.735],[-91.147,37.741],[-91.147,37.697],[-91.311,37.7],[-91.308,37.787],[-91.529,37.789],[-91.525,38.152],[-91.631,38.154],[-91.632,38.051],[-91.952,38.041],[-91.966,38.01],[-92.021,38.011],[-92.029,37.603],[-92.249,37.605],[-92.252,37.473],[-92.687,37.482],[-92.686,37.067],[-92.903,37.071],[-92.909,36.809]]]},"properties":{"STATE":"29","GEOID":"2908","NAME":"Congressional District 8"}}]}